timestamp,transaction_id,amount,failure_reason,recovery_probability,action,policy_status,decision_reason,execution_success,execution_message,verification_status,recovered_amount,ground_truth_recovery,original_retry_count
2026-09-03T23:13:29.439703,TX00002,8565.52,BANK_DECLINE,0.2683,ESCALATE,BLOCKED,Automated recovery blocked because maximum retry limit of 2 has been reached.,True,Transaction escalated to merchant.,ESCALATED,0.0,False,2
2026-09-03T23:13:29.459020,TX00008,1806.46,INSUFFICIENT_FUNDS,0.231,ESCALATE,BLOCKED,Automated recovery blocked because maximum retry limit of 2 has been reached.,True,Transaction escalated to merchant.,ESCALATED,0.0,False,2
2026-09-03T23:13:29.512554,TX00011,14644.59,FRAUD_SUSPECTED,0.0944,ESCALATE,BLOCKED,Automated recovery blocked because fraud was suspected.,True,Transaction escalated to merchant.,ESCALATED,0.0,False,0
2026-09-03T23:13:29.526720,TX00013,10730.32,INSUFFICIENT_FUNDS,0.1658,ESCALATE,BLOCKED,Automated recovery blocked because maximum retry limit of 2 has been reached.,True,Transaction escalated to merchant.,ESCALATED,0.0,False,2
2026-09-03T23:13:29.538720,TX00018,887.13,TIMEOUT,0.8394,RETRY_PAYMENT,ALLOWED,Timeout with 83.94% predicted recovery probability. Automatic retry is permitted.,True,Payment retry succeeded.,SUCCESS,887.13,True,0
2026-09-03T23:13:29.546719,TX00025,429.41,TIMEOUT,0.8401,RETRY_PAYMENT,ALLOWED,Timeout with 84.01% predicted recovery probability. Automatic retry is permitted.,True,Payment retry succeeded.,SUCCESS,429.41,True,0
2026-09-03T23:13:29.555720,TX00026,10333.51,TIMEOUT,0.824,RETRY_PAYMENT,ALLOWED,Timeout with 82.40% predicted recovery probability. Automatic retry is permitted.,True,Payment retry succeeded.,SUCCESS,10333.51,True,0
2026-09-03T23:13:29.568221,TX00030,11667.78,NETWORK_ERROR,0.8323,RETRY_PAYMENT,ALLOWED,Network failure with 83.23% predicted recovery probability. Automatic retry is permitted.,True,Payment retry succeeded.,SUCCESS,11667.78,True,0
2026-09-03T23:13:29.577221,TX00031,12584.28,BANK_DECLINE,0.2044,ESCALATE,BLOCKED,Automated recovery blocked because maximum retry limit of 2 has been reached.,True,Transaction escalated to merchant.,ESCALATED,0.0,False,2
2026-09-03T23:13:29.585322,TX00039,1860.19,INSUFFICIENT_FUNDS,0.2308,ESCALATE,BLOCKED,Automated recovery blocked because maximum retry limit of 2 has been reached.,True,Transaction escalated to merchant.,ESCALATED,0.0,False,2
2026-09-03T23:13:29.593409,TX00043,14490.87,INSUFFICIENT_FUNDS,0.2568,ESCALATE,ALLOWED,Insufficient funds detected. Automated collection is intentionally avoided and the transaction is escalated.,True,Transaction escalated to merchant.,ESCALATED,0.0,True,1
2026-09-03T23:13:29.602393,TX00049,12828.09,INSUFFICIENT_FUNDS,0.1982,ESCALATE,BLOCKED,Automated recovery blocked because maximum retry limit of 2 has been reached.,True,Transaction escalated to merchant.,ESCALATED,0.0,False,2
2026-09-03T23:13:29.612950,TX00051,5549.93,INSUFFICIENT_FUNDS,0.4011,ESCALATE,ALLOWED,Insufficient funds detected. Automated collection is intentionally avoided and the transaction is escalated.,True,Transaction escalated to merchant.,ESCALATED,0.0,True,0
2026-09-03T23:13:29.624955,TX00054,2779.0,NETWORK_ERROR,0.8513,RETRY_PAYMENT,ALLOWED,Network failure with 85.13% predicted recovery probability. Automatic retry is permitted.,True,Payment retry succeeded.,SUCCESS,2779.0,True,0
2026-09-03T23:13:29.633949,TX00073,5063.85,FRAUD_SUSPECTED,0.032,ESCALATE,BLOCKED,Automated recovery blocked because fraud was suspected.,True,Transaction escalated to merchant.,ESCALATED,0.0,False,2
2026-09-03T23:13:29.643041,TX00077,5371.98,BANK_DECLINE,0.2756,ESCALATE,BLOCKED,Automated recovery blocked because maximum retry limit of 2 has been reached.,True,Transaction escalated to merchant.,ESCALATED,0.0,False,2
2026-09-03T23:13:29.655937,TX00084,2458.92,TIMEOUT,0.8369,RETRY_PAYMENT,ALLOWED,Timeout with 83.69% predicted recovery probability. Automatic retry is permitted.,True,Payment retry succeeded.,SUCCESS,2458.92,True,0
2026-09-03T23:13:29.664944,TX00085,13214.08,INSUFFICIENT_FUNDS,0.2597,ESCALATE,ALLOWED,Insufficient funds detected. Automated collection is intentionally avoided and the transaction is escalated.,True,Transaction escalated to merchant.,ESCALATED,0.0,True,1
2026-09-03T23:13:29.677035,TX00091,7714.09,EXPIRED_CARD,0.0671,ESCALATE,BLOCKED,Automated recovery blocked because maximum retry limit of 2 has been reached.,True,Transaction escalated to merchant.,ESCALATED,0.0,False,2
2026-09-03T23:13:29.689940,TX00103,6310.02,NETWORK_ERROR,0.6247,ESCALATE,BLOCKED,Automated recovery blocked because maximum retry limit of 2 has been reached.,True,Transaction escalated to merchant.,ESCALATED,0.0,True,2
2026-09-03T23:13:29.697042,TX00108,9991.46,NETWORK_ERROR,0.5556,ESCALATE,BLOCKED,Automated recovery blocked because maximum retry limit of 2 has been reached.,True,Transaction escalated to merchant.,ESCALATED,0.0,True,2
2026-09-03T23:13:29.708480,TX00110,2662.85,BANK_DECLINE,0.5718,CREATE_PAYMENT_LINK,ALLOWED,Bank decline with 57.18% predicted recovery probability. A payment link provides an alternative payment path without blindly retrying the decline.,True,Payment link created successfully. Transaction escalated to merchant.,ESCALATED,0.0,False,0
2026-09-03T23:13:29.719526,TX00114,12357.36,BANK_DECLINE,0.5366,CREATE_PAYMENT_LINK,ALLOWED,Bank decline with 53.66% predicted recovery probability. A payment link provides an alternative payment path without blindly retrying the decline.,True,Payment link created successfully. Transaction escalated to merchant.,ESCALATED,0.0,False,0
2026-09-03T23:13:29.728539,TX00121,5417.0,EXPIRED_CARD,0.2495,ESCALATE,ALLOWED,Expired card detected. The payment method must be updated before recovery.,True,Transaction escalated to merchant.,ESCALATED,0.0,True,0
2026-09-03T23:13:29.737527,TX00124,14363.63,BANK_DECLINE,0.2609,ESCALATE,BLOCKED,Automated recovery blocked because maximum retry limit of 2 has been reached.,True,Transaction escalated to merchant.,ESCALATED,0.0,False,2
2026-09-03T23:13:29.745626,TX00128,10250.62,EXPIRED_CARD,0.1425,ESCALATE,ALLOWED,Expired card detected. The payment method must be updated before recovery.,True,Transaction escalated to merchant.,ESCALATED,0.0,False,1
2026-09-03T23:13:29.757540,TX00129,3949.39,TIMEOUT,0.5973,ESCALATE,BLOCKED,Automated recovery blocked because maximum retry limit of 2 has been reached.,True,Transaction escalated to merchant.,ESCALATED,0.0,True,2
2026-09-03T23:13:29.765528,TX00134,2593.13,NETWORK_ERROR,0.8633,RETRY_PAYMENT,ALLOWED,Network failure with 86.33% predicted recovery probability. Automatic retry is permitted.,True,Payment retry succeeded.,SUCCESS,2593.13,True,0
2026-09-03T23:13:29.774628,TX00137,13070.9,NETWORK_ERROR,0.606,ESCALATE,BLOCKED,Automated recovery blocked because maximum retry limit of 2 has been reached.,True,Transaction escalated to merchant.,ESCALATED,0.0,True,2
2026-09-03T23:13:29.785653,TX00149,11156.57,EXPIRED_CARD,0.2372,ESCALATE,ALLOWED,Expired card detected. The payment method must be updated before recovery.,True,Transaction escalated to merchant.,ESCALATED,0.0,True,0
2026-09-03T23:13:29.794732,TX00159,5901.74,BANK_DECLINE,0.5553,CREATE_PAYMENT_LINK,ALLOWED,Bank decline with 55.53% predicted recovery probability. A payment link provides an alternative payment path without blindly retrying the decline.,True,Payment link created successfully. Transaction escalated to merchant.,ESCALATED,0.0,False,0
2026-09-03T23:13:29.805255,TX00162,10743.37,BANK_DECLINE,0.3937,ESCALATE,ALLOWED,Bank decline with 39.37% predicted recovery probability. Merchant/customer intervention is recommended.,True,Transaction escalated to merchant.,ESCALATED,0.0,False,1
2026-09-03T23:13:29.813280,TX00172,5080.46,BANK_DECLINE,0.2684,ESCALATE,BLOCKED,Automated recovery blocked because maximum retry limit of 2 has been reached.,True,Transaction escalated to merchant.,ESCALATED,0.0,False,2
2026-09-03T23:13:29.822359,TX00173,8227.53,BANK_DECLINE,0.269,ESCALATE,BLOCKED,Automated recovery blocked because maximum retry limit of 2 has been reached.,True,Transaction escalated to merchant.,ESCALATED,0.0,False,2
2026-09-03T23:13:29.830295,TX00177,12764.81,TIMEOUT,0.5795,ESCALATE,BLOCKED,Automated recovery blocked because maximum retry limit of 2 has been reached.,True,Transaction escalated to merchant.,ESCALATED,0.0,False,2
2026-09-03T23:13:29.839270,TX00192,5154.66,INSUFFICIENT_FUNDS,0.4023,ESCALATE,ALLOWED,Insufficient funds detected. Automated collection is intentionally avoided and the transaction is escalated.,True,Transaction escalated to merchant.,ESCALATED,0.0,False,0
2026-09-03T23:13:29.846364,TX00196,3227.94,INSUFFICIENT_FUNDS,0.2333,ESCALATE,BLOCKED,Automated recovery blocked because maximum retry limit of 2 has been reached.,True,Transaction escalated to merchant.,ESCALATED,0.0,True,2
2026-09-03T23:13:29.856269,TX00197,14062.36,BANK_DECLINE,0.5292,CREATE_PAYMENT_LINK,ALLOWED,Bank decline with 52.92% predicted recovery probability. A payment link provides an alternative payment path without blindly retrying the decline.,True,Payment link created successfully.,SUCCESS,14062.36,True,0
2026-09-03T23:13:29.866268,TX00199,3501.49,NETWORK_ERROR,0.7576,RETRY_PAYMENT,ALLOWED,Network failure with 75.76% predicted recovery probability. Automatic retry is permitted.,True,Payment retry succeeded.,SUCCESS,3501.49,True,1
2026-09-03T23:13:29.875269,TX00206,11891.86,TIMEOUT,0.7167,RETRY_PAYMENT,ALLOWED,Timeout with 71.67% predicted recovery probability. Automatic retry is permitted.,True,Payment retry succeeded.,SUCCESS,11891.86,True,1
2026-09-03T23:13:29.928802,TX00214,11707.44,TIMEOUT,0.8173,RETRY_PAYMENT,ALLOWED,Timeout with 81.73% predicted recovery probability. Automatic retry is permitted.,True,Payment retry succeeded.,SUCCESS,11707.44,True,0
2026-09-03T23:13:29.946162,TX00222,9939.52,EXPIRED_CARD,0.2397,ESCALATE,ALLOWED,Expired card detected. The payment method must be updated before recovery.,True,Transaction escalated to merchant.,ESCALATED,0.0,False,0
2026-09-03T23:13:29.956266,TX00224,12407.55,BANK_DECLINE,0.2047,ESCALATE,BLOCKED,Automated recovery blocked because maximum retry limit of 2 has been reached.,True,Transaction escalated to merchant.,ESCALATED,0.0,False,2
2026-09-03T23:13:29.964167,TX00225,1727.65,NETWORK_ERROR,0.7541,RETRY_PAYMENT,ALLOWED,Network failure with 75.41% predicted recovery probability. Automatic retry is permitted.,True,Payment retry succeeded.,SUCCESS,1727.65,True,1
2026-09-03T23:13:29.973265,TX00233,8578.23,TIMEOUT,0.5914,ESCALATE,BLOCKED,Automated recovery blocked because maximum retry limit of 2 has been reached.,True,Transaction escalated to merchant.,ESCALATED,0.0,True,2
2026-09-03T23:13:29.981167,TX00242,11093.71,TIMEOUT,0.6454,CREATE_PAYMENT_LINK,ALLOWED,Timeout with 64.54% predicted recovery probability. A payment link provides a safer recovery path.,True,Payment link created successfully. Transaction escalated to merchant.,ESCALATED,0.0,False,1
2026-09-03T23:13:29.990164,TX00262,9460.78,NETWORK_ERROR,0.8498,RETRY_PAYMENT,ALLOWED,Network failure with 84.98% predicted recovery probability. Automatic retry is permitted.,True,Payment retry succeeded.,SUCCESS,9460.78,True,0
2026-09-03T23:13:29.997186,TX00263,1951.86,NETWORK_ERROR,0.6365,ESCALATE,BLOCKED,Automated recovery blocked because maximum retry limit of 2 has been reached.,True,Transaction escalated to merchant.,ESCALATED,0.0,False,2
2026-09-03T23:13:30.006772,TX00267,14886.84,INSUFFICIENT_FUNDS,0.4435,ESCALATE,ALLOWED,Insufficient funds detected. Automated collection is intentionally avoided and the transaction is escalated.,True,Transaction escalated to merchant.,ESCALATED,0.0,False,0
2026-09-03T23:13:30.014668,TX00271,13004.95,TIMEOUT,0.5554,ESCALATE,BLOCKED,Automated recovery blocked because maximum retry limit of 2 has been reached.,True,Transaction escalated to merchant.,ESCALATED,0.0,False,2
2026-09-03T23:13:30.023668,TX00272,13586.92,EXPIRED_CARD,0.0861,ESCALATE,BLOCKED,Automated recovery blocked because maximum retry limit of 2 has been reached.,True,Transaction escalated to merchant.,ESCALATED,0.0,False,2
2026-09-03T23:13:30.033669,TX00286,14643.92,INSUFFICIENT_FUNDS,0.1949,ESCALATE,BLOCKED,Automated recovery blocked because maximum retry limit of 2 has been reached.,True,Transaction escalated to merchant.,ESCALATED,0.0,False,2
2026-09-03T23:13:30.043669,TX00287,2040.29,EXPIRED_CARD,0.2025,ESCALATE,ALLOWED,Expired card detected. The payment method must be updated before recovery.,True,Transaction escalated to merchant.,ESCALATED,0.0,False,0
2026-09-03T23:13:30.053684,TX00291,9369.11,BANK_DECLINE,0.5428,CREATE_PAYMENT_LINK,ALLOWED,Bank decline with 54.28% predicted recovery probability. A payment link provides an alternative payment path without blindly retrying the decline.,True,Payment link created successfully.,SUCCESS,9369.11,True,0
2026-09-03T23:13:30.061677,TX00293,10766.68,NETWORK_ERROR,0.734,RETRY_PAYMENT,ALLOWED,Network failure with 73.40% predicted recovery probability. Automatic retry is permitted.,True,Payment retry succeeded.,SUCCESS,10766.68,True,1
2026-09-03T23:13:30.070769,TX00295,3571.55,FRAUD_SUSPECTED,0.1061,ESCALATE,BLOCKED,Automated recovery blocked because fraud was suspected.,True,Transaction escalated to merchant.,ESCALATED,0.0,False,0
2026-09-03T23:13:30.079667,TX00296,7502.16,EXPIRED_CARD,0.245,ESCALATE,ALLOWED,Expired card detected. The payment method must be updated before recovery.,True,Transaction escalated to merchant.,ESCALATED,0.0,False,0
2026-09-03T23:13:30.088667,TX00297,10886.95,BANK_DECLINE,0.2687,ESCALATE,BLOCKED,Automated recovery blocked because maximum retry limit of 2 has been reached.,True,Transaction escalated to merchant.,ESCALATED,0.0,False,2
2026-09-03T23:13:30.096679,TX00299,923.51,BANK_DECLINE,0.3484,ESCALATE,ALLOWED,Bank decline with 34.84% predicted recovery probability. Merchant/customer intervention is recommended.,True,Transaction escalated to merchant.,ESCALATED,0.0,True,1
2026-09-03T23:13:30.106490,TX00305,10532.88,TIMEOUT,0.7139,RETRY_PAYMENT,ALLOWED,Timeout with 71.39% predicted recovery probability. Automatic retry is permitted.,True,Payment retry succeeded.,SUCCESS,10532.88,True,1
2026-09-03T23:13:30.115393,TX00309,1554.01,TIMEOUT,0.5881,ESCALATE,BLOCKED,Automated recovery blocked because maximum retry limit of 2 has been reached.,True,Transaction escalated to merchant.,ESCALATED,0.0,True,2
2026-09-03T23:13:30.124399,TX00312,1054.26,TIMEOUT,0.736,RETRY_PAYMENT,ALLOWED,Timeout with 73.60% predicted recovery probability. Automatic retry is permitted.,True,Payment retry succeeded.,SUCCESS,1054.26,True,1
2026-09-03T23:13:30.133491,TX00313,351.93,TIMEOUT,0.7375,RETRY_PAYMENT,ALLOWED,Timeout with 73.75% predicted recovery probability. Automatic retry is permitted.,True,Payment retry succeeded.,SUCCESS,351.93,True,1
2026-09-03T23:13:30.141396,TX00319,12618.81,TIMEOUT,0.7575,RETRY_PAYMENT,ALLOWED,Timeout with 75.75% predicted recovery probability. Automatic retry is permitted.,True,Payment retry succeeded.,SUCCESS,12618.81,True,0
2026-09-03T23:13:30.152395,TX00337,4039.94,TIMEOUT,0.5945,ESCALATE,BLOCKED,Automated recovery blocked because maximum retry limit of 2 has been reached.,True,Transaction escalated to merchant.,ESCALATED,0.0,False,2
2026-09-03T23:13:30.160396,TX00340,7342.89,INSUFFICIENT_FUNDS,0.2197,ESCALATE,BLOCKED,Automated recovery blocked because maximum retry limit of 2 has been reached.,True,Transaction escalated to merchant.,ESCALATED,0.0,True,2
2026-09-03T23:13:30.169488,TX00348,11347.64,EXPIRED_CARD,0.0859,ESCALATE,BLOCKED,Automated recovery blocked because maximum retry limit of 2 has been reached.,True,Transaction escalated to merchant.,ESCALATED,0.0,False,2
2026-09-03T23:13:30.178428,TX00353,11066.88,TIMEOUT,0.7187,RETRY_PAYMENT,ALLOWED,Timeout with 71.87% predicted recovery probability. Automatic retry is permitted.,False,Payment retry failed. Transaction escalated to merchant.,ESCALATED,0.0,False,1
2026-09-03T23:13:30.187466,TX00354,10247.74,NETWORK_ERROR,0.8046,RETRY_PAYMENT,ALLOWED,Network failure with 80.46% predicted recovery probability. Automatic retry is permitted.,True,Payment retry succeeded.,SUCCESS,10247.74,True,0
2026-09-03T23:13:30.195502,TX00358,9691.11,TIMEOUT,0.8208,RETRY_PAYMENT,ALLOWED,Timeout with 82.08% predicted recovery probability. Automatic retry is permitted.,True,Payment retry succeeded.,SUCCESS,9691.11,True,0
2026-09-03T23:13:30.204502,TX00362,4464.04,NETWORK_ERROR,0.7727,RETRY_PAYMENT,ALLOWED,Network failure with 77.27% predicted recovery probability. Automatic retry is permitted.,True,Payment retry succeeded.,SUCCESS,4464.04,True,1
2026-09-03T23:13:30.213035,TX00368,11537.1,NETWORK_ERROR,0.5512,ESCALATE,BLOCKED,Automated recovery blocked because maximum retry limit of 2 has been reached.,True,Transaction escalated to merchant.,ESCALATED,0.0,True,2
2026-09-03T23:13:30.222036,TX00372,5073.99,NETWORK_ERROR,0.7542,RETRY_PAYMENT,ALLOWED,Network failure with 75.42% predicted recovery probability. Automatic retry is permitted.,True,Payment retry succeeded.,SUCCESS,5073.99,True,1
2026-09-03T23:13:30.232551,TX00380,1445.05,INSUFFICIENT_FUNDS,0.2869,ESCALATE,ALLOWED,Insufficient funds detected. Automated collection is intentionally avoided and the transaction is escalated.,True,Transaction escalated to merchant.,ESCALATED,0.0,False,1
2026-09-03T23:13:30.243640,TX00389,10851.53,TIMEOUT,0.7684,RETRY_PAYMENT,ALLOWED,Timeout with 76.84% predicted recovery probability. Automatic retry is permitted.,True,Payment retry succeeded.,SUCCESS,10851.53,True,0
2026-09-03T23:13:30.255542,TX00390,12831.83,TIMEOUT,0.5559,ESCALATE,BLOCKED,Automated recovery blocked because maximum retry limit of 2 has been reached.,True,Transaction escalated to merchant.,ESCALATED,0.0,True,2
2026-09-03T23:13:30.267571,TX00391,1912.57,EXPIRED_CARD,0.2027,ESCALATE,ALLOWED,Expired card detected. The payment method must be updated before recovery.,True,Transaction escalated to merchant.,ESCALATED,0.0,False,0
2026-09-03T23:13:30.278550,TX00393,7280.61,BANK_DECLINE,0.4105,ESCALATE,ALLOWED,Bank decline with 41.05% predicted recovery probability. Merchant/customer intervention is recommended.,True,Transaction escalated to merchant.,ESCALATED,0.0,True,1
2026-09-03T23:13:30.289547,TX00396,1544.55,EXPIRED_CARD,0.1647,ESCALATE,ALLOWED,Expired card detected. The payment method must be updated before recovery.,True,Transaction escalated to merchant.,ESCALATED,0.0,False,1
2026-09-03T23:13:30.300571,TX00406,1447.8,BANK_DECLINE,0.2263,ESCALATE,BLOCKED,Automated recovery blocked because maximum retry limit of 2 has been reached.,True,Transaction escalated to merchant.,ESCALATED,0.0,True,2
2026-09-03T23:13:30.308106,TX00407,7192.37,EXPIRED_CARD,0.0845,ESCALATE,BLOCKED,Automated recovery blocked because maximum retry limit of 2 has been reached.,True,Transaction escalated to merchant.,ESCALATED,0.0,False,2
2026-09-03T23:13:30.317200,TX00416,4140.41,NETWORK_ERROR,0.8155,RETRY_PAYMENT,ALLOWED,Network failure with 81.55% predicted recovery probability. Automatic retry is permitted.,False,Payment retry failed. Transaction escalated to merchant.,ESCALATED,0.0,False,0
2026-09-03T23:13:30.327104,TX00418,11365.59,INSUFFICIENT_FUNDS,0.4602,ESCALATE,ALLOWED,Insufficient funds detected. Automated collection is intentionally avoided and the transaction is escalated.,True,Transaction escalated to merchant.,ESCALATED,0.0,False,0
2026-09-03T23:13:30.337093,TX00420,2005.12,BANK_DECLINE,0.4183,ESCALATE,ALLOWED,Bank decline with 41.83% predicted recovery probability. Merchant/customer intervention is recommended.,True,Transaction escalated to merchant.,ESCALATED,0.0,False,1
2026-09-03T23:13:30.345211,TX00423,6897.66,TIMEOUT,0.5127,ESCALATE,BLOCKED,Automated recovery blocked because maximum retry limit of 2 has been reached.,True,Transaction escalated to merchant.,ESCALATED,0.0,True,2
2026-09-03T23:13:30.356233,TX00436,13471.22,NETWORK_ERROR,0.7537,RETRY_PAYMENT,ALLOWED,Network failure with 75.37% predicted recovery probability. Automatic retry is permitted.,False,Payment retry failed. Transaction escalated to merchant.,ESCALATED,0.0,False,1
2026-09-03T23:13:30.369536,TX00437,4362.84,INSUFFICIENT_FUNDS,0.2188,ESCALATE,BLOCKED,Automated recovery blocked because maximum retry limit of 2 has been reached.,True,Transaction escalated to merchant.,ESCALATED,0.0,False,2
2026-09-03T23:13:30.377550,TX00439,4096.11,TIMEOUT,0.655,CREATE_PAYMENT_LINK,ALLOWED,Timeout with 65.50% predicted recovery probability. A payment link provides a safer recovery path.,True,Payment link created successfully. Transaction escalated to merchant.,ESCALATED,0.0,False,1
2026-09-03T23:13:30.431421,TX00449,12324.26,NETWORK_ERROR,0.5489,ESCALATE,BLOCKED,Automated recovery blocked because maximum retry limit of 2 has been reached.,True,Transaction escalated to merchant.,ESCALATED,0.0,True,2
2026-09-03T23:13:30.441425,TX00459,541.35,NETWORK_ERROR,0.6553,ESCALATE,BLOCKED,Automated recovery blocked because maximum retry limit of 2 has been reached.,True,Transaction escalated to merchant.,ESCALATED,0.0,True,2
2026-09-03T23:13:30.458164,TX00460,7038.04,EXPIRED_CARD,0.0924,ESCALATE,BLOCKED,Automated recovery blocked because maximum retry limit of 2 has been reached.,True,Transaction escalated to merchant.,ESCALATED,0.0,False,2
2026-09-03T23:13:30.467184,TX00464,1730.2,NETWORK_ERROR,0.6279,ESCALATE,BLOCKED,Automated recovery blocked because maximum retry limit of 2 has been reached.,True,Transaction escalated to merchant.,ESCALATED,0.0,False,2
2026-09-03T23:13:30.475170,TX00481,9398.14,INSUFFICIENT_FUNDS,0.1679,ESCALATE,BLOCKED,Automated recovery blocked because maximum retry limit of 2 has been reached.,True,Transaction escalated to merchant.,ESCALATED,0.0,False,2
2026-09-03T23:13:30.484163,TX00483,14538.04,BANK_DECLINE,0.5139,CREATE_PAYMENT_LINK,ALLOWED,Bank decline with 51.39% predicted recovery probability. A payment link provides an alternative payment path without blindly retrying the decline.,True,Payment link created successfully.,SUCCESS,14538.04,True,0
2026-09-03T23:13:30.492193,TX00486,2885.55,NETWORK_ERROR,0.576,ESCALATE,BLOCKED,Automated recovery blocked because maximum retry limit of 2 has been reached.,True,Transaction escalated to merchant.,ESCALATED,0.0,False,2
2026-09-03T23:13:30.501193,TX00488,3681.93,TIMEOUT,0.7761,RETRY_PAYMENT,ALLOWED,Timeout with 77.61% predicted recovery probability. Automatic retry is permitted.,True,Payment retry succeeded.,SUCCESS,3681.93,True,0
2026-09-03T23:13:30.508726,TX00490,2430.64,BANK_DECLINE,0.5653,CREATE_PAYMENT_LINK,ALLOWED,Bank decline with 56.53% predicted recovery probability. A payment link provides an alternative payment path without blindly retrying the decline.,True,Payment link created successfully.,SUCCESS,2430.64,True,0
2026-09-03T23:13:30.517722,TX00493,7041.11,INSUFFICIENT_FUNDS,0.4827,ESCALATE,ALLOWED,Insufficient funds detected. Automated collection is intentionally avoided and the transaction is escalated.,True,Transaction escalated to merchant.,ESCALATED,0.0,False,0
2026-09-03T23:13:30.525721,TX00494,9289.46,BANK_DECLINE,0.2539,ESCALATE,BLOCKED,Automated recovery blocked because maximum retry limit of 2 has been reached.,True,Transaction escalated to merchant.,ESCALATED,0.0,True,2
2026-09-03T23:13:30.535751,TX00498,14209.91,BANK_DECLINE,0.5148,CREATE_PAYMENT_LINK,ALLOWED,Bank decline with 51.48% predicted recovery probability. A payment link provides an alternative payment path without blindly retrying the decline.,True,Payment link created successfully.,SUCCESS,14209.91,True,0
2026-09-03T23:13:30.544723,TX00506,6258.8,EXPIRED_CARD,0.0907,ESCALATE,BLOCKED,Automated recovery blocked because maximum retry limit of 2 has been reached.,True,Transaction escalated to merchant.,ESCALATED,0.0,False,2
2026-09-03T23:13:30.558732,TX00511,10217.4,NETWORK_ERROR,0.7429,RETRY_PAYMENT,ALLOWED,Network failure with 74.29% predicted recovery probability. Automatic retry is permitted.,True,Payment retry succeeded.,SUCCESS,10217.4,True,1
2026-09-03T23:13:30.571723,TX00515,10631.8,INSUFFICIENT_FUNDS,0.4558,ESCALATE,ALLOWED,Insufficient funds detected. Automated collection is intentionally avoided and the transaction is escalated.,True,Transaction escalated to merchant.,ESCALATED,0.0,False,0
2026-09-03T23:13:30.586179,TX00519,12058.59,INSUFFICIENT_FUNDS,0.4655,ESCALATE,ALLOWED,Insufficient funds detected. Automated collection is intentionally avoided and the transaction is escalated.,True,Transaction escalated to merchant.,ESCALATED,0.0,False,0
2026-09-03T23:13:30.597207,TX00526,7938.42,TIMEOUT,0.7201,RETRY_PAYMENT,ALLOWED,Timeout with 72.01% predicted recovery probability. Automatic retry is permitted.,False,Payment retry failed. Transaction escalated to merchant.,ESCALATED,0.0,False,1
2026-09-03T23:13:30.608764,TX00527,8093.44,TIMEOUT,0.6534,CREATE_PAYMENT_LINK,ALLOWED,Timeout with 65.34% predicted recovery probability. A payment link provides a safer recovery path.,True,Payment link created successfully. Transaction escalated to merchant.,ESCALATED,0.0,False,1
2026-09-03T23:13:30.621764,TX00528,3633.69,FRAUD_SUSPECTED,0.1088,ESCALATE,BLOCKED,Automated recovery blocked because fraud was suspected.,True,Transaction escalated to merchant.,ESCALATED,0.0,False,0
2026-09-03T23:13:30.633768,TX00530,12638.18,EXPIRED_CARD,0.2341,ESCALATE,ALLOWED,Expired card detected. The payment method must be updated before recovery.,True,Transaction escalated to merchant.,ESCALATED,0.0,True,0
2026-09-03T23:13:30.643763,TX00538,14716.14,INSUFFICIENT_FUNDS,0.2053,ESCALATE,BLOCKED,Automated recovery blocked because maximum retry limit of 2 has been reached.,True,Transaction escalated to merchant.,ESCALATED,0.0,False,2
2026-09-03T23:13:30.653776,TX00542,8876.44,INSUFFICIENT_FUNDS,0.2695,ESCALATE,ALLOWED,Insufficient funds detected. Automated collection is intentionally avoided and the transaction is escalated.,True,Transaction escalated to merchant.,ESCALATED,0.0,True,1
2026-09-03T23:13:30.664771,TX00550,6530.33,TIMEOUT,0.574,ESCALATE,BLOCKED,Automated recovery blocked because maximum retry limit of 2 has been reached.,True,Transaction escalated to merchant.,ESCALATED,0.0,True,2
2026-09-03T23:13:30.673763,TX00551,8021.93,NETWORK_ERROR,0.62,ESCALATE,BLOCKED,Automated recovery blocked because maximum retry limit of 2 has been reached.,True,Transaction escalated to merchant.,ESCALATED,0.0,True,2
2026-09-03T23:13:30.682768,TX00552,6393.36,BANK_DECLINE,0.2712,ESCALATE,BLOCKED,Automated recovery blocked because maximum retry limit of 2 has been reached.,True,Transaction escalated to merchant.,ESCALATED,0.0,True,2
2026-09-03T23:13:30.690767,TX00558,9778.35,NETWORK_ERROR,0.7439,RETRY_PAYMENT,ALLOWED,Network failure with 74.39% predicted recovery probability. Automatic retry is permitted.,False,Payment retry failed. Transaction escalated to merchant.,ESCALATED,0.0,False,1
2026-09-03T23:13:30.699792,TX00563,5553.57,TIMEOUT,0.6511,CREATE_PAYMENT_LINK,ALLOWED,Timeout with 65.11% predicted recovery probability. A payment link provides a safer recovery path.,True,Payment link created successfully. Transaction escalated to merchant.,ESCALATED,0.0,False,1
2026-09-03T23:13:30.710336,TX00575,7348.92,INSUFFICIENT_FUNDS,0.4818,ESCALATE,ALLOWED,Insufficient funds detected. Automated collection is intentionally avoided and the transaction is escalated.,True,Transaction escalated to merchant.,ESCALATED,0.0,False,0
2026-09-03T23:13:30.722336,TX00579,6544.63,INSUFFICIENT_FUNDS,0.4079,ESCALATE,ALLOWED,Insufficient funds detected. Automated collection is intentionally avoided and the transaction is escalated.,True,Transaction escalated to merchant.,ESCALATED,0.0,False,0
2026-09-03T23:13:30.734338,TX00583,3319.4,NETWORK_ERROR,0.6547,ESCALATE,BLOCKED,Automated recovery blocked because maximum retry limit of 2 has been reached.,True,Transaction escalated to merchant.,ESCALATED,0.0,True,2
2026-09-03T23:13:30.744336,TX00584,14247.24,TIMEOUT,0.5518,ESCALATE,BLOCKED,Automated recovery blocked because maximum retry limit of 2 has been reached.,True,Transaction escalated to merchant.,ESCALATED,0.0,True,2
2026-09-03T23:13:30.757336,TX00603,2104.6,TIMEOUT,0.669,CREATE_PAYMENT_LINK,ALLOWED,Timeout with 66.90% predicted recovery probability. A payment link provides a safer recovery path.,True,Payment link created successfully. Transaction escalated to merchant.,ESCALATED,0.0,False,1
2026-09-03T23:13:30.768340,TX00615,2051.27,TIMEOUT,0.7259,RETRY_PAYMENT,ALLOWED,Timeout with 72.59% predicted recovery probability. Automatic retry is permitted.,True,Payment retry succeeded.,SUCCESS,2051.27,True,1
2026-09-03T23:13:30.780338,TX00621,9369.01,INSUFFICIENT_FUNDS,0.2607,ESCALATE,ALLOWED,Insufficient funds detected. Automated collection is intentionally avoided and the transaction is escalated.,True,Transaction escalated to merchant.,ESCALATED,0.0,True,1
2026-09-03T23:13:30.792353,TX00622,5428.49,BANK_DECLINE,0.2814,ESCALATE,BLOCKED,Automated recovery blocked because maximum retry limit of 2 has been reached.,True,Transaction escalated to merchant.,ESCALATED,0.0,True,2
2026-09-03T23:13:30.804355,TX00632,3265.85,EXPIRED_CARD,0.2419,ESCALATE,ALLOWED,Expired card detected. The payment method must be updated before recovery.,True,Transaction escalated to merchant.,ESCALATED,0.0,False,0
2026-09-03T23:13:30.816881,TX00640,9529.31,EXPIRED_CARD,0.0876,ESCALATE,BLOCKED,Automated recovery blocked because maximum retry limit of 2 has been reached.,True,Transaction escalated to merchant.,ESCALATED,0.0,False,2
2026-09-03T23:13:30.827882,TX00641,4238.66,BANK_DECLINE,0.2652,ESCALATE,BLOCKED,Automated recovery blocked because maximum retry limit of 2 has been reached.,True,Transaction escalated to merchant.,ESCALATED,0.0,False,2
2026-09-03T23:13:30.840881,TX00644,6330.83,EXPIRED_CARD,0.1945,ESCALATE,ALLOWED,Expired card detected. The payment method must be updated before recovery.,True,Transaction escalated to merchant.,ESCALATED,0.0,False,0
2026-09-03T23:13:30.852885,TX00651,11798.84,EXPIRED_CARD,0.1788,ESCALATE,ALLOWED,Expired card detected. The payment method must be updated before recovery.,True,Transaction escalated to merchant.,ESCALATED,0.0,False,0
2026-09-03T23:13:30.864882,TX00652,13482.57,INSUFFICIENT_FUNDS,0.4639,ESCALATE,ALLOWED,Insufficient funds detected. Automated collection is intentionally avoided and the transaction is escalated.,True,Transaction escalated to merchant.,ESCALATED,0.0,False,0
2026-09-03T23:13:30.876877,TX00662,14073.49,BANK_DECLINE,0.3145,ESCALATE,ALLOWED,Bank decline with 31.45% predicted recovery probability. Merchant/customer intervention is recommended.,True,Transaction escalated to merchant.,ESCALATED,0.0,True,1
2026-09-03T23:13:30.890879,TX00663,12669.65,INSUFFICIENT_FUNDS,0.4638,ESCALATE,ALLOWED,Insufficient funds detected. Automated collection is intentionally avoided and the transaction is escalated.,True,Transaction escalated to merchant.,ESCALATED,0.0,False,0
2026-09-03T23:13:30.901888,TX00665,10373.15,EXPIRED_CARD,0.1472,ESCALATE,ALLOWED,Expired card detected. The payment method must be updated before recovery.,True,Transaction escalated to merchant.,ESCALATED,0.0,False,1
2026-09-03T23:13:30.913420,TX00666,4056.35,FRAUD_SUSPECTED,0.096,ESCALATE,BLOCKED,Automated recovery blocked because fraud was suspected.,True,Transaction escalated to merchant.,ESCALATED,0.0,False,0
2026-09-03T23:13:30.923422,TX00679,2262.59,INSUFFICIENT_FUNDS,0.285,ESCALATE,ALLOWED,Insufficient funds detected. Automated collection is intentionally avoided and the transaction is escalated.,True,Transaction escalated to merchant.,ESCALATED,0.0,True,1
2026-09-03T23:13:30.932450,TX00682,9511.42,NETWORK_ERROR,0.7549,RETRY_PAYMENT,ALLOWED,Network failure with 75.49% predicted recovery probability. Automatic retry is permitted.,False,Payment retry failed. Transaction escalated to merchant.,ESCALATED,0.0,False,1
2026-09-03T23:13:30.942418,TX00684,2800.81,NETWORK_ERROR,0.6342,ESCALATE,BLOCKED,Automated recovery blocked because maximum retry limit of 2 has been reached.,True,Transaction escalated to merchant.,ESCALATED,0.0,False,2
2026-09-03T23:13:30.956419,TX00696,14108.03,EXPIRED_CARD,0.0626,ESCALATE,BLOCKED,Automated recovery blocked because maximum retry limit of 2 has been reached.,True,Transaction escalated to merchant.,ESCALATED,0.0,False,2
2026-09-03T23:13:30.968427,TX00703,4459.0,TIMEOUT,0.654,CREATE_PAYMENT_LINK,ALLOWED,Timeout with 65.40% predicted recovery probability. A payment link provides a safer recovery path.,True,Payment link created successfully.,SUCCESS,4459.0,True,1
2026-09-03T23:13:30.980423,TX00705,9964.07,TIMEOUT,0.8144,RETRY_PAYMENT,ALLOWED,Timeout with 81.44% predicted recovery probability. Automatic retry is permitted.,True,Payment retry succeeded.,SUCCESS,9964.07,True,0
2026-09-03T23:13:30.992438,TX00715,2093.27,BANK_DECLINE,0.4795,ESCALATE,ALLOWED,Bank decline with 47.95% predicted recovery probability. Merchant/customer intervention is recommended.,True,Transaction escalated to merchant.,ESCALATED,0.0,True,0
2026-09-03T23:13:31.005961,TX00719,13631.11,BANK_DECLINE,0.5165,CREATE_PAYMENT_LINK,ALLOWED,Bank decline with 51.65% predicted recovery probability. A payment link provides an alternative payment path without blindly retrying the decline.,True,Payment link created successfully. Transaction escalated to merchant.,ESCALATED,0.0,False,0
2026-09-03T23:13:31.018978,TX00724,2565.78,BANK_DECLINE,0.4167,ESCALATE,ALLOWED,Bank decline with 41.67% predicted recovery probability. Merchant/customer intervention is recommended.,True,Transaction escalated to merchant.,ESCALATED,0.0,False,1
2026-09-03T23:13:31.032973,TX00733,10359.41,EXPIRED_CARD,0.0652,ESCALATE,BLOCKED,Automated recovery blocked because maximum retry limit of 2 has been reached.,True,Transaction escalated to merchant.,ESCALATED,0.0,False,2
2026-09-03T23:13:31.039974,TX00738,965.3,EXPIRED_CARD,0.1528,ESCALATE,ALLOWED,Expired card detected. The payment method must be updated before recovery.,True,Transaction escalated to merchant.,ESCALATED,0.0,False,1
2026-09-03T23:13:31.048976,TX00741,4111.97,NETWORK_ERROR,0.6368,ESCALATE,BLOCKED,Automated recovery blocked because maximum retry limit of 2 has been reached.,True,Transaction escalated to merchant.,ESCALATED,0.0,True,2
2026-09-03T23:13:31.056969,TX00743,9147.75,TIMEOUT,0.5665,ESCALATE,BLOCKED,Automated recovery blocked because maximum retry limit of 2 has been reached.,True,Transaction escalated to merchant.,ESCALATED,0.0,True,2
2026-09-03T23:13:31.066973,TX00746,3375.67,NETWORK_ERROR,0.8622,RETRY_PAYMENT,ALLOWED,Network failure with 86.22% predicted recovery probability. Automatic retry is permitted.,True,Payment retry succeeded.,SUCCESS,3375.67,True,0
2026-09-03T23:13:31.074973,TX00749,14468.84,NETWORK_ERROR,0.7516,RETRY_PAYMENT,ALLOWED,Network failure with 75.16% predicted recovery probability. Automatic retry is permitted.,True,Payment retry succeeded.,SUCCESS,14468.84,True,1
2026-09-03T23:13:31.083972,TX00751,6647.28,EXPIRED_CARD,0.0927,ESCALATE,BLOCKED,Automated recovery blocked because maximum retry limit of 2 has been reached.,True,Transaction escalated to merchant.,ESCALATED,0.0,False,2
2026-09-03T23:13:31.091999,TX00762,9891.75,INSUFFICIENT_FUNDS,0.458,ESCALATE,ALLOWED,Insufficient funds detected. Automated collection is intentionally avoided and the transaction is escalated.,True,Transaction escalated to merchant.,ESCALATED,0.0,True,0
2026-09-03T23:13:31.102011,TX00767,13448.52,EXPIRED_CARD,0.1052,ESCALATE,ALLOWED,Expired card detected. The payment method must be updated before recovery.,True,Transaction escalated to merchant.,ESCALATED,0.0,False,1
2026-09-03T23:13:31.113873,TX00774,916.95,NETWORK_ERROR,0.8609,RETRY_PAYMENT,ALLOWED,Network failure with 86.09% predicted recovery probability. Automatic retry is permitted.,False,Payment retry failed. Transaction escalated to merchant.,ESCALATED,0.0,False,0
2026-09-03T23:13:31.122962,TX00778,396.84,EXPIRED_CARD,0.1247,ESCALATE,ALLOWED,Expired card detected. The payment method must be updated before recovery.,True,Transaction escalated to merchant.,ESCALATED,0.0,False,1
2026-09-03T23:13:31.131874,TX00783,6805.91,NETWORK_ERROR,0.5648,ESCALATE,BLOCKED,Automated recovery blocked because maximum retry limit of 2 has been reached.,True,Transaction escalated to merchant.,ESCALATED,0.0,True,2
2026-09-03T23:13:31.139870,TX00784,2715.57,TIMEOUT,0.823,RETRY_PAYMENT,ALLOWED,Timeout with 82.30% predicted recovery probability. Automatic retry is permitted.,True,Payment retry succeeded.,SUCCESS,2715.57,True,0
2026-09-03T23:13:31.147963,TX00786,14598.12,TIMEOUT,0.5743,ESCALATE,BLOCKED,Automated recovery blocked because maximum retry limit of 2 has been reached.,True,Transaction escalated to merchant.,ESCALATED,0.0,False,2
2026-09-03T23:13:31.156867,TX00789,13347.42,INSUFFICIENT_FUNDS,0.2079,ESCALATE,BLOCKED,Automated recovery blocked because maximum retry limit of 2 has been reached.,True,Transaction escalated to merchant.,ESCALATED,0.0,False,2
2026-09-03T23:13:31.164784,TX00790,11698.38,TIMEOUT,0.8217,RETRY_PAYMENT,ALLOWED,Timeout with 82.17% predicted recovery probability. Automatic retry is permitted.,True,Payment retry succeeded.,SUCCESS,11698.38,True,0
2026-09-03T23:13:31.172806,TX00791,7950.9,TIMEOUT,0.828,RETRY_PAYMENT,ALLOWED,Timeout with 82.80% predicted recovery probability. Automatic retry is permitted.,True,Payment retry succeeded.,SUCCESS,7950.9,True,0
2026-09-03T23:13:31.195823,TX00809,2421.89,BANK_DECLINE,0.4171,ESCALATE,ALLOWED,Bank decline with 41.71% predicted recovery probability. Merchant/customer intervention is recommended.,True,Transaction escalated to merchant.,ESCALATED,0.0,False,1
2026-09-03T23:13:31.217364,TX00814,4757.92,NETWORK_ERROR,0.8554,RETRY_PAYMENT,ALLOWED,Network failure with 85.54% predicted recovery probability. Automatic retry is permitted.,True,Payment retry succeeded.,SUCCESS,4757.92,True,0
2026-09-03T23:13:31.230366,TX00815,13369.14,NETWORK_ERROR,0.5459,ESCALATE,BLOCKED,Automated recovery blocked because maximum retry limit of 2 has been reached.,True,Transaction escalated to merchant.,ESCALATED,0.0,True,2
2026-09-03T23:13:31.238369,TX00816,6438.35,TIMEOUT,0.7102,RETRY_PAYMENT,ALLOWED,Timeout with 71.02% predicted recovery probability. Automatic retry is permitted.,False,Payment retry failed. Transaction escalated to merchant.,ESCALATED,0.0,False,1
2026-09-03T23:13:31.249362,TX00838,1062.61,INSUFFICIENT_FUNDS,0.2378,ESCALATE,BLOCKED,Automated recovery blocked because maximum retry limit of 2 has been reached.,True,Transaction escalated to merchant.,ESCALATED,0.0,False,2
2026-09-03T23:13:31.257363,TX00839,4258.53,BANK_DECLINE,0.396,ESCALATE,ALLOWED,Bank decline with 39.60% predicted recovery probability. Merchant/customer intervention is recommended.,True,Transaction escalated to merchant.,ESCALATED,0.0,True,1
2026-09-03T23:13:31.265361,TX00840,573.76,FRAUD_SUSPECTED,0.0359,ESCALATE,BLOCKED,Automated recovery blocked because fraud was suspected.,True,Transaction escalated to merchant.,ESCALATED,0.0,False,2
2026-09-03T23:13:31.272361,TX00845,14428.38,TIMEOUT,0.8023,RETRY_PAYMENT,ALLOWED,Timeout with 80.23% predicted recovery probability. Automatic retry is permitted.,False,Payment retry failed. Transaction escalated to merchant.,ESCALATED,0.0,False,0
2026-09-03T23:13:31.281364,TX00847,3427.49,BANK_DECLINE,0.4756,ESCALATE,ALLOWED,Bank decline with 47.56% predicted recovery probability. Merchant/customer intervention is recommended.,True,Transaction escalated to merchant.,ESCALATED,0.0,False,0
2026-09-03T23:13:31.289371,TX00863,5559.97,EXPIRED_CARD,0.0881,ESCALATE,BLOCKED,Automated recovery blocked because maximum retry limit of 2 has been reached.,True,Transaction escalated to merchant.,ESCALATED,0.0,False,2
2026-09-03T23:13:31.298971,TX00866,6122.47,TIMEOUT,0.5911,ESCALATE,BLOCKED,Automated recovery blocked because maximum retry limit of 2 has been reached.,True,Transaction escalated to merchant.,ESCALATED,0.0,True,2
2026-09-03T23:13:31.305966,TX00872,328.74,BANK_DECLINE,0.2936,ESCALATE,BLOCKED,Automated recovery blocked because maximum retry limit of 2 has been reached.,True,Transaction escalated to merchant.,ESCALATED,0.0,False,2
2026-09-03T23:13:31.314408,TX00873,4328.32,BANK_DECLINE,0.4117,ESCALATE,ALLOWED,Bank decline with 41.17% predicted recovery probability. Merchant/customer intervention is recommended.,True,Transaction escalated to merchant.,ESCALATED,0.0,False,1
2026-09-03T23:13:31.321393,TX00889,6343.29,BANK_DECLINE,0.2793,ESCALATE,BLOCKED,Automated recovery blocked because maximum retry limit of 2 has been reached.,True,Transaction escalated to merchant.,ESCALATED,0.0,False,2
2026-09-03T23:13:31.331403,TX00891,11809.06,BANK_DECLINE,0.2666,ESCALATE,BLOCKED,Automated recovery blocked because maximum retry limit of 2 has been reached.,True,Transaction escalated to merchant.,ESCALATED,0.0,True,2
2026-09-03T23:13:31.341250,TX00894,6835.98,NETWORK_ERROR,0.8573,RETRY_PAYMENT,ALLOWED,Network failure with 85.73% predicted recovery probability. Automatic retry is permitted.,True,Payment retry succeeded.,SUCCESS,6835.98,True,0
2026-09-03T23:13:31.351251,TX00895,11389.29,BANK_DECLINE,0.2493,ESCALATE,BLOCKED,Automated recovery blocked because maximum retry limit of 2 has been reached.,True,Transaction escalated to merchant.,ESCALATED,0.0,True,2
2026-09-03T23:13:31.361253,TX00899,9716.16,INSUFFICIENT_FUNDS,0.2676,ESCALATE,ALLOWED,Insufficient funds detected. Automated collection is intentionally avoided and the transaction is escalated.,True,Transaction escalated to merchant.,ESCALATED,0.0,False,1
2026-09-03T23:13:31.372252,TX00901,9356.72,TIMEOUT,0.8199,RETRY_PAYMENT,ALLOWED,Timeout with 81.99% predicted recovery probability. Automatic retry is permitted.,True,Payment retry succeeded.,SUCCESS,9356.72,True,0
2026-09-03T23:13:31.386253,TX00904,5173.27,TIMEOUT,0.7323,RETRY_PAYMENT,ALLOWED,Timeout with 73.23% predicted recovery probability. Automatic retry is permitted.,False,Payment retry failed. Transaction escalated to merchant.,ESCALATED,0.0,False,1
2026-09-03T23:13:31.398270,TX00917,3894.88,INSUFFICIENT_FUNDS,0.2267,ESCALATE,BLOCKED,Automated recovery blocked because maximum retry limit of 2 has been reached.,True,Transaction escalated to merchant.,ESCALATED,0.0,False,2
2026-09-03T23:13:31.410861,TX00928,5799.38,NETWORK_ERROR,0.8416,RETRY_PAYMENT,ALLOWED,Network failure with 84.16% predicted recovery probability. Automatic retry is permitted.,True,Payment retry succeeded.,SUCCESS,5799.38,True,0
2026-09-03T23:13:31.423864,TX00934,1746.61,TIMEOUT,0.6034,ESCALATE,BLOCKED,Automated recovery blocked because maximum retry limit of 2 has been reached.,True,Transaction escalated to merchant.,ESCALATED,0.0,True,2
2026-09-03T23:13:31.436865,TX00937,11175.37,TIMEOUT,0.6452,CREATE_PAYMENT_LINK,ALLOWED,Timeout with 64.52% predicted recovery probability. A payment link provides a safer recovery path.,True,Payment link created successfully.,SUCCESS,11175.37,True,1
2026-09-03T23:13:31.449865,TX00938,12381.36,INSUFFICIENT_FUNDS,0.2616,ESCALATE,ALLOWED,Insufficient funds detected. Automated collection is intentionally avoided and the transaction is escalated.,True,Transaction escalated to merchant.,ESCALATED,0.0,False,1
2026-09-03T23:13:31.461868,TX00945,7647.06,EXPIRED_CARD,0.143,ESCALATE,ALLOWED,Expired card detected. The payment method must be updated before recovery.,True,Transaction escalated to merchant.,ESCALATED,0.0,False,1
2026-09-03T23:13:31.475860,TX00948,14915.58,BANK_DECLINE,0.254,ESCALATE,BLOCKED,Automated recovery blocked because maximum retry limit of 2 has been reached.,True,Transaction escalated to merchant.,ESCALATED,0.0,False,2
2026-09-03T23:13:31.486861,TX00958,13025.78,EXPIRED_CARD,0.1355,ESCALATE,ALLOWED,Expired card detected. The payment method must be updated before recovery.,True,Transaction escalated to merchant.,ESCALATED,0.0,False,1
2026-09-03T23:13:31.496885,TX00960,7046.66,NETWORK_ERROR,0.857,RETRY_PAYMENT,ALLOWED,Network failure with 85.70% predicted recovery probability. Automatic retry is permitted.,False,Payment retry failed. Transaction escalated to merchant.,ESCALATED,0.0,False,0
2026-09-03T23:13:31.506398,TX00965,6401.28,EXPIRED_CARD,0.0852,ESCALATE,BLOCKED,Automated recovery blocked because maximum retry limit of 2 has been reached.,True,Transaction escalated to merchant.,ESCALATED,0.0,False,2
2026-09-03T23:13:31.515415,TX00966,1704.35,FRAUD_SUSPECTED,0.1081,ESCALATE,BLOCKED,Automated recovery blocked because fraud was suspected.,True,Transaction escalated to merchant.,ESCALATED,0.0,False,0
2026-09-03T23:13:31.524407,TX00968,3493.65,TIMEOUT,0.5985,ESCALATE,BLOCKED,Automated recovery blocked because maximum retry limit of 2 has been reached.,True,Transaction escalated to merchant.,ESCALATED,0.0,True,2
2026-09-03T23:13:31.532409,TX00976,12670.97,EXPIRED_CARD,0.087,ESCALATE,BLOCKED,Automated recovery blocked because maximum retry limit of 2 has been reached.,True,Transaction escalated to merchant.,ESCALATED,0.0,False,2
2026-09-03T23:13:31.540412,TX00986,1720.07,EXPIRED_CARD,0.2633,ESCALATE,ALLOWED,Expired card detected. The payment method must be updated before recovery.,True,Transaction escalated to merchant.,ESCALATED,0.0,True,0
2026-09-03T23:13:31.550411,TX00987,5043.39,NETWORK_ERROR,0.8599,RETRY_PAYMENT,ALLOWED,Network failure with 85.99% predicted recovery probability. Automatic retry is permitted.,True,Payment retry succeeded.,SUCCESS,5043.39,True,0
2026-09-03T23:13:31.558406,TX00994,9118.05,BANK_DECLINE,0.3826,ESCALATE,ALLOWED,Bank decline with 38.26% predicted recovery probability. Merchant/customer intervention is recommended.,True,Transaction escalated to merchant.,ESCALATED,0.0,False,1
2026-09-03T23:13:31.568407,TX00996,10095.65,TIMEOUT,0.5871,ESCALATE,BLOCKED,Automated recovery blocked because maximum retry limit of 2 has been reached.,True,Transaction escalated to merchant.,ESCALATED,0.0,True,2
2026-09-03T23:13:31.576409,TX01007,12081.34,INSUFFICIENT_FUNDS,0.2087,ESCALATE,BLOCKED,Automated recovery blocked because maximum retry limit of 2 has been reached.,True,Transaction escalated to merchant.,ESCALATED,0.0,False,2
2026-09-03T23:13:31.585408,TX01008,1249.87,NETWORK_ERROR,0.8205,RETRY_PAYMENT,ALLOWED,Network failure with 82.05% predicted recovery probability. Automatic retry is permitted.,False,Payment retry failed. Transaction escalated to merchant.,ESCALATED,0.0,False,0
2026-09-03T23:13:31.596428,TX01010,3773.76,TIMEOUT,0.7084,RETRY_PAYMENT,ALLOWED,Timeout with 70.84% predicted recovery probability. Automatic retry is permitted.,True,Payment retry succeeded.,SUCCESS,3773.76,True,1
2026-09-03T23:13:31.607952,TX01012,3260.59,INSUFFICIENT_FUNDS,0.4772,ESCALATE,ALLOWED,Insufficient funds detected. Automated collection is intentionally avoided and the transaction is escalated.,True,Transaction escalated to merchant.,ESCALATED,0.0,True,0
2026-09-03T23:13:31.618952,TX01016,9049.2,BANK_DECLINE,0.5462,CREATE_PAYMENT_LINK,ALLOWED,Bank decline with 54.62% predicted recovery probability. A payment link provides an alternative payment path without blindly retrying the decline.,True,Payment link created successfully.,SUCCESS,9049.2,True,0
2026-09-03T23:13:31.629952,TX01023,2686.73,TIMEOUT,0.7191,RETRY_PAYMENT,ALLOWED,Timeout with 71.91% predicted recovery probability. Automatic retry is permitted.,True,Payment retry succeeded.,SUCCESS,2686.73,True,1
2026-09-03T23:13:31.639961,TX01024,9634.2,INSUFFICIENT_FUNDS,0.1621,ESCALATE,BLOCKED,Automated recovery blocked because maximum retry limit of 2 has been reached.,True,Transaction escalated to merchant.,ESCALATED,0.0,False,2
2026-09-03T23:13:31.652963,TX01033,8915.37,TIMEOUT,0.5671,ESCALATE,BLOCKED,Automated recovery blocked because maximum retry limit of 2 has been reached.,True,Transaction escalated to merchant.,ESCALATED,0.0,True,2
2026-09-03T23:13:31.666961,TX01035,6150.16,NETWORK_ERROR,0.8534,RETRY_PAYMENT,ALLOWED,Network failure with 85.34% predicted recovery probability. Automatic retry is permitted.,True,Payment retry succeeded.,SUCCESS,6150.16,True,0
2026-09-03T23:13:31.678957,TX01041,6778.74,BANK_DECLINE,0.2156,ESCALATE,BLOCKED,Automated recovery blocked because maximum retry limit of 2 has been reached.,True,Transaction escalated to merchant.,ESCALATED,0.0,True,2
2026-09-03T23:13:31.687952,TX01044,406.23,INSUFFICIENT_FUNDS,0.4756,ESCALATE,ALLOWED,Insufficient funds detected. Automated collection is intentionally avoided and the transaction is escalated.,True,Transaction escalated to merchant.,ESCALATED,0.0,False,0
2026-09-03T23:13:31.696986,TX01048,10076.65,BANK_DECLINE,0.3861,ESCALATE,ALLOWED,Bank decline with 38.61% predicted recovery probability. Merchant/customer intervention is recommended.,True,Transaction escalated to merchant.,ESCALATED,0.0,False,1
2026-09-03T23:13:31.704964,TX01051,11346.16,TIMEOUT,0.5835,ESCALATE,BLOCKED,Automated recovery blocked because maximum retry limit of 2 has been reached.,True,Transaction escalated to merchant.,ESCALATED,0.0,False,2
2026-09-03T23:13:31.713494,TX01052,346.0,FRAUD_SUSPECTED,0.0457,ESCALATE,BLOCKED,Automated recovery blocked because fraud was suspected.,True,Transaction escalated to merchant.,ESCALATED,0.0,False,1
2026-09-03T23:13:31.721491,TX01053,5085.22,NETWORK_ERROR,0.7644,RETRY_PAYMENT,ALLOWED,Network failure with 76.44% predicted recovery probability. Automatic retry is permitted.,True,Payment retry succeeded.,SUCCESS,5085.22,True,1
2026-09-03T23:13:31.730519,TX01055,10582.65,INSUFFICIENT_FUNDS,0.3301,ESCALATE,ALLOWED,Insufficient funds detected. Automated collection is intentionally avoided and the transaction is escalated.,True,Transaction escalated to merchant.,ESCALATED,0.0,False,1
2026-09-03T23:13:31.739492,TX01056,11837.47,BANK_DECLINE,0.5382,CREATE_PAYMENT_LINK,ALLOWED,Bank decline with 53.82% predicted recovery probability. A payment link provides an alternative payment path without blindly retrying the decline.,True,Payment link created successfully.,SUCCESS,11837.47,True,0
2026-09-03T23:13:31.750503,TX01057,14812.13,NETWORK_ERROR,0.7453,RETRY_PAYMENT,ALLOWED,Network failure with 74.53% predicted recovery probability. Automatic retry is permitted.,True,Payment retry succeeded.,SUCCESS,14812.13,True,1
2026-09-03T23:13:31.762493,TX01060,5099.56,INSUFFICIENT_FUNDS,0.4957,ESCALATE,ALLOWED,Insufficient funds detected. Automated collection is intentionally avoided and the transaction is escalated.,True,Transaction escalated to merchant.,ESCALATED,0.0,False,0
2026-09-03T23:13:31.780500,TX01061,10082.5,BANK_DECLINE,0.2648,ESCALATE,BLOCKED,Automated recovery blocked because maximum retry limit of 2 has been reached.,True,Transaction escalated to merchant.,ESCALATED,0.0,False,2
2026-09-03T23:13:31.830561,TX01065,12184.18,TIMEOUT,0.6962,CREATE_PAYMENT_LINK,ALLOWED,Timeout with 69.62% predicted recovery probability. A payment link provides a safer recovery path.,True,Payment link created successfully.,SUCCESS,12184.18,True,1
2026-09-03T23:13:31.856041,TX01066,11245.88,BANK_DECLINE,0.4628,ESCALATE,ALLOWED,Bank decline with 46.28% predicted recovery probability. Merchant/customer intervention is recommended.,True,Transaction escalated to merchant.,ESCALATED,0.0,False,0
2026-09-03T23:13:31.871040,TX01076,3470.86,INSUFFICIENT_FUNDS,0.3397,ESCALATE,ALLOWED,Insufficient funds detected. Automated collection is intentionally avoided and the transaction is escalated.,True,Transaction escalated to merchant.,ESCALATED,0.0,False,1
2026-09-03T23:13:31.880042,TX01079,10992.71,FRAUD_SUSPECTED,0.0288,ESCALATE,BLOCKED,Automated recovery blocked because fraud was suspected.,True,Transaction escalated to merchant.,ESCALATED,0.0,False,2
2026-09-03T23:13:31.888038,TX01084,1095.61,INSUFFICIENT_FUNDS,0.34,ESCALATE,ALLOWED,Insufficient funds detected. Automated collection is intentionally avoided and the transaction is escalated.,True,Transaction escalated to merchant.,ESCALATED,0.0,False,1
2026-09-03T23:13:31.896118,TX01087,1798.63,FRAUD_SUSPECTED,0.1018,ESCALATE,BLOCKED,Automated recovery blocked because fraud was suspected.,True,Transaction escalated to merchant.,ESCALATED,0.0,False,0
2026-09-03T23:13:31.906644,TX01106,10519.67,BANK_DECLINE,0.3849,ESCALATE,ALLOWED,Bank decline with 38.49% predicted recovery probability. Merchant/customer intervention is recommended.,True,Transaction escalated to merchant.,ESCALATED,0.0,True,1
2026-09-03T23:13:31.917659,TX01124,3938.22,NETWORK_ERROR,0.8579,RETRY_PAYMENT,ALLOWED,Network failure with 85.79% predicted recovery probability. Automatic retry is permitted.,True,Payment retry succeeded.,SUCCESS,3938.22,True,0
2026-09-03T23:13:31.927657,TX01127,3566.72,NETWORK_ERROR,0.8165,RETRY_PAYMENT,ALLOWED,Network failure with 81.65% predicted recovery probability. Automatic retry is permitted.,True,Payment retry succeeded.,SUCCESS,3566.72,True,0
2026-09-03T23:13:31.935655,TX01128,7497.39,TIMEOUT,0.5944,ESCALATE,BLOCKED,Automated recovery blocked because maximum retry limit of 2 has been reached.,True,Transaction escalated to merchant.,ESCALATED,0.0,True,2
2026-09-03T23:13:31.945652,TX01141,2727.16,NETWORK_ERROR,0.7762,RETRY_PAYMENT,ALLOWED,Network failure with 77.62% predicted recovery probability. Automatic retry is permitted.,True,Payment retry succeeded.,SUCCESS,2727.16,True,1
2026-09-03T23:13:31.953654,TX01142,6532.56,FRAUD_SUSPECTED,0.0776,ESCALATE,BLOCKED,Automated recovery blocked because fraud was suspected.,True,Transaction escalated to merchant.,ESCALATED,0.0,False,0
2026-09-03T23:13:31.963654,TX01143,10558.86,NETWORK_ERROR,0.8519,RETRY_PAYMENT,ALLOWED,Network failure with 85.19% predicted recovery probability. Automatic retry is permitted.,True,Payment retry succeeded.,SUCCESS,10558.86,True,0
2026-09-03T23:13:31.972654,TX01149,6514.02,NETWORK_ERROR,0.8457,RETRY_PAYMENT,ALLOWED,Network failure with 84.57% predicted recovery probability. Automatic retry is permitted.,True,Payment retry succeeded.,SUCCESS,6514.02,True,0
2026-09-03T23:13:31.982653,TX01150,12909.75,TIMEOUT,0.6944,CREATE_PAYMENT_LINK,ALLOWED,Timeout with 69.44% predicted recovery probability. A payment link provides a safer recovery path.,True,Payment link created successfully.,SUCCESS,12909.75,True,1
2026-09-03T23:13:31.993671,TX01153,12770.77,TIMEOUT,0.5463,ESCALATE,BLOCKED,Automated recovery blocked because maximum retry limit of 2 has been reached.,True,Transaction escalated to merchant.,ESCALATED,0.0,True,2
2026-09-03T23:13:32.001671,TX01156,6337.57,BANK_DECLINE,0.554,CREATE_PAYMENT_LINK,ALLOWED,Bank decline with 55.40% predicted recovery probability. A payment link provides an alternative payment path without blindly retrying the decline.,True,Payment link created successfully.,SUCCESS,6337.57,True,0
2026-09-03T23:13:32.011185,TX01162,2656.59,FRAUD_SUSPECTED,0.026,ESCALATE,BLOCKED,Automated recovery blocked because fraud was suspected.,True,Transaction escalated to merchant.,ESCALATED,0.0,False,2
2026-09-03T23:13:32.020189,TX01176,13957.75,NETWORK_ERROR,0.7977,RETRY_PAYMENT,ALLOWED,Network failure with 79.77% predicted recovery probability. Automatic retry is permitted.,True,Payment retry succeeded.,SUCCESS,13957.75,True,0
2026-09-03T23:13:32.029223,TX01180,3930.44,NETWORK_ERROR,0.8496,RETRY_PAYMENT,ALLOWED,Network failure with 84.96% predicted recovery probability. Automatic retry is permitted.,True,Payment retry succeeded.,SUCCESS,3930.44,True,0
2026-09-03T23:13:32.038228,TX01184,5168.81,EXPIRED_CARD,0.069,ESCALATE,BLOCKED,Automated recovery blocked because maximum retry limit of 2 has been reached.,True,Transaction escalated to merchant.,ESCALATED,0.0,False,2
2026-09-03T23:13:32.048222,TX01193,6892.69,NETWORK_ERROR,0.702,RETRY_PAYMENT,ALLOWED,Network failure with 70.20% predicted recovery probability. Automatic retry is permitted.,True,Payment retry succeeded.,SUCCESS,6892.69,True,1
2026-09-03T23:13:32.056222,TX01195,4557.95,BANK_DECLINE,0.2645,ESCALATE,BLOCKED,Automated recovery blocked because maximum retry limit of 2 has been reached.,True,Transaction escalated to merchant.,ESCALATED,0.0,False,2
2026-09-03T23:13:32.065225,TX01217,1677.26,BANK_DECLINE,0.5674,CREATE_PAYMENT_LINK,ALLOWED,Bank decline with 56.74% predicted recovery probability. A payment link provides an alternative payment path without blindly retrying the decline.,True,Payment link created successfully.,SUCCESS,1677.26,True,0
2026-09-03T23:13:32.073221,TX01218,609.4,EXPIRED_CARD,0.1607,ESCALATE,ALLOWED,Expired card detected. The payment method must be updated before recovery.,True,Transaction escalated to merchant.,ESCALATED,0.0,False,1
2026-09-03T23:13:32.082225,TX01222,11522.65,FRAUD_SUSPECTED,0.0709,ESCALATE,BLOCKED,Automated recovery blocked because fraud was suspected.,True,Transaction escalated to merchant.,ESCALATED,0.0,False,0
2026-09-03T23:13:32.092235,TX01226,12287.33,TIMEOUT,0.7654,RETRY_PAYMENT,ALLOWED,Timeout with 76.54% predicted recovery probability. Automatic retry is permitted.,True,Payment retry succeeded.,SUCCESS,12287.33,True,0
2026-09-03T23:13:32.101232,TX01233,4442.67,BANK_DECLINE,0.5333,CREATE_PAYMENT_LINK,ALLOWED,Bank decline with 53.33% predicted recovery probability. A payment link provides an alternative payment path without blindly retrying the decline.,True,Payment link created successfully. Transaction escalated to merchant.,ESCALATED,0.0,False,0
2026-09-03T23:13:32.111768,TX01241,7332.95,NETWORK_ERROR,0.6925,CREATE_PAYMENT_LINK,ALLOWED,Network failure with 69.25% predicted recovery probability. A payment link is safer than an automatic retry.,True,Payment link created successfully.,SUCCESS,7332.95,True,1
2026-09-03T23:13:32.120767,TX01242,2973.52,TIMEOUT,0.7373,RETRY_PAYMENT,ALLOWED,Timeout with 73.73% predicted recovery probability. Automatic retry is permitted.,False,Payment retry failed. Transaction escalated to merchant.,ESCALATED,0.0,False,1
2026-09-03T23:13:32.129764,TX01244,5932.82,BANK_DECLINE,0.2723,ESCALATE,BLOCKED,Automated recovery blocked because maximum retry limit of 2 has been reached.,True,Transaction escalated to merchant.,ESCALATED,0.0,False,2
2026-09-03T23:13:32.137766,TX01249,5604.62,EXPIRED_CARD,0.2491,ESCALATE,ALLOWED,Expired card detected. The payment method must be updated before recovery.,True,Transaction escalated to merchant.,ESCALATED,0.0,True,0
2026-09-03T23:13:32.147764,TX01250,13720.42,NETWORK_ERROR,0.8472,RETRY_PAYMENT,ALLOWED,Network failure with 84.72% predicted recovery probability. Automatic retry is permitted.,True,Payment retry succeeded.,SUCCESS,13720.42,True,0
2026-09-03T23:13:32.155765,TX01261,8446.09,TIMEOUT,0.5685,ESCALATE,BLOCKED,Automated recovery blocked because maximum retry limit of 2 has been reached.,True,Transaction escalated to merchant.,ESCALATED,0.0,False,2
2026-09-03T23:13:32.166797,TX01263,11224.08,BANK_DECLINE,0.5235,CREATE_PAYMENT_LINK,ALLOWED,Bank decline with 52.35% predicted recovery probability. A payment link provides an alternative payment path without blindly retrying the decline.,True,Payment link created successfully. Transaction escalated to merchant.,ESCALATED,0.0,False,0
2026-09-03T23:13:32.174768,TX01264,1434.98,BANK_DECLINE,0.347,ESCALATE,ALLOWED,Bank decline with 34.70% predicted recovery probability. Merchant/customer intervention is recommended.,True,Transaction escalated to merchant.,ESCALATED,0.0,False,1
2026-09-03T23:13:32.182777,TX01271,7411.96,TIMEOUT,0.7213,RETRY_PAYMENT,ALLOWED,Timeout with 72.13% predicted recovery probability. Automatic retry is permitted.,True,Payment retry succeeded.,SUCCESS,7411.96,True,1
2026-09-03T23:13:32.190775,TX01280,9248.46,FRAUD_SUSPECTED,0.0576,ESCALATE,BLOCKED,Automated recovery blocked because fraud was suspected.,True,Transaction escalated to merchant.,ESCALATED,0.0,False,1
2026-09-03T23:13:32.199778,TX01289,14683.71,EXPIRED_CARD,0.0829,ESCALATE,BLOCKED,Automated recovery blocked because maximum retry limit of 2 has been reached.,True,Transaction escalated to merchant.,ESCALATED,0.0,False,2
2026-09-03T23:13:32.207289,TX01294,927.33,BANK_DECLINE,0.2728,ESCALATE,BLOCKED,Automated recovery blocked because maximum retry limit of 2 has been reached.,True,Transaction escalated to merchant.,ESCALATED,0.0,False,2
2026-09-03T23:13:32.218301,TX01298,7133.34,NETWORK_ERROR,0.8102,RETRY_PAYMENT,ALLOWED,Network failure with 81.02% predicted recovery probability. Automatic retry is permitted.,False,Payment retry failed. Transaction escalated to merchant.,ESCALATED,0.0,False,0
2026-09-03T23:13:32.226305,TX01303,5890.19,EXPIRED_CARD,0.1488,ESCALATE,ALLOWED,Expired card detected. The payment method must be updated before recovery.,True,Transaction escalated to merchant.,ESCALATED,0.0,False,1
2026-09-03T23:13:32.234306,TX01309,2718.64,FRAUD_SUSPECTED,0.0445,ESCALATE,BLOCKED,Automated recovery blocked because fraud was suspected.,True,Transaction escalated to merchant.,ESCALATED,0.0,False,1
2026-09-03T23:13:32.245301,TX01310,5513.98,BANK_DECLINE,0.5302,CREATE_PAYMENT_LINK,ALLOWED,Bank decline with 53.02% predicted recovery probability. A payment link provides an alternative payment path without blindly retrying the decline.,True,Payment link created successfully. Transaction escalated to merchant.,ESCALATED,0.0,False,0
2026-09-03T23:13:32.253301,TX01312,14102.85,EXPIRED_CARD,0.0785,ESCALATE,BLOCKED,Automated recovery blocked because maximum retry limit of 2 has been reached.,True,Transaction escalated to merchant.,ESCALATED,0.0,False,2
2026-09-03T23:13:32.262315,TX01317,6476.59,INSUFFICIENT_FUNDS,0.2103,ESCALATE,BLOCKED,Automated recovery blocked because maximum retry limit of 2 has been reached.,True,Transaction escalated to merchant.,ESCALATED,0.0,False,2
2026-09-03T23:13:32.269303,TX01318,8779.5,TIMEOUT,0.724,RETRY_PAYMENT,ALLOWED,Timeout with 72.40% predicted recovery probability. Automatic retry is permitted.,False,Payment retry failed. Transaction escalated to merchant.,ESCALATED,0.0,False,1
2026-09-03T23:13:32.278330,TX01319,10579.96,FRAUD_SUSPECTED,0.0533,ESCALATE,BLOCKED,Automated recovery blocked because fraud was suspected.,True,Transaction escalated to merchant.,ESCALATED,0.0,False,1
2026-09-03T23:13:32.286302,TX01324,12897.86,EXPIRED_CARD,0.2335,ESCALATE,ALLOWED,Expired card detected. The payment method must be updated before recovery.,True,Transaction escalated to merchant.,ESCALATED,0.0,True,0
2026-09-03T23:13:32.295309,TX01329,5454.02,EXPIRED_CARD,0.1546,ESCALATE,ALLOWED,Expired card detected. The payment method must be updated before recovery.,True,Transaction escalated to merchant.,ESCALATED,0.0,False,1
2026-09-03T23:13:32.303308,TX01332,13667.26,NETWORK_ERROR,0.7533,RETRY_PAYMENT,ALLOWED,Network failure with 75.33% predicted recovery probability. Automatic retry is permitted.,True,Payment retry succeeded.,SUCCESS,13667.26,True,1
2026-09-03T23:13:32.311859,TX01333,7928.76,BANK_DECLINE,0.3859,ESCALATE,ALLOWED,Bank decline with 38.59% predicted recovery probability. Merchant/customer intervention is recommended.,True,Transaction escalated to merchant.,ESCALATED,0.0,False,1
2026-09-03T23:13:32.319859,TX01335,12079.58,TIMEOUT,0.5815,ESCALATE,BLOCKED,Automated recovery blocked because maximum retry limit of 2 has been reached.,True,Transaction escalated to merchant.,ESCALATED,0.0,False,2
2026-09-03T23:13:32.331861,TX01350,13716.97,TIMEOUT,0.7124,RETRY_PAYMENT,ALLOWED,Timeout with 71.24% predicted recovery probability. Automatic retry is permitted.,True,Payment retry succeeded.,SUCCESS,13716.97,True,1
2026-09-03T23:13:32.342872,TX01354,762.32,TIMEOUT,0.7366,RETRY_PAYMENT,ALLOWED,Timeout with 73.66% predicted recovery probability. Automatic retry is permitted.,True,Payment retry succeeded.,SUCCESS,762.32,True,1
2026-09-03T23:13:32.354859,TX01359,4233.58,NETWORK_ERROR,0.8153,RETRY_PAYMENT,ALLOWED,Network failure with 81.53% predicted recovery probability. Automatic retry is permitted.,True,Payment retry succeeded.,SUCCESS,4233.58,True,0
2026-09-03T23:13:32.364860,TX01361,3976.37,INSUFFICIENT_FUNDS,0.2152,ESCALATE,BLOCKED,Automated recovery blocked because maximum retry limit of 2 has been reached.,True,Transaction escalated to merchant.,ESCALATED,0.0,False,2
2026-09-03T23:13:32.375857,TX01367,4020.04,TIMEOUT,0.5971,ESCALATE,BLOCKED,Automated recovery blocked because maximum retry limit of 2 has been reached.,True,Transaction escalated to merchant.,ESCALATED,0.0,True,2
2026-09-03T23:13:32.386861,TX01377,7630.17,TIMEOUT,0.8285,RETRY_PAYMENT,ALLOWED,Timeout with 82.85% predicted recovery probability. Automatic retry is permitted.,True,Payment retry succeeded.,SUCCESS,7630.17,True,0
2026-09-03T23:13:32.397871,TX01379,14822.94,BANK_DECLINE,0.5295,CREATE_PAYMENT_LINK,ALLOWED,Bank decline with 52.95% predicted recovery probability. A payment link provides an alternative payment path without blindly retrying the decline.,True,Payment link created successfully.,SUCCESS,14822.94,True,0
2026-09-03T23:13:32.410393,TX01380,875.07,NETWORK_ERROR,0.78,RETRY_PAYMENT,ALLOWED,Network failure with 78.00% predicted recovery probability. Automatic retry is permitted.,False,Payment retry failed. Transaction escalated to merchant.,ESCALATED,0.0,False,1
2026-09-03T23:13:32.421391,TX01383,6982.35,BANK_DECLINE,0.5497,CREATE_PAYMENT_LINK,ALLOWED,Bank decline with 54.97% predicted recovery probability. A payment link provides an alternative payment path without blindly retrying the decline.,True,Payment link created successfully. Transaction escalated to merchant.,ESCALATED,0.0,False,0
2026-09-03T23:13:32.433426,TX01387,14846.61,INSUFFICIENT_FUNDS,0.4575,ESCALATE,ALLOWED,Insufficient funds detected. Automated collection is intentionally avoided and the transaction is escalated.,True,Transaction escalated to merchant.,ESCALATED,0.0,False,0
2026-09-03T23:13:32.445397,TX01388,1403.12,INSUFFICIENT_FUNDS,0.3451,ESCALATE,ALLOWED,Insufficient funds detected. Automated collection is intentionally avoided and the transaction is escalated.,True,Transaction escalated to merchant.,ESCALATED,0.0,True,1
2026-09-03T23:13:32.458392,TX01394,5489.24,EXPIRED_CARD,0.0914,ESCALATE,BLOCKED,Automated recovery blocked because maximum retry limit of 2 has been reached.,True,Transaction escalated to merchant.,ESCALATED,0.0,False,2
2026-09-03T23:13:32.470393,TX01398,11479.17,INSUFFICIENT_FUNDS,0.2115,ESCALATE,BLOCKED,Automated recovery blocked because maximum retry limit of 2 has been reached.,True,Transaction escalated to merchant.,ESCALATED,0.0,False,2
2026-09-03T23:13:32.482391,TX01411,3527.82,EXPIRED_CARD,0.0925,ESCALATE,BLOCKED,Automated recovery blocked because maximum retry limit of 2 has been reached.,True,Transaction escalated to merchant.,ESCALATED,0.0,False,2
2026-09-03T23:13:32.492421,TX01422,8872.44,EXPIRED_CARD,0.1495,ESCALATE,ALLOWED,Expired card detected. The payment method must be updated before recovery.,True,Transaction escalated to merchant.,ESCALATED,0.0,False,1
2026-09-03T23:13:32.501419,TX01423,12579.78,BANK_DECLINE,0.5433,CREATE_PAYMENT_LINK,ALLOWED,Bank decline with 54.33% predicted recovery probability. A payment link provides an alternative payment path without blindly retrying the decline.,True,Payment link created successfully.,SUCCESS,12579.78,True,0
2026-09-03T23:13:32.509942,TX01426,4726.67,EXPIRED_CARD,0.0868,ESCALATE,BLOCKED,Automated recovery blocked because maximum retry limit of 2 has been reached.,True,Transaction escalated to merchant.,ESCALATED,0.0,False,2
2026-09-03T23:13:32.518956,TX01434,5428.02,TIMEOUT,0.6514,CREATE_PAYMENT_LINK,ALLOWED,Timeout with 65.14% predicted recovery probability. A payment link provides a safer recovery path.,True,Payment link created successfully.,SUCCESS,5428.02,True,1
2026-09-03T23:13:32.530943,TX01444,10080.29,BANK_DECLINE,0.4662,ESCALATE,ALLOWED,Bank decline with 46.62% predicted recovery probability. Merchant/customer intervention is recommended.,True,Transaction escalated to merchant.,ESCALATED,0.0,True,0
2026-09-03T23:13:32.541946,TX01453,1711.82,TIMEOUT,0.7402,RETRY_PAYMENT,ALLOWED,Timeout with 74.02% predicted recovery probability. Automatic retry is permitted.,True,Payment retry succeeded.,SUCCESS,1711.82,True,1
2026-09-03T23:13:32.553952,TX01458,13203.74,INSUFFICIENT_FUNDS,0.3091,ESCALATE,ALLOWED,Insufficient funds detected. Automated collection is intentionally avoided and the transaction is escalated.,True,Transaction escalated to merchant.,ESCALATED,0.0,False,1
2026-09-03T23:13:32.565955,TX01465,9703.12,TIMEOUT,0.6491,CREATE_PAYMENT_LINK,ALLOWED,Timeout with 64.91% predicted recovery probability. A payment link provides a safer recovery path.,True,Payment link created successfully. Transaction escalated to merchant.,ESCALATED,0.0,False,1
2026-09-03T23:13:32.577952,TX01471,10315.41,INSUFFICIENT_FUNDS,0.4706,ESCALATE,ALLOWED,Insufficient funds detected. Automated collection is intentionally avoided and the transaction is escalated.,True,Transaction escalated to merchant.,ESCALATED,0.0,False,0
2026-09-03T23:13:32.587958,TX01472,9964.74,BANK_DECLINE,0.2094,ESCALATE,BLOCKED,Automated recovery blocked because maximum retry limit of 2 has been reached.,True,Transaction escalated to merchant.,ESCALATED,0.0,False,2
2026-09-03T23:13:32.599964,TX01477,13430.35,TIMEOUT,0.6931,CREATE_PAYMENT_LINK,ALLOWED,Timeout with 69.31% predicted recovery probability. A payment link provides a safer recovery path.,True,Payment link created successfully.,SUCCESS,13430.35,True,1
2026-09-03T23:13:32.612450,TX01479,3398.47,INSUFFICIENT_FUNDS,0.2743,ESCALATE,ALLOWED,Insufficient funds detected. Automated collection is intentionally avoided and the transaction is escalated.,True,Transaction escalated to merchant.,ESCALATED,0.0,True,1
2026-09-03T23:13:32.625436,TX01482,1302.69,BANK_DECLINE,0.4178,ESCALATE,ALLOWED,Bank decline with 41.78% predicted recovery probability. Merchant/customer intervention is recommended.,True,Transaction escalated to merchant.,ESCALATED,0.0,False,1
2026-09-03T23:13:32.637457,TX01483,7752.61,BANK_DECLINE,0.5573,CREATE_PAYMENT_LINK,ALLOWED,Bank decline with 55.73% predicted recovery probability. A payment link provides an alternative payment path without blindly retrying the decline.,True,Payment link created successfully. Transaction escalated to merchant.,ESCALATED,0.0,False,0
2026-09-03T23:13:32.650440,TX01485,2639.94,INSUFFICIENT_FUNDS,0.336,ESCALATE,ALLOWED,Insufficient funds detected. Automated collection is intentionally avoided and the transaction is escalated.,True,Transaction escalated to merchant.,ESCALATED,0.0,False,1
2026-09-03T23:13:32.662447,TX01486,12185.77,INSUFFICIENT_FUNDS,0.4513,ESCALATE,ALLOWED,Insufficient funds detected. Automated collection is intentionally avoided and the transaction is escalated.,True,Transaction escalated to merchant.,ESCALATED,0.0,True,0
2026-09-03T23:13:32.674441,TX01487,6474.83,NETWORK_ERROR,0.6947,CREATE_PAYMENT_LINK,ALLOWED,Network failure with 69.47% predicted recovery probability. A payment link is safer than an automatic retry.,True,Payment link created successfully. Transaction escalated to merchant.,ESCALATED,0.0,False,1
2026-09-03T23:13:32.685436,TX01490,8734.56,NETWORK_ERROR,0.7386,RETRY_PAYMENT,ALLOWED,Network failure with 73.86% predicted recovery probability. Automatic retry is permitted.,True,Payment retry succeeded.,SUCCESS,8734.56,True,1
2026-09-03T23:13:32.696454,TX01498,12083.46,TIMEOUT,0.702,RETRY_PAYMENT,ALLOWED,Timeout with 70.20% predicted recovery probability. Automatic retry is permitted.,True,Payment retry succeeded.,SUCCESS,12083.46,True,1
2026-09-03T23:13:32.708998,TX01500,5164.52,EXPIRED_CARD,0.1187,ESCALATE,ALLOWED,Expired card detected. The payment method must be updated before recovery.,True,Transaction escalated to merchant.,ESCALATED,0.0,False,1
2026-09-03T23:13:32.720991,TX01508,1216.23,NETWORK_ERROR,0.6602,ESCALATE,BLOCKED,Automated recovery blocked because maximum retry limit of 2 has been reached.,True,Transaction escalated to merchant.,ESCALATED,0.0,False,2
2026-09-03T23:13:32.731995,TX01511,4276.47,NETWORK_ERROR,0.7731,RETRY_PAYMENT,ALLOWED,Network failure with 77.31% predicted recovery probability. Automatic retry is permitted.,True,Payment retry succeeded.,SUCCESS,4276.47,True,1
2026-09-03T23:13:32.745001,TX01513,687.4,EXPIRED_CARD,0.0987,ESCALATE,BLOCKED,Automated recovery blocked because maximum retry limit of 2 has been reached.,True,Transaction escalated to merchant.,ESCALATED,0.0,False,2
2026-09-03T23:13:32.756992,TX01526,12923.77,INSUFFICIENT_FUNDS,0.2603,ESCALATE,ALLOWED,Insufficient funds detected. Automated collection is intentionally avoided and the transaction is escalated.,True,Transaction escalated to merchant.,ESCALATED,0.0,False,1
2026-09-03T23:13:32.769001,TX01529,4412.82,EXPIRED_CARD,0.084,ESCALATE,BLOCKED,Automated recovery blocked because maximum retry limit of 2 has been reached.,True,Transaction escalated to merchant.,ESCALATED,0.0,False,2
2026-09-03T23:13:32.781990,TX01545,7169.79,NETWORK_ERROR,0.8101,RETRY_PAYMENT,ALLOWED,Network failure with 81.01% predicted recovery probability. Automatic retry is permitted.,True,Payment retry succeeded.,SUCCESS,7169.79,True,0
2026-09-03T23:13:32.794017,TX01546,11638.69,TIMEOUT,0.7113,RETRY_PAYMENT,ALLOWED,Timeout with 71.13% predicted recovery probability. Automatic retry is permitted.,True,Payment retry succeeded.,SUCCESS,11638.69,True,1
2026-09-03T23:13:32.806019,TX01549,6823.99,TIMEOUT,0.6567,CREATE_PAYMENT_LINK,ALLOWED,Timeout with 65.67% predicted recovery probability. A payment link provides a safer recovery path.,True,Payment link created successfully.,SUCCESS,6823.99,True,1
2026-09-03T23:13:32.818131,TX01554,9942.88,NETWORK_ERROR,0.8405,RETRY_PAYMENT,ALLOWED,Network failure with 84.05% predicted recovery probability. Automatic retry is permitted.,True,Payment retry succeeded.,SUCCESS,9942.88,True,0
2026-09-03T23:13:32.831134,TX01557,12786.29,INSUFFICIENT_FUNDS,0.1625,ESCALATE,BLOCKED,Automated recovery blocked because maximum retry limit of 2 has been reached.,True,Transaction escalated to merchant.,ESCALATED,0.0,True,2
2026-09-03T23:13:32.843128,TX01574,3694.09,INSUFFICIENT_FUNDS,0.416,ESCALATE,ALLOWED,Insufficient funds detected. Automated collection is intentionally avoided and the transaction is escalated.,True,Transaction escalated to merchant.,ESCALATED,0.0,False,0
2026-09-03T23:13:32.856129,TX01576,9903.95,NETWORK_ERROR,0.7436,RETRY_PAYMENT,ALLOWED,Network failure with 74.36% predicted recovery probability. Automatic retry is permitted.,False,Payment retry failed. Transaction escalated to merchant.,ESCALATED,0.0,False,1
2026-09-03T23:13:32.868125,TX01577,3900.68,TIMEOUT,0.5974,ESCALATE,BLOCKED,Automated recovery blocked because maximum retry limit of 2 has been reached.,True,Transaction escalated to merchant.,ESCALATED,0.0,True,2
2026-09-03T23:13:32.880132,TX01579,8767.37,EXPIRED_CARD,0.2404,ESCALATE,ALLOWED,Expired card detected. The payment method must be updated before recovery.,True,Transaction escalated to merchant.,ESCALATED,0.0,False,0
2026-09-03T23:13:32.893154,TX01597,11099.0,NETWORK_ERROR,0.6115,ESCALATE,BLOCKED,Automated recovery blocked because maximum retry limit of 2 has been reached.,True,Transaction escalated to merchant.,ESCALATED,0.0,False,2
2026-09-03T23:13:32.904153,TX01603,8235.5,NETWORK_ERROR,0.7577,RETRY_PAYMENT,ALLOWED,Network failure with 75.77% predicted recovery probability. Automatic retry is permitted.,True,Payment retry succeeded.,SUCCESS,8235.5,True,1
2026-09-03T23:13:32.913708,TX01604,8696.13,TIMEOUT,0.8166,RETRY_PAYMENT,ALLOWED,Timeout with 81.66% predicted recovery probability. Automatic retry is permitted.,True,Payment retry succeeded.,SUCCESS,8696.13,True,0
2026-09-03T23:13:32.922681,TX01611,6670.65,INSUFFICIENT_FUNDS,0.1724,ESCALATE,BLOCKED,Automated recovery blocked because maximum retry limit of 2 has been reached.,True,Transaction escalated to merchant.,ESCALATED,0.0,False,2
2026-09-03T23:13:32.931682,TX01616,14277.24,INSUFFICIENT_FUNDS,0.469,ESCALATE,ALLOWED,Insufficient funds detected. Automated collection is intentionally avoided and the transaction is escalated.,True,Transaction escalated to merchant.,ESCALATED,0.0,True,0
2026-09-03T23:13:32.940682,TX01620,13163.07,BANK_DECLINE,0.2033,ESCALATE,BLOCKED,Automated recovery blocked because maximum retry limit of 2 has been reached.,True,Transaction escalated to merchant.,ESCALATED,0.0,False,2
2026-09-03T23:13:32.948714,TX01622,6468.03,TIMEOUT,0.5973,ESCALATE,BLOCKED,Automated recovery blocked because maximum retry limit of 2 has been reached.,True,Transaction escalated to merchant.,ESCALATED,0.0,True,2
2026-09-03T23:13:32.957680,TX01630,4835.11,NETWORK_ERROR,0.8516,RETRY_PAYMENT,ALLOWED,Network failure with 85.16% predicted recovery probability. Automatic retry is permitted.,True,Payment retry succeeded.,SUCCESS,4835.11,True,0
2026-09-03T23:13:32.965680,TX01631,9278.05,BANK_DECLINE,0.4685,ESCALATE,ALLOWED,Bank decline with 46.85% predicted recovery probability. Merchant/customer intervention is recommended.,True,Transaction escalated to merchant.,ESCALATED,0.0,True,0
2026-09-03T23:13:32.973681,TX01632,5199.33,INSUFFICIENT_FUNDS,0.2172,ESCALATE,BLOCKED,Automated recovery blocked because maximum retry limit of 2 has been reached.,True,Transaction escalated to merchant.,ESCALATED,0.0,True,2
2026-09-03T23:13:32.981682,TX01636,830.3,INSUFFICIENT_FUNDS,0.2383,ESCALATE,BLOCKED,Automated recovery blocked because maximum retry limit of 2 has been reached.,True,Transaction escalated to merchant.,ESCALATED,0.0,False,2
2026-09-03T23:13:32.991680,TX01640,12971.16,NETWORK_ERROR,0.5372,ESCALATE,BLOCKED,Automated recovery blocked because maximum retry limit of 2 has been reached.,True,Transaction escalated to merchant.,ESCALATED,0.0,False,2
2026-09-03T23:13:32.998702,TX01642,11951.51,EXPIRED_CARD,0.137,ESCALATE,ALLOWED,Expired card detected. The payment method must be updated before recovery.,True,Transaction escalated to merchant.,ESCALATED,0.0,False,1
2026-09-03T23:13:33.008216,TX01646,8138.1,TIMEOUT,0.7061,RETRY_PAYMENT,ALLOWED,Timeout with 70.61% predicted recovery probability. Automatic retry is permitted.,False,Payment retry failed. Transaction escalated to merchant.,ESCALATED,0.0,False,1
2026-09-03T23:13:33.017216,TX01650,1702.22,NETWORK_ERROR,0.7145,RETRY_PAYMENT,ALLOWED,Network failure with 71.45% predicted recovery probability. Automatic retry is permitted.,True,Payment retry succeeded.,SUCCESS,1702.22,True,1
2026-09-03T23:13:33.027214,TX01651,7994.06,BANK_DECLINE,0.5566,CREATE_PAYMENT_LINK,ALLOWED,Bank decline with 55.66% predicted recovery probability. A payment link provides an alternative payment path without blindly retrying the decline.,True,Payment link created successfully. Transaction escalated to merchant.,ESCALATED,0.0,False,0
2026-09-03T23:13:33.038227,TX01663,4285.28,BANK_DECLINE,0.3396,ESCALATE,ALLOWED,Bank decline with 33.96% predicted recovery probability. Merchant/customer intervention is recommended.,True,Transaction escalated to merchant.,ESCALATED,0.0,True,1
2026-09-03T23:13:33.047214,TX01688,14198.7,TIMEOUT,0.8174,RETRY_PAYMENT,ALLOWED,Timeout with 81.74% predicted recovery probability. Automatic retry is permitted.,True,Payment retry succeeded.,SUCCESS,14198.7,True,0
2026-09-03T23:13:33.056216,TX01690,2916.78,TIMEOUT,0.7186,RETRY_PAYMENT,ALLOWED,Timeout with 71.86% predicted recovery probability. Automatic retry is permitted.,True,Payment retry succeeded.,SUCCESS,2916.78,True,1
2026-09-03T23:13:33.064214,TX01700,11333.62,NETWORK_ERROR,0.7454,RETRY_PAYMENT,ALLOWED,Network failure with 74.54% predicted recovery probability. Automatic retry is permitted.,False,Payment retry failed. Transaction escalated to merchant.,ESCALATED,0.0,False,1
2026-09-03T23:13:33.073216,TX01702,2055.57,BANK_DECLINE,0.4895,ESCALATE,ALLOWED,Bank decline with 48.95% predicted recovery probability. Merchant/customer intervention is recommended.,True,Transaction escalated to merchant.,ESCALATED,0.0,False,0
2026-09-03T23:13:33.081214,TX01703,9930.05,NETWORK_ERROR,0.6371,ESCALATE,BLOCKED,Automated recovery blocked because maximum retry limit of 2 has been reached.,True,Transaction escalated to merchant.,ESCALATED,0.0,True,2
2026-09-03T23:13:33.091217,TX01714,3497.63,BANK_DECLINE,0.2221,ESCALATE,BLOCKED,Automated recovery blocked because maximum retry limit of 2 has been reached.,True,Transaction escalated to merchant.,ESCALATED,0.0,False,2
2026-09-03T23:13:33.100225,TX01715,13009.41,INSUFFICIENT_FUNDS,0.4727,ESCALATE,ALLOWED,Insufficient funds detected. Automated collection is intentionally avoided and the transaction is escalated.,True,Transaction escalated to merchant.,ESCALATED,0.0,True,0
2026-09-03T23:13:33.109790,TX01720,10399.49,NETWORK_ERROR,0.5446,ESCALATE,BLOCKED,Automated recovery blocked because maximum retry limit of 2 has been reached.,True,Transaction escalated to merchant.,ESCALATED,0.0,True,2
2026-09-03T23:13:33.121778,TX01739,11352.2,INSUFFICIENT_FUNDS,0.3945,ESCALATE,ALLOWED,Insufficient funds detected. Automated collection is intentionally avoided and the transaction is escalated.,True,Transaction escalated to merchant.,ESCALATED,0.0,True,0
2026-09-03T23:13:33.131777,TX01760,479.7,NETWORK_ERROR,0.6405,ESCALATE,BLOCKED,Automated recovery blocked because maximum retry limit of 2 has been reached.,True,Transaction escalated to merchant.,ESCALATED,0.0,True,2
2026-09-03T23:13:33.139795,TX01761,6205.04,NETWORK_ERROR,0.7037,RETRY_PAYMENT,ALLOWED,Network failure with 70.37% predicted recovery probability. Automatic retry is permitted.,True,Payment retry succeeded.,SUCCESS,6205.04,True,1
2026-09-03T23:13:33.149277,TX01765,1476.13,TIMEOUT,0.6042,ESCALATE,BLOCKED,Automated recovery blocked because maximum retry limit of 2 has been reached.,True,Transaction escalated to merchant.,ESCALATED,0.0,True,2
2026-09-03T23:13:33.159243,TX01766,6988.34,BANK_DECLINE,0.5358,CREATE_PAYMENT_LINK,ALLOWED,Bank decline with 53.58% predicted recovery probability. A payment link provides an alternative payment path without blindly retrying the decline.,True,Payment link created successfully. Transaction escalated to merchant.,ESCALATED,0.0,False,0
2026-09-03T23:13:33.170241,TX01767,10389.9,TIMEOUT,0.5025,ESCALATE,BLOCKED,Automated recovery blocked because maximum retry limit of 2 has been reached.,True,Transaction escalated to merchant.,ESCALATED,0.0,False,2
2026-09-03T23:13:33.182244,TX01774,7996.31,NETWORK_ERROR,0.7654,RETRY_PAYMENT,ALLOWED,Network failure with 76.54% predicted recovery probability. Automatic retry is permitted.,True,Payment retry succeeded.,SUCCESS,7996.31,True,1
2026-09-03T23:13:33.192245,TX01778,11217.47,EXPIRED_CARD,0.138,ESCALATE,ALLOWED,Expired card detected. The payment method must be updated before recovery.,True,Transaction escalated to merchant.,ESCALATED,0.0,False,1
2026-09-03T23:13:33.200257,TX01779,9349.05,EXPIRED_CARD,0.2464,ESCALATE,ALLOWED,Expired card detected. The payment method must be updated before recovery.,True,Transaction escalated to merchant.,ESCALATED,0.0,True,0
2026-09-03T23:13:33.210542,TX01781,4369.75,NETWORK_ERROR,0.7081,RETRY_PAYMENT,ALLOWED,Network failure with 70.81% predicted recovery probability. Automatic retry is permitted.,True,Payment retry succeeded.,SUCCESS,4369.75,True,1
2026-09-03T23:13:33.217561,TX01789,7634.93,INSUFFICIENT_FUNDS,0.2191,ESCALATE,BLOCKED,Automated recovery blocked because maximum retry limit of 2 has been reached.,True,Transaction escalated to merchant.,ESCALATED,0.0,False,2
2026-09-03T23:13:33.226546,TX01795,8479.66,FRAUD_SUSPECTED,0.0433,ESCALATE,BLOCKED,Automated recovery blocked because fraud was suspected.,True,Transaction escalated to merchant.,ESCALATED,0.0,False,1
2026-09-03T23:13:33.237543,TX01796,1725.6,NETWORK_ERROR,0.8138,RETRY_PAYMENT,ALLOWED,Network failure with 81.38% predicted recovery probability. Automatic retry is permitted.,True,Payment retry succeeded.,SUCCESS,1725.6,True,0
2026-09-03T23:13:33.248542,TX01800,9606.9,TIMEOUT,0.5885,ESCALATE,BLOCKED,Automated recovery blocked because maximum retry limit of 2 has been reached.,True,Transaction escalated to merchant.,ESCALATED,0.0,True,2
2026-09-03T23:13:33.256541,TX01802,2911.11,NETWORK_ERROR,0.7707,RETRY_PAYMENT,ALLOWED,Network failure with 77.07% predicted recovery probability. Automatic retry is permitted.,True,Payment retry succeeded.,SUCCESS,2911.11,True,1
2026-09-03T23:13:33.264553,TX01817,10325.75,EXPIRED_CARD,0.1126,ESCALATE,ALLOWED,Expired card detected. The payment method must be updated before recovery.,True,Transaction escalated to merchant.,ESCALATED,0.0,False,1
2026-09-03T23:13:33.275540,TX01821,10959.71,TIMEOUT,0.5846,ESCALATE,BLOCKED,Automated recovery blocked because maximum retry limit of 2 has been reached.,True,Transaction escalated to merchant.,ESCALATED,0.0,False,2
2026-09-03T23:13:33.286544,TX01823,11377.59,INSUFFICIENT_FUNDS,0.2638,ESCALATE,ALLOWED,Insufficient funds detected. Automated collection is intentionally avoided and the transaction is escalated.,True,Transaction escalated to merchant.,ESCALATED,0.0,True,1
2026-09-03T23:13:33.298559,TX01824,3388.25,TIMEOUT,0.5988,ESCALATE,BLOCKED,Automated recovery blocked because maximum retry limit of 2 has been reached.,True,Transaction escalated to merchant.,ESCALATED,0.0,False,2
2026-09-03T23:13:33.308713,TX01832,4082.39,NETWORK_ERROR,0.8527,RETRY_PAYMENT,ALLOWED,Network failure with 85.27% predicted recovery probability. Automatic retry is permitted.,True,Payment retry succeeded.,SUCCESS,4082.39,True,0
2026-09-03T23:13:33.322689,TX01835,8930.89,TIMEOUT,0.7042,RETRY_PAYMENT,ALLOWED,Timeout with 70.42% predicted recovery probability. Automatic retry is permitted.,False,Payment retry failed. Transaction escalated to merchant.,ESCALATED,0.0,False,1
2026-09-03T23:13:33.333686,TX01841,11811.39,EXPIRED_CARD,0.0878,ESCALATE,BLOCKED,Automated recovery blocked because maximum retry limit of 2 has been reached.,True,Transaction escalated to merchant.,ESCALATED,0.0,False,2
2026-09-03T23:13:33.344692,TX01843,12745.1,EXPIRED_CARD,0.1772,ESCALATE,ALLOWED,Expired card detected. The payment method must be updated before recovery.,True,Transaction escalated to merchant.,ESCALATED,0.0,False,0
2026-09-03T23:13:33.357693,TX01846,4206.72,NETWORK_ERROR,0.8575,RETRY_PAYMENT,ALLOWED,Network failure with 85.75% predicted recovery probability. Automatic retry is permitted.,False,Payment retry failed. Transaction escalated to merchant.,ESCALATED,0.0,False,0
2026-09-03T23:13:33.368687,TX01853,6806.83,NETWORK_ERROR,0.6295,ESCALATE,BLOCKED,Automated recovery blocked because maximum retry limit of 2 has been reached.,True,Transaction escalated to merchant.,ESCALATED,0.0,True,2
2026-09-03T23:13:33.377689,TX01857,7695.02,TIMEOUT,0.8284,RETRY_PAYMENT,ALLOWED,Timeout with 82.84% predicted recovery probability. Automatic retry is permitted.,True,Payment retry succeeded.,SUCCESS,7695.02,True,0
2026-09-03T23:13:33.387689,TX01863,3391.29,NETWORK_ERROR,0.8537,RETRY_PAYMENT,ALLOWED,Network failure with 85.37% predicted recovery probability. Automatic retry is permitted.,True,Payment retry succeeded.,SUCCESS,3391.29,True,0
2026-09-03T23:13:33.397730,TX01865,9906.31,TIMEOUT,0.5039,ESCALATE,BLOCKED,Automated recovery blocked because maximum retry limit of 2 has been reached.,True,Transaction escalated to merchant.,ESCALATED,0.0,False,2
2026-09-03T23:13:33.407700,TX01866,4763.19,TIMEOUT,0.595,ESCALATE,BLOCKED,Automated recovery blocked because maximum retry limit of 2 has been reached.,True,Transaction escalated to merchant.,ESCALATED,0.0,False,2
2026-09-03T23:13:33.424232,TX01868,1113.02,TIMEOUT,0.8295,RETRY_PAYMENT,ALLOWED,Timeout with 82.95% predicted recovery probability. Automatic retry is permitted.,True,Payment retry succeeded.,SUCCESS,1113.02,True,0
2026-09-03T23:13:33.443226,TX01870,648.08,INSUFFICIENT_FUNDS,0.2888,ESCALATE,ALLOWED,Insufficient funds detected. Automated collection is intentionally avoided and the transaction is escalated.,True,Transaction escalated to merchant.,ESCALATED,0.0,False,1
2026-09-03T23:13:33.463226,TX01874,10410.67,INSUFFICIENT_FUNDS,0.4729,ESCALATE,ALLOWED,Insufficient funds detected. Automated collection is intentionally avoided and the transaction is escalated.,True,Transaction escalated to merchant.,ESCALATED,0.0,False,0
2026-09-03T23:13:33.482220,TX01878,13147.07,TIMEOUT,0.7636,RETRY_PAYMENT,ALLOWED,Timeout with 76.36% predicted recovery probability. Automatic retry is permitted.,True,Payment retry succeeded.,SUCCESS,13147.07,True,0
2026-09-03T23:13:33.496241,TX01881,10578.99,TIMEOUT,0.6468,CREATE_PAYMENT_LINK,ALLOWED,Timeout with 64.68% predicted recovery probability. A payment link provides a safer recovery path.,True,Payment link created successfully.,SUCCESS,10578.99,True,1
2026-09-03T23:13:33.508786,TX01890,11774.65,NETWORK_ERROR,0.6096,ESCALATE,BLOCKED,Automated recovery blocked because maximum retry limit of 2 has been reached.,True,Transaction escalated to merchant.,ESCALATED,0.0,True,2
2026-09-03T23:13:33.516764,TX01893,11162.37,TIMEOUT,0.7677,RETRY_PAYMENT,ALLOWED,Timeout with 76.77% predicted recovery probability. Automatic retry is permitted.,True,Payment retry succeeded.,SUCCESS,11162.37,True,0
2026-09-03T23:13:33.523763,TX01894,12357.07,EXPIRED_CARD,0.1364,ESCALATE,ALLOWED,Expired card detected. The payment method must be updated before recovery.,True,Transaction escalated to merchant.,ESCALATED,0.0,True,1
2026-09-03T23:13:33.530766,TX01898,13430.68,EXPIRED_CARD,0.2377,ESCALATE,ALLOWED,Expired card detected. The payment method must be updated before recovery.,True,Transaction escalated to merchant.,ESCALATED,0.0,True,0
2026-09-03T23:13:33.541764,TX01901,13948.44,NETWORK_ERROR,0.7267,RETRY_PAYMENT,ALLOWED,Network failure with 72.67% predicted recovery probability. Automatic retry is permitted.,False,Payment retry failed. Transaction escalated to merchant.,ESCALATED,0.0,False,1
2026-09-03T23:13:33.548767,TX01902,11653.48,NETWORK_ERROR,0.7447,RETRY_PAYMENT,ALLOWED,Network failure with 74.47% predicted recovery probability. Automatic retry is permitted.,False,Payment retry failed. Transaction escalated to merchant.,ESCALATED,0.0,False,1
2026-09-03T23:13:33.557764,TX01903,12856.57,TIMEOUT,0.6946,CREATE_PAYMENT_LINK,ALLOWED,Timeout with 69.46% predicted recovery probability. A payment link provides a safer recovery path.,True,Payment link created successfully.,SUCCESS,12856.57,True,1
2026-09-03T23:13:33.564776,TX01911,12597.06,FRAUD_SUSPECTED,0.031,ESCALATE,BLOCKED,Automated recovery blocked because fraud was suspected.,True,Transaction escalated to merchant.,ESCALATED,0.0,False,2
2026-09-03T23:13:33.576768,TX01913,11025.55,TIMEOUT,0.8022,RETRY_PAYMENT,ALLOWED,Timeout with 80.22% predicted recovery probability. Automatic retry is permitted.,True,Payment retry succeeded.,SUCCESS,11025.55,True,0
2026-09-03T23:13:33.588769,TX01918,10129.42,EXPIRED_CARD,0.1817,ESCALATE,ALLOWED,Expired card detected. The payment method must be updated before recovery.,True,Transaction escalated to merchant.,ESCALATED,0.0,True,0
2026-09-03T23:13:33.598812,TX01934,10124.84,BANK_DECLINE,0.4025,ESCALATE,ALLOWED,Bank decline with 40.25% predicted recovery probability. Merchant/customer intervention is recommended.,True,Transaction escalated to merchant.,ESCALATED,0.0,True,1
2026-09-03T23:13:33.610335,TX01938,3796.09,TIMEOUT,0.5881,ESCALATE,BLOCKED,Automated recovery blocked because maximum retry limit of 2 has been reached.,True,Transaction escalated to merchant.,ESCALATED,0.0,False,2
2026-09-03T23:13:33.623323,TX01939,14570.46,BANK_DECLINE,0.5376,CREATE_PAYMENT_LINK,ALLOWED,Bank decline with 53.76% predicted recovery probability. A payment link provides an alternative payment path without blindly retrying the decline.,True,Payment link created successfully.,SUCCESS,14570.46,True,0
2026-09-03T23:13:33.633326,TX01942,11648.51,INSUFFICIENT_FUNDS,0.2112,ESCALATE,BLOCKED,Automated recovery blocked because maximum retry limit of 2 has been reached.,True,Transaction escalated to merchant.,ESCALATED,0.0,False,2
2026-09-03T23:13:33.645323,TX01947,14583.69,TIMEOUT,0.5646,ESCALATE,BLOCKED,Automated recovery blocked because maximum retry limit of 2 has been reached.,True,Transaction escalated to merchant.,ESCALATED,0.0,False,2
2026-09-03T23:13:33.657324,TX01951,2751.28,NETWORK_ERROR,0.8119,RETRY_PAYMENT,ALLOWED,Network failure with 81.19% predicted recovery probability. Automatic retry is permitted.,True,Payment retry succeeded.,SUCCESS,2751.28,True,0
2026-09-03T23:13:33.667324,TX01952,10826.46,FRAUD_SUSPECTED,0.0289,ESCALATE,BLOCKED,Automated recovery blocked because fraud was suspected.,True,Transaction escalated to merchant.,ESCALATED,0.0,False,2
2026-09-03T23:13:33.678334,TX01953,6192.83,EXPIRED_CARD,0.1402,ESCALATE,ALLOWED,Expired card detected. The payment method must be updated before recovery.,True,Transaction escalated to merchant.,ESCALATED,0.0,False,1
2026-09-03T23:13:33.690324,TX01954,305.2,INSUFFICIENT_FUNDS,0.2341,ESCALATE,BLOCKED,Automated recovery blocked because maximum retry limit of 2 has been reached.,True,Transaction escalated to merchant.,ESCALATED,0.0,False,2
2026-09-03T23:13:33.702340,TX01955,1170.57,NETWORK_ERROR,0.7794,RETRY_PAYMENT,ALLOWED,Network failure with 77.94% predicted recovery probability. Automatic retry is permitted.,False,Payment retry failed. Transaction escalated to merchant.,ESCALATED,0.0,False,1
2026-09-03T23:13:33.712883,TX01956,3864.21,NETWORK_ERROR,0.7739,RETRY_PAYMENT,ALLOWED,Network failure with 77.39% predicted recovery probability. Automatic retry is permitted.,True,Payment retry succeeded.,SUCCESS,3864.21,True,1
2026-09-03T23:13:33.723874,TX01964,13165.96,FRAUD_SUSPECTED,0.0411,ESCALATE,BLOCKED,Automated recovery blocked because fraud was suspected.,True,Transaction escalated to merchant.,ESCALATED,0.0,False,1
2026-09-03T23:13:33.734877,TX01970,4418.99,INSUFFICIENT_FUNDS,0.3461,ESCALATE,ALLOWED,Insufficient funds detected. Automated collection is intentionally avoided and the transaction is escalated.,True,Transaction escalated to merchant.,ESCALATED,0.0,True,1
2026-09-03T23:13:33.746875,TX01972,3868.34,NETWORK_ERROR,0.7568,RETRY_PAYMENT,ALLOWED,Network failure with 75.68% predicted recovery probability. Automatic retry is permitted.,True,Payment retry succeeded.,SUCCESS,3868.34,True,1
2026-09-03T23:13:33.758876,TX01978,10858.85,TIMEOUT,0.7192,RETRY_PAYMENT,ALLOWED,Timeout with 71.92% predicted recovery probability. Automatic retry is permitted.,True,Payment retry succeeded.,SUCCESS,10858.85,True,1
2026-09-03T23:13:33.770874,TX01979,12253.46,INSUFFICIENT_FUNDS,0.2618,ESCALATE,ALLOWED,Insufficient funds detected. Automated collection is intentionally avoided and the transaction is escalated.,True,Transaction escalated to merchant.,ESCALATED,0.0,True,1
2026-09-03T23:13:33.782876,TX01983,4366.5,NETWORK_ERROR,0.7729,RETRY_PAYMENT,ALLOWED,Network failure with 77.29% predicted recovery probability. Automatic retry is permitted.,True,Payment retry succeeded.,SUCCESS,4366.5,True,1
2026-09-03T23:13:33.794907,TX01996,10048.9,TIMEOUT,0.5541,ESCALATE,BLOCKED,Automated recovery blocked because maximum retry limit of 2 has been reached.,True,Transaction escalated to merchant.,ESCALATED,0.0,True,2
2026-09-03T23:13:33.805914,TX01998,4620.51,FRAUD_SUSPECTED,0.06,ESCALATE,BLOCKED,Automated recovery blocked because fraud was suspected.,True,Transaction escalated to merchant.,ESCALATED,0.0,False,1
2026-09-03T23:13:33.817075,TX02005,13362.48,TIMEOUT,0.7132,RETRY_PAYMENT,ALLOWED,Timeout with 71.32% predicted recovery probability. Automatic retry is permitted.,False,Payment retry failed. Transaction escalated to merchant.,ESCALATED,0.0,False,1
2026-09-03T23:13:33.827074,TX02014,7607.85,NETWORK_ERROR,0.8562,RETRY_PAYMENT,ALLOWED,Network failure with 85.62% predicted recovery probability. Automatic retry is permitted.,True,Payment retry succeeded.,SUCCESS,7607.85,True,0
2026-09-03T23:13:33.835080,TX02015,7306.41,NETWORK_ERROR,0.6219,ESCALATE,BLOCKED,Automated recovery blocked because maximum retry limit of 2 has been reached.,True,Transaction escalated to merchant.,ESCALATED,0.0,False,2
2026-09-03T23:13:33.844074,TX02023,9323.6,TIMEOUT,0.7715,RETRY_PAYMENT,ALLOWED,Timeout with 77.15% predicted recovery probability. Automatic retry is permitted.,True,Payment retry succeeded.,SUCCESS,9323.6,True,0
2026-09-03T23:13:33.852077,TX02025,11011.41,NETWORK_ERROR,0.6919,CREATE_PAYMENT_LINK,ALLOWED,Network failure with 69.19% predicted recovery probability. A payment link is safer than an automatic retry.,True,Payment link created successfully. Transaction escalated to merchant.,ESCALATED,0.0,False,1
2026-09-03T23:13:33.861076,TX02028,7645.32,TIMEOUT,0.775,RETRY_PAYMENT,ALLOWED,Timeout with 77.50% predicted recovery probability. Automatic retry is permitted.,False,Payment retry failed. Transaction escalated to merchant.,ESCALATED,0.0,False,0
2026-09-03T23:13:33.869075,TX02033,8581.46,NETWORK_ERROR,0.8498,RETRY_PAYMENT,ALLOWED,Network failure with 84.98% predicted recovery probability. Automatic retry is permitted.,True,Payment retry succeeded.,SUCCESS,8581.46,True,0
2026-09-03T23:13:33.878075,TX02037,6843.06,NETWORK_ERROR,0.6294,ESCALATE,BLOCKED,Automated recovery blocked because maximum retry limit of 2 has been reached.,True,Transaction escalated to merchant.,ESCALATED,0.0,False,2
2026-09-03T23:13:33.886077,TX02038,14044.98,TIMEOUT,0.8071,RETRY_PAYMENT,ALLOWED,Timeout with 80.71% predicted recovery probability. Automatic retry is permitted.,True,Payment retry succeeded.,SUCCESS,14044.98,True,0
2026-09-03T23:13:33.894103,TX02040,13950.52,EXPIRED_CARD,0.1297,ESCALATE,ALLOWED,Expired card detected. The payment method must be updated before recovery.,True,Transaction escalated to merchant.,ESCALATED,0.0,False,1
2026-09-03T23:13:33.903106,TX02043,7362.22,EXPIRED_CARD,0.0674,ESCALATE,BLOCKED,Automated recovery blocked because maximum retry limit of 2 has been reached.,True,Transaction escalated to merchant.,ESCALATED,0.0,False,2
2026-09-03T23:13:33.914671,TX02052,11293.42,BANK_DECLINE,0.2545,ESCALATE,BLOCKED,Automated recovery blocked because maximum retry limit of 2 has been reached.,True,Transaction escalated to merchant.,ESCALATED,0.0,True,2
2026-09-03T23:13:33.925666,TX02053,5958.05,FRAUD_SUSPECTED,0.0781,ESCALATE,BLOCKED,Automated recovery blocked because fraud was suspected.,True,Transaction escalated to merchant.,ESCALATED,0.0,False,0
2026-09-03T23:13:33.936681,TX02059,369.66,INSUFFICIENT_FUNDS,0.3569,ESCALATE,ALLOWED,Insufficient funds detected. Automated collection is intentionally avoided and the transaction is escalated.,True,Transaction escalated to merchant.,ESCALATED,0.0,False,1
2026-09-03T23:13:33.947681,TX02069,1277.55,TIMEOUT,0.6047,ESCALATE,BLOCKED,Automated recovery blocked because maximum retry limit of 2 has been reached.,True,Transaction escalated to merchant.,ESCALATED,0.0,False,2
2026-09-03T23:13:33.960668,TX02072,14268.07,EXPIRED_CARD,0.2307,ESCALATE,ALLOWED,Expired card detected. The payment method must be updated before recovery.,True,Transaction escalated to merchant.,ESCALATED,0.0,False,0
2026-09-03T23:13:33.973668,TX02079,5446.72,EXPIRED_CARD,0.2373,ESCALATE,ALLOWED,Expired card detected. The payment method must be updated before recovery.,True,Transaction escalated to merchant.,ESCALATED,0.0,True,0
2026-09-03T23:13:33.985670,TX02081,672.05,NETWORK_ERROR,0.8156,RETRY_PAYMENT,ALLOWED,Network failure with 81.56% predicted recovery probability. Automatic retry is permitted.,True,Payment retry succeeded.,SUCCESS,672.05,True,0
2026-09-03T23:13:33.997684,TX02090,3793.74,BANK_DECLINE,0.3408,ESCALATE,ALLOWED,Bank decline with 34.08% predicted recovery probability. Merchant/customer intervention is recommended.,True,Transaction escalated to merchant.,ESCALATED,0.0,False,1
2026-09-03T23:13:34.009216,TX02091,6977.08,TIMEOUT,0.7763,RETRY_PAYMENT,ALLOWED,Timeout with 77.63% predicted recovery probability. Automatic retry is permitted.,False,Payment retry failed. Transaction escalated to merchant.,ESCALATED,0.0,False,0
2026-09-03T23:13:34.021216,TX02103,4714.71,FRAUD_SUSPECTED,0.0254,ESCALATE,BLOCKED,Automated recovery blocked because fraud was suspected.,True,Transaction escalated to merchant.,ESCALATED,0.0,False,2
2026-09-03T23:13:34.032215,TX02104,9996.88,BANK_DECLINE,0.541,CREATE_PAYMENT_LINK,ALLOWED,Bank decline with 54.10% predicted recovery probability. A payment link provides an alternative payment path without blindly retrying the decline.,True,Payment link created successfully.,SUCCESS,9996.88,True,0
2026-09-03T23:13:34.043225,TX02107,2515.04,BANK_DECLINE,0.2692,ESCALATE,BLOCKED,Automated recovery blocked because maximum retry limit of 2 has been reached.,True,Transaction escalated to merchant.,ESCALATED,0.0,False,2
2026-09-03T23:13:34.055218,TX02108,9301.18,BANK_DECLINE,0.5356,CREATE_PAYMENT_LINK,ALLOWED,Bank decline with 53.56% predicted recovery probability. A payment link provides an alternative payment path without blindly retrying the decline.,True,Payment link created successfully. Transaction escalated to merchant.,ESCALATED,0.0,False,0
2026-09-03T23:13:34.066214,TX02114,2649.24,NETWORK_ERROR,0.7594,RETRY_PAYMENT,ALLOWED,Network failure with 75.94% predicted recovery probability. Automatic retry is permitted.,False,Payment retry failed. Transaction escalated to merchant.,ESCALATED,0.0,False,1
2026-09-03T23:13:34.078216,TX02117,13665.02,INSUFFICIENT_FUNDS,0.388,ESCALATE,ALLOWED,Insufficient funds detected. Automated collection is intentionally avoided and the transaction is escalated.,True,Transaction escalated to merchant.,ESCALATED,0.0,True,0
2026-09-03T23:13:34.105247,TX02119,8897.9,TIMEOUT,0.7724,RETRY_PAYMENT,ALLOWED,Timeout with 77.24% predicted recovery probability. Automatic retry is permitted.,False,Payment retry failed. Transaction escalated to merchant.,ESCALATED,0.0,False,0
2026-09-03T23:13:34.126765,TX02120,14820.88,TIMEOUT,0.76,RETRY_PAYMENT,ALLOWED,Timeout with 76.00% predicted recovery probability. Automatic retry is permitted.,True,Payment retry succeeded.,SUCCESS,14820.88,True,0
2026-09-03T23:13:34.142768,TX02123,1521.17,FRAUD_SUSPECTED,0.0589,ESCALATE,BLOCKED,Automated recovery blocked because fraud was suspected.,True,Transaction escalated to merchant.,ESCALATED,0.0,False,1
2026-09-03T23:13:34.154768,TX02125,13592.91,BANK_DECLINE,0.456,ESCALATE,ALLOWED,Bank decline with 45.60% predicted recovery probability. Merchant/customer intervention is recommended.,True,Transaction escalated to merchant.,ESCALATED,0.0,True,0
2026-09-03T23:13:34.165759,TX02127,9953.39,NETWORK_ERROR,0.6302,ESCALATE,BLOCKED,Automated recovery blocked because maximum retry limit of 2 has been reached.,True,Transaction escalated to merchant.,ESCALATED,0.0,False,2
2026-09-03T23:13:34.174779,TX02129,5886.25,INSUFFICIENT_FUNDS,0.3276,ESCALATE,ALLOWED,Insufficient funds detected. Automated collection is intentionally avoided and the transaction is escalated.,True,Transaction escalated to merchant.,ESCALATED,0.0,True,1
2026-09-03T23:13:34.182759,TX02130,11826.57,INSUFFICIENT_FUNDS,0.4687,ESCALATE,ALLOWED,Insufficient funds detected. Automated collection is intentionally avoided and the transaction is escalated.,True,Transaction escalated to merchant.,ESCALATED,0.0,False,0
2026-09-03T23:13:34.191762,TX02134,3871.53,TIMEOUT,0.7757,RETRY_PAYMENT,ALLOWED,Timeout with 77.57% predicted recovery probability. Automatic retry is permitted.,True,Payment retry succeeded.,SUCCESS,3871.53,True,0
2026-09-03T23:13:34.199773,TX02136,9376.67,BANK_DECLINE,0.3976,ESCALATE,ALLOWED,Bank decline with 39.76% predicted recovery probability. Merchant/customer intervention is recommended.,True,Transaction escalated to merchant.,ESCALATED,0.0,True,1
2026-09-03T23:13:34.210325,TX02145,8758.88,INSUFFICIENT_FUNDS,0.2219,ESCALATE,BLOCKED,Automated recovery blocked because maximum retry limit of 2 has been reached.,True,Transaction escalated to merchant.,ESCALATED,0.0,False,2
2026-09-03T23:13:34.218322,TX02146,3647.42,BANK_DECLINE,0.2218,ESCALATE,BLOCKED,Automated recovery blocked because maximum retry limit of 2 has been reached.,True,Transaction escalated to merchant.,ESCALATED,0.0,False,2
2026-09-03T23:13:34.226324,TX02153,13742.81,INSUFFICIENT_FUNDS,0.2121,ESCALATE,BLOCKED,Automated recovery blocked because maximum retry limit of 2 has been reached.,True,Transaction escalated to merchant.,ESCALATED,0.0,False,2
2026-09-03T23:13:34.235325,TX02159,6946.99,INSUFFICIENT_FUNDS,0.3372,ESCALATE,ALLOWED,Insufficient funds detected. Automated collection is intentionally avoided and the transaction is escalated.,True,Transaction escalated to merchant.,ESCALATED,0.0,True,1
2026-09-03T23:13:34.245323,TX02174,1227.94,TIMEOUT,0.8334,RETRY_PAYMENT,ALLOWED,Timeout with 83.34% predicted recovery probability. Automatic retry is permitted.,True,Payment retry succeeded.,SUCCESS,1227.94,True,0
2026-09-03T23:13:34.253323,TX02175,4894.29,EXPIRED_CARD,0.1554,ESCALATE,ALLOWED,Expired card detected. The payment method must be updated before recovery.,True,Transaction escalated to merchant.,ESCALATED,0.0,False,1
2026-09-03T23:13:34.261321,TX02177,8712.44,NETWORK_ERROR,0.5495,ESCALATE,BLOCKED,Automated recovery blocked because maximum retry limit of 2 has been reached.,True,Transaction escalated to merchant.,ESCALATED,0.0,False,2
2026-09-03T23:13:34.270327,TX02181,4210.31,TIMEOUT,0.8146,RETRY_PAYMENT,ALLOWED,Timeout with 81.46% predicted recovery probability. Automatic retry is permitted.,True,Payment retry succeeded.,SUCCESS,4210.31,True,0
2026-09-03T23:13:34.277334,TX02188,4452.11,TIMEOUT,0.6029,ESCALATE,BLOCKED,Automated recovery blocked because maximum retry limit of 2 has been reached.,True,Transaction escalated to merchant.,ESCALATED,0.0,True,2
2026-09-03T23:13:34.287322,TX02196,5812.93,BANK_DECLINE,0.2805,ESCALATE,BLOCKED,Automated recovery blocked because maximum retry limit of 2 has been reached.,True,Transaction escalated to merchant.,ESCALATED,0.0,True,2
2026-09-03T23:13:34.297347,TX02197,9761.23,BANK_DECLINE,0.2713,ESCALATE,BLOCKED,Automated recovery blocked because maximum retry limit of 2 has been reached.,True,Transaction escalated to merchant.,ESCALATED,0.0,False,2
2026-09-03T23:13:34.309912,TX02206,10550.13,NETWORK_ERROR,0.852,RETRY_PAYMENT,ALLOWED,Network failure with 85.20% predicted recovery probability. Automatic retry is permitted.,False,Payment retry failed. Transaction escalated to merchant.,ESCALATED,0.0,False,0
2026-09-03T23:13:34.322907,TX02223,12700.36,BANK_DECLINE,0.3728,ESCALATE,ALLOWED,Bank decline with 37.28% predicted recovery probability. Merchant/customer intervention is recommended.,True,Transaction escalated to merchant.,ESCALATED,0.0,False,1
2026-09-03T23:13:34.332910,TX02228,12834.42,NETWORK_ERROR,0.7998,RETRY_PAYMENT,ALLOWED,Network failure with 79.98% predicted recovery probability. Automatic retry is permitted.,False,Payment retry failed. Transaction escalated to merchant.,ESCALATED,0.0,False,0
2026-09-03T23:13:34.343922,TX02234,2068.78,INSUFFICIENT_FUNDS,0.2304,ESCALATE,BLOCKED,Automated recovery blocked because maximum retry limit of 2 has been reached.,True,Transaction escalated to merchant.,ESCALATED,0.0,False,2
2026-09-03T23:13:34.356909,TX02236,8822.72,TIMEOUT,0.7726,RETRY_PAYMENT,ALLOWED,Timeout with 77.26% predicted recovery probability. Automatic retry is permitted.,True,Payment retry succeeded.,SUCCESS,8822.72,True,0
2026-09-03T23:13:34.367911,TX02239,8778.38,INSUFFICIENT_FUNDS,0.3116,ESCALATE,ALLOWED,Insufficient funds detected. Automated collection is intentionally avoided and the transaction is escalated.,True,Transaction escalated to merchant.,ESCALATED,0.0,False,1
2026-09-03T23:13:34.378914,TX02243,7481.36,INSUFFICIENT_FUNDS,0.2083,ESCALATE,BLOCKED,Automated recovery blocked because maximum retry limit of 2 has been reached.,True,Transaction escalated to merchant.,ESCALATED,0.0,False,2
2026-09-03T23:13:34.390910,TX02245,10975.12,NETWORK_ERROR,0.6118,ESCALATE,BLOCKED,Automated recovery blocked because maximum retry limit of 2 has been reached.,True,Transaction escalated to merchant.,ESCALATED,0.0,True,2
2026-09-03T23:13:34.405923,TX02249,5192.22,BANK_DECLINE,0.4068,ESCALATE,ALLOWED,Bank decline with 40.68% predicted recovery probability. Merchant/customer intervention is recommended.,True,Transaction escalated to merchant.,ESCALATED,0.0,False,1
2026-09-03T23:13:34.417450,TX02257,7490.95,INSUFFICIENT_FUNDS,0.3447,ESCALATE,ALLOWED,Insufficient funds detected. Automated collection is intentionally avoided and the transaction is escalated.,True,Transaction escalated to merchant.,ESCALATED,0.0,False,1
2026-09-03T23:13:34.428448,TX02272,11367.89,NETWORK_ERROR,0.6332,ESCALATE,BLOCKED,Automated recovery blocked because maximum retry limit of 2 has been reached.,True,Transaction escalated to merchant.,ESCALATED,0.0,False,2
2026-09-03T23:13:34.441450,TX02276,6983.89,TIMEOUT,0.5958,ESCALATE,BLOCKED,Automated recovery blocked because maximum retry limit of 2 has been reached.,True,Transaction escalated to merchant.,ESCALATED,0.0,True,2
2026-09-03T23:13:34.452452,TX02281,9909.42,TIMEOUT,0.8247,RETRY_PAYMENT,ALLOWED,Timeout with 82.47% predicted recovery probability. Automatic retry is permitted.,True,Payment retry succeeded.,SUCCESS,9909.42,True,0
2026-09-03T23:13:34.461453,TX02291,13496.04,BANK_DECLINE,0.4563,ESCALATE,ALLOWED,Bank decline with 45.63% predicted recovery probability. Merchant/customer intervention is recommended.,True,Transaction escalated to merchant.,ESCALATED,0.0,True,0
2026-09-03T23:13:34.470472,TX02293,5557.35,BANK_DECLINE,0.5465,CREATE_PAYMENT_LINK,ALLOWED,Bank decline with 54.65% predicted recovery probability. A payment link provides an alternative payment path without blindly retrying the decline.,True,Payment link created successfully. Transaction escalated to merchant.,ESCALATED,0.0,False,0
2026-09-03T23:13:34.478449,TX02304,2447.85,EXPIRED_CARD,0.256,ESCALATE,ALLOWED,Expired card detected. The payment method must be updated before recovery.,True,Transaction escalated to merchant.,ESCALATED,0.0,True,0
2026-09-03T23:13:34.487460,TX02305,8622.51,BANK_DECLINE,0.3902,ESCALATE,ALLOWED,Bank decline with 39.02% predicted recovery probability. Merchant/customer intervention is recommended.,True,Transaction escalated to merchant.,ESCALATED,0.0,True,1
2026-09-03T23:13:34.497469,TX02308,6044.41,EXPIRED_CARD,0.2481,ESCALATE,ALLOWED,Expired card detected. The payment method must be updated before recovery.,True,Transaction escalated to merchant.,ESCALATED,0.0,True,0
2026-09-03T23:13:34.508466,TX02311,6661.3,TIMEOUT,0.58,ESCALATE,BLOCKED,Automated recovery blocked because maximum retry limit of 2 has been reached.,True,Transaction escalated to merchant.,ESCALATED,0.0,False,2
2026-09-03T23:13:34.519783,TX02321,5065.22,BANK_DECLINE,0.3938,ESCALATE,ALLOWED,Bank decline with 39.38% predicted recovery probability. Merchant/customer intervention is recommended.,True,Transaction escalated to merchant.,ESCALATED,0.0,True,1
2026-09-03T23:13:34.530786,TX02327,9687.35,BANK_DECLINE,0.2099,ESCALATE,BLOCKED,Automated recovery blocked because maximum retry limit of 2 has been reached.,True,Transaction escalated to merchant.,ESCALATED,0.0,True,2
2026-09-03T23:13:34.544784,TX02329,7048.46,NETWORK_ERROR,0.638,ESCALATE,BLOCKED,Automated recovery blocked because maximum retry limit of 2 has been reached.,True,Transaction escalated to merchant.,ESCALATED,0.0,True,2
2026-09-03T23:13:34.553795,TX02331,13938.74,FRAUD_SUSPECTED,0.0318,ESCALATE,BLOCKED,Automated recovery blocked because fraud was suspected.,True,Transaction escalated to merchant.,ESCALATED,0.0,False,2
2026-09-03T23:13:34.564783,TX02335,903.21,TIMEOUT,0.5962,ESCALATE,BLOCKED,Automated recovery blocked because maximum retry limit of 2 has been reached.,True,Transaction escalated to merchant.,ESCALATED,0.0,True,2
2026-09-03T23:13:34.577782,TX02339,8688.07,FRAUD_SUSPECTED,0.0432,ESCALATE,BLOCKED,Automated recovery blocked because fraud was suspected.,True,Transaction escalated to merchant.,ESCALATED,0.0,False,1
2026-09-03T23:13:34.587785,TX02343,2131.08,EXPIRED_CARD,0.2624,ESCALATE,ALLOWED,Expired card detected. The payment method must be updated before recovery.,True,Transaction escalated to merchant.,ESCALATED,0.0,False,0
2026-09-03T23:13:34.599802,TX02344,4408.22,NETWORK_ERROR,0.7676,RETRY_PAYMENT,ALLOWED,Network failure with 76.76% predicted recovery probability. Automatic retry is permitted.,False,Payment retry failed. Transaction escalated to merchant.,ESCALATED,0.0,False,1
2026-09-03T23:13:34.611377,TX02347,11335.2,BANK_DECLINE,0.3992,ESCALATE,ALLOWED,Bank decline with 39.92% predicted recovery probability. Merchant/customer intervention is recommended.,True,Transaction escalated to merchant.,ESCALATED,0.0,False,1
2026-09-03T23:13:34.624365,TX02366,9427.89,INSUFFICIENT_FUNDS,0.2046,ESCALATE,BLOCKED,Automated recovery blocked because maximum retry limit of 2 has been reached.,True,Transaction escalated to merchant.,ESCALATED,0.0,False,2
2026-09-03T23:13:34.635936,TX02367,3772.8,FRAUD_SUSPECTED,0.0333,ESCALATE,BLOCKED,Automated recovery blocked because fraud was suspected.,True,Transaction escalated to merchant.,ESCALATED,0.0,False,2
2026-09-03T23:13:34.646364,TX02370,3911.0,TIMEOUT,0.829,RETRY_PAYMENT,ALLOWED,Timeout with 82.90% predicted recovery probability. Automatic retry is permitted.,True,Payment retry succeeded.,SUCCESS,3911.0,True,0
2026-09-03T23:13:34.660367,TX02377,6106.75,INSUFFICIENT_FUNDS,0.211,ESCALATE,BLOCKED,Automated recovery blocked because maximum retry limit of 2 has been reached.,True,Transaction escalated to merchant.,ESCALATED,0.0,False,2
2026-09-03T23:13:34.674369,TX02382,5923.81,TIMEOUT,0.6501,CREATE_PAYMENT_LINK,ALLOWED,Timeout with 65.01% predicted recovery probability. A payment link provides a safer recovery path.,True,Payment link created successfully. Transaction escalated to merchant.,ESCALATED,0.0,False,1
2026-09-03T23:13:34.694389,TX02392,13068.85,NETWORK_ERROR,0.6781,CREATE_PAYMENT_LINK,ALLOWED,Network failure with 67.81% predicted recovery probability. A payment link is safer than an automatic retry.,True,Payment link created successfully. Transaction escalated to merchant.,ESCALATED,0.0,False,1
2026-09-03T23:13:34.720927,TX02393,2445.3,BANK_DECLINE,0.5652,CREATE_PAYMENT_LINK,ALLOWED,Bank decline with 56.52% predicted recovery probability. A payment link provides an alternative payment path without blindly retrying the decline.,True,Payment link created successfully.,SUCCESS,2445.3,True,0
2026-09-03T23:13:34.740928,TX02404,2529.2,BANK_DECLINE,0.565,CREATE_PAYMENT_LINK,ALLOWED,Bank decline with 56.50% predicted recovery probability. A payment link provides an alternative payment path without blindly retrying the decline.,True,Payment link created successfully.,SUCCESS,2529.2,True,0
2026-09-03T23:13:34.751922,TX02406,2734.38,BANK_DECLINE,0.4875,ESCALATE,ALLOWED,Bank decline with 48.75% predicted recovery probability. Merchant/customer intervention is recommended.,True,Transaction escalated to merchant.,ESCALATED,0.0,False,0
2026-09-03T23:13:34.767934,TX02407,5770.11,FRAUD_SUSPECTED,0.0615,ESCALATE,BLOCKED,Automated recovery blocked because fraud was suspected.,True,Transaction escalated to merchant.,ESCALATED,0.0,False,1
2026-09-03T23:13:34.775929,TX02416,10551.51,TIMEOUT,0.502,ESCALATE,BLOCKED,Automated recovery blocked because maximum retry limit of 2 has been reached.,True,Transaction escalated to merchant.,ESCALATED,0.0,True,2
2026-09-03T23:13:34.783927,TX02441,12752.71,TIMEOUT,0.8094,RETRY_PAYMENT,ALLOWED,Timeout with 80.94% predicted recovery probability. Automatic retry is permitted.,True,Payment retry succeeded.,SUCCESS,12752.71,True,0
2026-09-03T23:13:34.792645,TX02449,4007.07,EXPIRED_CARD,0.1568,ESCALATE,ALLOWED,Expired card detected. The payment method must be updated before recovery.,True,Transaction escalated to merchant.,ESCALATED,0.0,False,1
2026-09-03T23:13:34.800676,TX02454,2478.07,NETWORK_ERROR,0.5771,ESCALATE,BLOCKED,Automated recovery blocked because maximum retry limit of 2 has been reached.,True,Transaction escalated to merchant.,ESCALATED,0.0,False,2
2026-09-03T23:13:34.809211,TX02462,8987.33,BANK_DECLINE,0.3274,ESCALATE,ALLOWED,Bank decline with 32.74% predicted recovery probability. Merchant/customer intervention is recommended.,True,Transaction escalated to merchant.,ESCALATED,0.0,True,1
2026-09-03T23:13:34.817248,TX02473,1052.58,NETWORK_ERROR,0.5812,ESCALATE,BLOCKED,Automated recovery blocked because maximum retry limit of 2 has been reached.,True,Transaction escalated to merchant.,ESCALATED,0.0,False,2
2026-09-03T23:13:34.825225,TX02474,6018.69,TIMEOUT,0.5985,ESCALATE,BLOCKED,Automated recovery blocked because maximum retry limit of 2 has been reached.,True,Transaction escalated to merchant.,ESCALATED,0.0,True,2
2026-09-03T23:13:34.833984,TX02481,14317.71,INSUFFICIENT_FUNDS,0.2572,ESCALATE,ALLOWED,Insufficient funds detected. Automated collection is intentionally avoided and the transaction is escalated.,True,Transaction escalated to merchant.,ESCALATED,0.0,True,1
2026-09-03T23:13:34.842955,TX02489,9584.08,TIMEOUT,0.7026,RETRY_PAYMENT,ALLOWED,Timeout with 70.26% predicted recovery probability. Automatic retry is permitted.,True,Payment retry succeeded.,SUCCESS,9584.08,True,1
2026-09-03T23:13:34.850974,TX02492,11246.37,INSUFFICIENT_FUNDS,0.2641,ESCALATE,ALLOWED,Insufficient funds detected. Automated collection is intentionally avoided and the transaction is escalated.,True,Transaction escalated to merchant.,ESCALATED,0.0,False,1
2026-09-03T23:13:34.859962,TX02496,12971.5,NETWORK_ERROR,0.7931,RETRY_PAYMENT,ALLOWED,Network failure with 79.31% predicted recovery probability. Automatic retry is permitted.,True,Payment retry succeeded.,SUCCESS,12971.5,True,0
2026-09-03T23:13:34.867956,TX02503,14634.4,NETWORK_ERROR,0.7437,RETRY_PAYMENT,ALLOWED,Network failure with 74.37% predicted recovery probability. Automatic retry is permitted.,True,Payment retry succeeded.,SUCCESS,14634.4,True,1
2026-09-03T23:13:34.877953,TX02505,9162.72,NETWORK_ERROR,0.8503,RETRY_PAYMENT,ALLOWED,Network failure with 85.03% predicted recovery probability. Automatic retry is permitted.,True,Payment retry succeeded.,SUCCESS,9162.72,True,0
2026-09-03T23:13:34.885966,TX02506,2984.5,BANK_DECLINE,0.4868,ESCALATE,ALLOWED,Bank decline with 48.68% predicted recovery probability. Merchant/customer intervention is recommended.,True,Transaction escalated to merchant.,ESCALATED,0.0,True,0
2026-09-03T23:13:34.894965,TX02531,8746.25,NETWORK_ERROR,0.801,RETRY_PAYMENT,ALLOWED,Network failure with 80.10% predicted recovery probability. Automatic retry is permitted.,True,Payment retry succeeded.,SUCCESS,8746.25,True,0
2026-09-03T23:13:34.903963,TX02535,2444.96,TIMEOUT,0.6085,ESCALATE,BLOCKED,Automated recovery blocked because maximum retry limit of 2 has been reached.,True,Transaction escalated to merchant.,ESCALATED,0.0,False,2
2026-09-03T23:13:34.911519,TX02536,6730.53,NETWORK_ERROR,0.7627,RETRY_PAYMENT,ALLOWED,Network failure with 76.27% predicted recovery probability. Automatic retry is permitted.,True,Payment retry succeeded.,SUCCESS,6730.53,True,1
2026-09-03T23:13:34.921052,TX02538,2368.26,NETWORK_ERROR,0.8469,RETRY_PAYMENT,ALLOWED,Network failure with 84.69% predicted recovery probability. Automatic retry is permitted.,True,Payment retry succeeded.,SUCCESS,2368.26,True,0
2026-09-03T23:13:34.928048,TX02540,4351.55,FRAUD_SUSPECTED,0.0571,ESCALATE,BLOCKED,Automated recovery blocked because fraud was suspected.,True,Transaction escalated to merchant.,ESCALATED,0.0,False,1
2026-09-03T23:13:34.937957,TX02542,8410.67,FRAUD_SUSPECTED,0.1035,ESCALATE,BLOCKED,Automated recovery blocked because fraud was suspected.,True,Transaction escalated to merchant.,ESCALATED,0.0,False,0
2026-09-03T23:13:34.946959,TX02553,8608.67,NETWORK_ERROR,0.7465,RETRY_PAYMENT,ALLOWED,Network failure with 74.65% predicted recovery probability. Automatic retry is permitted.,False,Payment retry failed. Transaction escalated to merchant.,ESCALATED,0.0,False,1
2026-09-03T23:13:34.958974,TX02558,1367.28,FRAUD_SUSPECTED,0.0264,ESCALATE,BLOCKED,Automated recovery blocked because fraud was suspected.,True,Transaction escalated to merchant.,ESCALATED,0.0,False,2
2026-09-03T23:13:34.969006,TX02561,13428.61,TIMEOUT,0.8143,RETRY_PAYMENT,ALLOWED,Timeout with 81.43% predicted recovery probability. Automatic retry is permitted.,True,Payment retry succeeded.,SUCCESS,13428.61,True,0
2026-09-03T23:13:34.977062,TX02565,3480.47,EXPIRED_CARD,0.2537,ESCALATE,ALLOWED,Expired card detected. The payment method must be updated before recovery.,True,Transaction escalated to merchant.,ESCALATED,0.0,False,0
2026-09-03T23:13:34.989960,TX02580,14001.17,FRAUD_SUSPECTED,0.0297,ESCALATE,BLOCKED,Automated recovery blocked because fraud was suspected.,True,Transaction escalated to merchant.,ESCALATED,0.0,False,2
2026-09-03T23:13:35.002078,TX02581,8132.86,NETWORK_ERROR,0.7598,RETRY_PAYMENT,ALLOWED,Network failure with 75.98% predicted recovery probability. Automatic retry is permitted.,True,Payment retry succeeded.,SUCCESS,8132.86,True,1
2026-09-03T23:13:35.009586,TX02589,12044.46,EXPIRED_CARD,0.0822,ESCALATE,BLOCKED,Automated recovery blocked because maximum retry limit of 2 has been reached.,True,Transaction escalated to merchant.,ESCALATED,0.0,False,2
2026-09-03T23:13:35.018598,TX02606,8238.2,BANK_DECLINE,0.5486,CREATE_PAYMENT_LINK,ALLOWED,Bank decline with 54.86% predicted recovery probability. A payment link provides an alternative payment path without blindly retrying the decline.,True,Payment link created successfully. Transaction escalated to merchant.,ESCALATED,0.0,False,0
2026-09-03T23:13:35.026596,TX02607,924.16,BANK_DECLINE,0.2728,ESCALATE,BLOCKED,Automated recovery blocked because maximum retry limit of 2 has been reached.,True,Transaction escalated to merchant.,ESCALATED,0.0,True,2
2026-09-03T23:13:35.036696,TX02616,11861.89,INSUFFICIENT_FUNDS,0.2108,ESCALATE,BLOCKED,Automated recovery blocked because maximum retry limit of 2 has been reached.,True,Transaction escalated to merchant.,ESCALATED,0.0,False,2
2026-09-03T23:13:35.046599,TX02619,13753.95,NETWORK_ERROR,0.6041,ESCALATE,BLOCKED,Automated recovery blocked because maximum retry limit of 2 has been reached.,True,Transaction escalated to merchant.,ESCALATED,0.0,False,2
2026-09-03T23:13:35.055601,TX02628,4002.19,EXPIRED_CARD,0.1201,ESCALATE,ALLOWED,Expired card detected. The payment method must be updated before recovery.,True,Transaction escalated to merchant.,ESCALATED,0.0,False,1
2026-09-03T23:13:35.064596,TX02630,3042.86,NETWORK_ERROR,0.6396,ESCALATE,BLOCKED,Automated recovery blocked because maximum retry limit of 2 has been reached.,True,Transaction escalated to merchant.,ESCALATED,0.0,True,2
2026-09-03T23:13:35.073599,TX02633,7840.81,EXPIRED_CARD,0.0883,ESCALATE,BLOCKED,Automated recovery blocked because maximum retry limit of 2 has been reached.,True,Transaction escalated to merchant.,ESCALATED,0.0,False,2
2026-09-03T23:13:35.081601,TX02638,4583.23,EXPIRED_CARD,0.1915,ESCALATE,ALLOWED,Expired card detected. The payment method must be updated before recovery.,True,Transaction escalated to merchant.,ESCALATED,0.0,False,0
2026-09-03T23:13:35.089599,TX02643,3844.12,BANK_DECLINE,0.5612,CREATE_PAYMENT_LINK,ALLOWED,Bank decline with 56.12% predicted recovery probability. A payment link provides an alternative payment path without blindly retrying the decline.,True,Payment link created successfully.,SUCCESS,3844.12,True,0
2026-09-03T23:13:35.098623,TX02644,876.4,EXPIRED_CARD,0.0723,ESCALATE,BLOCKED,Automated recovery blocked because maximum retry limit of 2 has been reached.,True,Transaction escalated to merchant.,ESCALATED,0.0,False,2
2026-09-03T23:13:35.106616,TX02660,2617.87,BANK_DECLINE,0.2881,ESCALATE,BLOCKED,Automated recovery blocked because maximum retry limit of 2 has been reached.,True,Transaction escalated to merchant.,ESCALATED,0.0,True,2
2026-09-03T23:13:35.115331,TX02665,6601.44,INSUFFICIENT_FUNDS,0.4839,ESCALATE,ALLOWED,Insufficient funds detected. Automated collection is intentionally avoided and the transaction is escalated.,True,Transaction escalated to merchant.,ESCALATED,0.0,True,0
2026-09-03T23:13:35.123330,TX02669,700.86,INSUFFICIENT_FUNDS,0.4912,ESCALATE,ALLOWED,Insufficient funds detected. Automated collection is intentionally avoided and the transaction is escalated.,True,Transaction escalated to merchant.,ESCALATED,0.0,False,0
2026-09-03T23:13:35.132330,TX02674,12521.46,INSUFFICIENT_FUNDS,0.4667,ESCALATE,ALLOWED,Insufficient funds detected. Automated collection is intentionally avoided and the transaction is escalated.,True,Transaction escalated to merchant.,ESCALATED,0.0,True,0
2026-09-03T23:13:35.141331,TX02686,9733.71,BANK_DECLINE,0.2714,ESCALATE,BLOCKED,Automated recovery blocked because maximum retry limit of 2 has been reached.,True,Transaction escalated to merchant.,ESCALATED,0.0,False,2
2026-09-03T23:13:35.150331,TX02698,10948.7,BANK_DECLINE,0.3932,ESCALATE,ALLOWED,Bank decline with 39.32% predicted recovery probability. Merchant/customer intervention is recommended.,True,Transaction escalated to merchant.,ESCALATED,0.0,False,1
2026-09-03T23:13:35.158375,TX02701,13489.59,TIMEOUT,0.5775,ESCALATE,BLOCKED,Automated recovery blocked because maximum retry limit of 2 has been reached.,True,Transaction escalated to merchant.,ESCALATED,0.0,True,2
2026-09-03T23:13:35.167331,TX02714,6683.45,EXPIRED_CARD,0.1527,ESCALATE,ALLOWED,Expired card detected. The payment method must be updated before recovery.,True,Transaction escalated to merchant.,ESCALATED,0.0,True,1
2026-09-03T23:13:35.175380,TX02715,7707.32,NETWORK_ERROR,0.8561,RETRY_PAYMENT,ALLOWED,Network failure with 85.61% predicted recovery probability. Automatic retry is permitted.,True,Payment retry succeeded.,SUCCESS,7707.32,True,0
2026-09-03T23:13:35.184333,TX02720,14256.53,TIMEOUT,0.7612,RETRY_PAYMENT,ALLOWED,Timeout with 76.12% predicted recovery probability. Automatic retry is permitted.,True,Payment retry succeeded.,SUCCESS,14256.53,True,0
2026-09-03T23:13:35.191332,TX02723,10972.51,EXPIRED_CARD,0.0783,ESCALATE,BLOCKED,Automated recovery blocked because maximum retry limit of 2 has been reached.,True,Transaction escalated to merchant.,ESCALATED,0.0,False,2
2026-09-03T23:13:35.199548,TX02731,6199.29,BANK_DECLINE,0.5544,CREATE_PAYMENT_LINK,ALLOWED,Bank decline with 55.44% predicted recovery probability. A payment link provides an alternative payment path without blindly retrying the decline.,True,Payment link created successfully.,SUCCESS,6199.29,True,0
2026-09-03T23:13:35.209952,TX02732,10267.08,BANK_DECLINE,0.55,CREATE_PAYMENT_LINK,ALLOWED,Bank decline with 55.00% predicted recovery probability. A payment link provides an alternative payment path without blindly retrying the decline.,True,Payment link created successfully.,SUCCESS,10267.08,True,0
2026-09-03T23:13:35.217964,TX02755,7918.68,NETWORK_ERROR,0.8521,RETRY_PAYMENT,ALLOWED,Network failure with 85.21% predicted recovery probability. Automatic retry is permitted.,True,Payment retry succeeded.,SUCCESS,7918.68,True,0
2026-09-03T23:13:35.226969,TX02763,8495.64,INSUFFICIENT_FUNDS,0.2704,ESCALATE,ALLOWED,Insufficient funds detected. Automated collection is intentionally avoided and the transaction is escalated.,True,Transaction escalated to merchant.,ESCALATED,0.0,False,1
2026-09-03T23:13:35.236964,TX02765,855.49,INSUFFICIENT_FUNDS,0.1823,ESCALATE,BLOCKED,Automated recovery blocked because maximum retry limit of 2 has been reached.,True,Transaction escalated to merchant.,ESCALATED,0.0,False,2
2026-09-03T23:13:35.245967,TX02771,10520.62,NETWORK_ERROR,0.8482,RETRY_PAYMENT,ALLOWED,Network failure with 84.82% predicted recovery probability. Automatic retry is permitted.,True,Payment retry succeeded.,SUCCESS,10520.62,True,0
2026-09-03T23:13:35.258968,TX02775,7575.0,BANK_DECLINE,0.2705,ESCALATE,BLOCKED,Automated recovery blocked because maximum retry limit of 2 has been reached.,True,Transaction escalated to merchant.,ESCALATED,0.0,False,2
2026-09-03T23:13:35.268017,TX02787,4624.21,NETWORK_ERROR,0.8486,RETRY_PAYMENT,ALLOWED,Network failure with 84.86% predicted recovery probability. Automatic retry is permitted.,True,Payment retry succeeded.,SUCCESS,4624.21,True,0
2026-09-03T23:13:35.276057,TX02794,3558.29,NETWORK_ERROR,0.6382,ESCALATE,BLOCKED,Automated recovery blocked because maximum retry limit of 2 has been reached.,True,Transaction escalated to merchant.,ESCALATED,0.0,True,2
2026-09-03T23:13:35.291967,TX02795,14111.82,BANK_DECLINE,0.3914,ESCALATE,ALLOWED,Bank decline with 39.14% predicted recovery probability. Merchant/customer intervention is recommended.,True,Transaction escalated to merchant.,ESCALATED,0.0,True,1
2026-09-03T23:13:35.318508,TX02798,12425.47,NETWORK_ERROR,0.6883,CREATE_PAYMENT_LINK,ALLOWED,Network failure with 68.83% predicted recovery probability. A payment link is safer than an automatic retry.,True,Payment link created successfully.,SUCCESS,12425.47,True,1
2026-09-03T23:13:35.337518,TX02804,3273.77,INSUFFICIENT_FUNDS,0.3559,ESCALATE,ALLOWED,Insufficient funds detected. Automated collection is intentionally avoided and the transaction is escalated.,True,Transaction escalated to merchant.,ESCALATED,0.0,True,1
2026-09-03T23:13:35.349507,TX02832,8014.44,TIMEOUT,0.5858,ESCALATE,BLOCKED,Automated recovery blocked because maximum retry limit of 2 has been reached.,True,Transaction escalated to merchant.,ESCALATED,0.0,True,2
2026-09-03T23:13:35.361505,TX02833,14859.81,TIMEOUT,0.5736,ESCALATE,BLOCKED,Automated recovery blocked because maximum retry limit of 2 has been reached.,True,Transaction escalated to merchant.,ESCALATED,0.0,False,2
2026-09-03T23:13:35.371504,TX02846,8562.01,BANK_DECLINE,0.3974,ESCALATE,ALLOWED,Bank decline with 39.74% predicted recovery probability. Merchant/customer intervention is recommended.,True,Transaction escalated to merchant.,ESCALATED,0.0,False,1
2026-09-03T23:13:35.378503,TX02855,3447.25,EXPIRED_CARD,0.2415,ESCALATE,ALLOWED,Expired card detected. The payment method must be updated before recovery.,True,Transaction escalated to merchant.,ESCALATED,0.0,False,0
2026-09-03T23:13:35.386517,TX02861,7548.6,EXPIRED_CARD,0.1553,ESCALATE,ALLOWED,Expired card detected. The payment method must be updated before recovery.,True,Transaction escalated to merchant.,ESCALATED,0.0,False,1
2026-09-03T23:13:35.394506,TX02868,12317.25,BANK_DECLINE,0.1985,ESCALATE,BLOCKED,Automated recovery blocked because maximum retry limit of 2 has been reached.,True,Transaction escalated to merchant.,ESCALATED,0.0,False,2
2026-09-03T23:13:35.402528,TX02884,8927.13,INSUFFICIENT_FUNDS,0.4012,ESCALATE,ALLOWED,Insufficient funds detected. Automated collection is intentionally avoided and the transaction is escalated.,True,Transaction escalated to merchant.,ESCALATED,0.0,False,0
2026-09-03T23:13:35.413050,TX02885,3134.91,EXPIRED_CARD,0.247,ESCALATE,ALLOWED,Expired card detected. The payment method must be updated before recovery.,True,Transaction escalated to merchant.,ESCALATED,0.0,False,0
2026-09-03T23:13:35.421060,TX02892,915.21,INSUFFICIENT_FUNDS,0.3554,ESCALATE,ALLOWED,Insufficient funds detected. Automated collection is intentionally avoided and the transaction is escalated.,True,Transaction escalated to merchant.,ESCALATED,0.0,True,1
2026-09-03T23:13:35.431049,TX02902,8993.6,EXPIRED_CARD,0.1363,ESCALATE,ALLOWED,Expired card detected. The payment method must be updated before recovery.,True,Transaction escalated to merchant.,ESCALATED,0.0,False,1
2026-09-03T23:13:35.439051,TX02920,8597.1,BANK_DECLINE,0.3997,ESCALATE,ALLOWED,Bank decline with 39.97% predicted recovery probability. Merchant/customer intervention is recommended.,True,Transaction escalated to merchant.,ESCALATED,0.0,False,1
2026-09-03T23:13:35.448049,TX02935,14322.15,TIMEOUT,0.6965,CREATE_PAYMENT_LINK,ALLOWED,Timeout with 69.65% predicted recovery probability. A payment link provides a safer recovery path.,True,Payment link created successfully.,SUCCESS,14322.15,True,1
2026-09-03T23:13:35.459049,TX02941,13852.95,TIMEOUT,0.7121,RETRY_PAYMENT,ALLOWED,Timeout with 71.21% predicted recovery probability. Automatic retry is permitted.,True,Payment retry succeeded.,SUCCESS,13852.95,True,1
2026-09-03T23:13:35.467048,TX02951,1266.95,NETWORK_ERROR,0.7155,RETRY_PAYMENT,ALLOWED,Network failure with 71.55% predicted recovery probability. Automatic retry is permitted.,True,Payment retry succeeded.,SUCCESS,1266.95,True,1
2026-09-03T23:13:35.476055,TX02953,11814.89,FRAUD_SUSPECTED,0.0234,ESCALATE,BLOCKED,Automated recovery blocked because fraud was suspected.,True,Transaction escalated to merchant.,ESCALATED,0.0,False,2
2026-09-03T23:13:35.487058,TX02956,2482.07,TIMEOUT,0.7785,RETRY_PAYMENT,ALLOWED,Timeout with 77.85% predicted recovery probability. Automatic retry is permitted.,True,Payment retry succeeded.,SUCCESS,2482.07,True,0
2026-09-03T23:13:35.500061,TX02957,11504.27,NETWORK_ERROR,0.6104,ESCALATE,BLOCKED,Automated recovery blocked because maximum retry limit of 2 has been reached.,True,Transaction escalated to merchant.,ESCALATED,0.0,True,2
2026-09-03T23:13:35.511592,TX02966,1530.22,INSUFFICIENT_FUNDS,0.2315,ESCALATE,BLOCKED,Automated recovery blocked because maximum retry limit of 2 has been reached.,True,Transaction escalated to merchant.,ESCALATED,0.0,False,2
2026-09-03T23:13:35.524596,TX02971,13942.71,TIMEOUT,0.5762,ESCALATE,BLOCKED,Automated recovery blocked because maximum retry limit of 2 has been reached.,True,Transaction escalated to merchant.,ESCALATED,0.0,False,2
2026-09-03T23:13:35.537590,TX02972,5533.95,INSUFFICIENT_FUNDS,0.4706,ESCALATE,ALLOWED,Insufficient funds detected. Automated collection is intentionally avoided and the transaction is escalated.,True,Transaction escalated to merchant.,ESCALATED,0.0,True,0
2026-09-03T23:13:35.548592,TX02979,9118.56,BANK_DECLINE,0.211,ESCALATE,BLOCKED,Automated recovery blocked because maximum retry limit of 2 has been reached.,True,Transaction escalated to merchant.,ESCALATED,0.0,False,2
2026-09-03T23:13:35.560592,TX02980,10153.06,BANK_DECLINE,0.2646,ESCALATE,BLOCKED,Automated recovery blocked because maximum retry limit of 2 has been reached.,True,Transaction escalated to merchant.,ESCALATED,0.0,True,2
2026-09-03T23:13:35.571589,TX02983,9742.2,BANK_DECLINE,0.2529,ESCALATE,BLOCKED,Automated recovery blocked because maximum retry limit of 2 has been reached.,True,Transaction escalated to merchant.,ESCALATED,0.0,False,2
2026-09-03T23:13:35.580593,TX02989,6610.83,BANK_DECLINE,0.3958,ESCALATE,ALLOWED,Bank decline with 39.58% predicted recovery probability. Merchant/customer intervention is recommended.,True,Transaction escalated to merchant.,ESCALATED,0.0,False,1
2026-09-03T23:13:35.589533,TX02995,2320.65,TIMEOUT,0.7856,RETRY_PAYMENT,ALLOWED,Timeout with 78.56% predicted recovery probability. Automatic retry is permitted.,False,Payment retry failed. Transaction escalated to merchant.,ESCALATED,0.0,False,0
2026-09-03T23:13:35.601247,TX02998,14915.05,TIMEOUT,0.5734,ESCALATE,BLOCKED,Automated recovery blocked because maximum retry limit of 2 has been reached.,True,Transaction escalated to merchant.,ESCALATED,0.0,True,2
2026-09-03T23:13:35.611814,TX03007,7209.68,BANK_DECLINE,0.2714,ESCALATE,BLOCKED,Automated recovery blocked because maximum retry limit of 2 has been reached.,True,Transaction escalated to merchant.,ESCALATED,0.0,False,2
2026-09-03T23:13:35.622825,TX03013,9510.87,TIMEOUT,0.6496,CREATE_PAYMENT_LINK,ALLOWED,Timeout with 64.96% predicted recovery probability. A payment link provides a safer recovery path.,True,Payment link created successfully.,SUCCESS,9510.87,True,1
2026-09-03T23:13:35.632814,TX03027,8714.28,NETWORK_ERROR,0.5495,ESCALATE,BLOCKED,Automated recovery blocked because maximum retry limit of 2 has been reached.,True,Transaction escalated to merchant.,ESCALATED,0.0,True,2
2026-09-03T23:13:35.639840,TX03028,14980.01,EXPIRED_CARD,0.062,ESCALATE,BLOCKED,Automated recovery blocked because maximum retry limit of 2 has been reached.,True,Transaction escalated to merchant.,ESCALATED,0.0,False,2
2026-09-03T23:13:35.650816,TX03031,7503.43,TIMEOUT,0.8148,RETRY_PAYMENT,ALLOWED,Timeout with 81.48% predicted recovery probability. Automatic retry is permitted.,True,Payment retry succeeded.,SUCCESS,7503.43,True,0
2026-09-03T23:13:35.657825,TX03033,6549.73,EXPIRED_CARD,0.1529,ESCALATE,ALLOWED,Expired card detected. The payment method must be updated before recovery.,True,Transaction escalated to merchant.,ESCALATED,0.0,False,1
2026-09-03T23:13:35.665833,TX03037,10226.43,EXPIRED_CARD,0.1875,ESCALATE,ALLOWED,Expired card detected. The payment method must be updated before recovery.,True,Transaction escalated to merchant.,ESCALATED,0.0,False,0
2026-09-03T23:13:35.674881,TX03039,4866.06,INSUFFICIENT_FUNDS,0.2229,ESCALATE,BLOCKED,Automated recovery blocked because maximum retry limit of 2 has been reached.,True,Transaction escalated to merchant.,ESCALATED,0.0,True,2
2026-09-03T23:13:35.684812,TX03041,7699.4,TIMEOUT,0.5842,ESCALATE,BLOCKED,Automated recovery blocked because maximum retry limit of 2 has been reached.,True,Transaction escalated to merchant.,ESCALATED,0.0,False,2
2026-09-03T23:13:35.692812,TX03042,8191.7,BANK_DECLINE,0.2128,ESCALATE,BLOCKED,Automated recovery blocked because maximum retry limit of 2 has been reached.,True,Transaction escalated to merchant.,ESCALATED,0.0,False,2
2026-09-03T23:13:35.705837,TX03045,13985.48,TIMEOUT,0.4821,ESCALATE,BLOCKED,Automated recovery blocked because maximum retry limit of 2 has been reached.,True,Transaction escalated to merchant.,ESCALATED,0.0,True,2
2026-09-03T23:13:35.716396,TX03046,1419.25,NETWORK_ERROR,0.8483,RETRY_PAYMENT,ALLOWED,Network failure with 84.83% predicted recovery probability. Automatic retry is permitted.,True,Payment retry succeeded.,SUCCESS,1419.25,True,0
2026-09-03T23:13:35.727381,TX03047,7337.21,TIMEOUT,0.5877,ESCALATE,BLOCKED,Automated recovery blocked because maximum retry limit of 2 has been reached.,True,Transaction escalated to merchant.,ESCALATED,0.0,True,2
2026-09-03T23:13:35.740382,TX03053,4040.63,TIMEOUT,0.521,ESCALATE,BLOCKED,Automated recovery blocked because maximum retry limit of 2 has been reached.,True,Transaction escalated to merchant.,ESCALATED,0.0,False,2
2026-09-03T23:13:35.751379,TX03062,5498.36,INSUFFICIENT_FUNDS,0.4872,ESCALATE,ALLOWED,Insufficient funds detected. Automated collection is intentionally avoided and the transaction is escalated.,True,Transaction escalated to merchant.,ESCALATED,0.0,True,0
2026-09-03T23:13:35.764381,TX03063,12452.51,TIMEOUT,0.5732,ESCALATE,BLOCKED,Automated recovery blocked because maximum retry limit of 2 has been reached.,True,Transaction escalated to merchant.,ESCALATED,0.0,True,2
2026-09-03T23:13:35.772383,TX03064,5077.5,BANK_DECLINE,0.5413,CREATE_PAYMENT_LINK,ALLOWED,Bank decline with 54.13% predicted recovery probability. A payment link provides an alternative payment path without blindly retrying the decline.,True,Payment link created successfully. Transaction escalated to merchant.,ESCALATED,0.0,False,0
2026-09-03T23:13:35.781384,TX03069,4399.16,EXPIRED_CARD,0.1562,ESCALATE,ALLOWED,Expired card detected. The payment method must be updated before recovery.,True,Transaction escalated to merchant.,ESCALATED,0.0,False,1
2026-09-03T23:13:35.791382,TX03073,10972.6,NETWORK_ERROR,0.5528,ESCALATE,BLOCKED,Automated recovery blocked because maximum retry limit of 2 has been reached.,True,Transaction escalated to merchant.,ESCALATED,0.0,True,2
2026-09-03T23:13:35.801404,TX03079,10311.05,TIMEOUT,0.8197,RETRY_PAYMENT,ALLOWED,Timeout with 81.97% predicted recovery probability. Automatic retry is permitted.,False,Payment retry failed. Transaction escalated to merchant.,ESCALATED,0.0,False,0
2026-09-03T23:13:35.811596,TX03084,8380.67,TIMEOUT,0.823,RETRY_PAYMENT,ALLOWED,Timeout with 82.30% predicted recovery probability. Automatic retry is permitted.,True,Payment retry succeeded.,SUCCESS,8380.67,True,0
2026-09-03T23:13:35.819597,TX03087,519.07,NETWORK_ERROR,0.8546,RETRY_PAYMENT,ALLOWED,Network failure with 85.46% predicted recovery probability. Automatic retry is permitted.,True,Payment retry succeeded.,SUCCESS,519.07,True,0
2026-09-03T23:13:35.827597,TX03090,7368.44,NETWORK_ERROR,0.6372,ESCALATE,BLOCKED,Automated recovery blocked because maximum retry limit of 2 has been reached.,True,Transaction escalated to merchant.,ESCALATED,0.0,True,2
2026-09-03T23:13:35.839630,TX03092,4553.64,BANK_DECLINE,0.2775,ESCALATE,BLOCKED,Automated recovery blocked because maximum retry limit of 2 has been reached.,True,Transaction escalated to merchant.,ESCALATED,0.0,False,2
2026-09-03T23:13:35.851605,TX03093,4362.54,INSUFFICIENT_FUNDS,0.2309,ESCALATE,BLOCKED,Automated recovery blocked because maximum retry limit of 2 has been reached.,True,Transaction escalated to merchant.,ESCALATED,0.0,False,2
2026-09-03T23:13:35.863600,TX03094,8953.91,INSUFFICIENT_FUNDS,0.4607,ESCALATE,ALLOWED,Insufficient funds detected. Automated collection is intentionally avoided and the transaction is escalated.,True,Transaction escalated to merchant.,ESCALATED,0.0,True,0
2026-09-03T23:13:35.875185,TX03097,8948.4,EXPIRED_CARD,0.1531,ESCALATE,ALLOWED,Expired card detected. The payment method must be updated before recovery.,True,Transaction escalated to merchant.,ESCALATED,0.0,False,1
2026-09-03T23:13:35.888526,TX03098,10126.1,TIMEOUT,0.8101,RETRY_PAYMENT,ALLOWED,Timeout with 81.01% predicted recovery probability. Automatic retry is permitted.,True,Payment retry succeeded.,SUCCESS,10126.1,True,0
2026-09-03T23:13:35.900534,TX03101,8262.31,TIMEOUT,0.5592,ESCALATE,BLOCKED,Automated recovery blocked because maximum retry limit of 2 has been reached.,True,Transaction escalated to merchant.,ESCALATED,0.0,True,2
2026-09-03T23:13:35.911041,TX03115,8433.45,INSUFFICIENT_FUNDS,0.2001,ESCALATE,BLOCKED,Automated recovery blocked because maximum retry limit of 2 has been reached.,True,Transaction escalated to merchant.,ESCALATED,0.0,True,2
2026-09-03T23:13:35.922063,TX03120,8405.96,NETWORK_ERROR,0.6344,ESCALATE,BLOCKED,Automated recovery blocked because maximum retry limit of 2 has been reached.,True,Transaction escalated to merchant.,ESCALATED,0.0,False,2
2026-09-03T23:13:35.935067,TX03127,2380.58,EXPIRED_CARD,0.158,ESCALATE,ALLOWED,Expired card detected. The payment method must be updated before recovery.,True,Transaction escalated to merchant.,ESCALATED,0.0,False,1
2026-09-03T23:13:35.947051,TX03128,1231.53,NETWORK_ERROR,0.6535,ESCALATE,BLOCKED,Automated recovery blocked because maximum retry limit of 2 has been reached.,True,Transaction escalated to merchant.,ESCALATED,0.0,True,2
2026-09-03T23:13:35.967050,TX03130,14880.63,NETWORK_ERROR,0.6167,ESCALATE,BLOCKED,Automated recovery blocked because maximum retry limit of 2 has been reached.,True,Transaction escalated to merchant.,ESCALATED,0.0,False,2
2026-09-03T23:13:35.988057,TX03132,12307.36,NETWORK_ERROR,0.7305,RETRY_PAYMENT,ALLOWED,Network failure with 73.05% predicted recovery probability. Automatic retry is permitted.,True,Payment retry succeeded.,SUCCESS,12307.36,True,1
2026-09-03T23:13:36.009075,TX03134,11654.71,BANK_DECLINE,0.546,CREATE_PAYMENT_LINK,ALLOWED,Bank decline with 54.60% predicted recovery probability. A payment link provides an alternative payment path without blindly retrying the decline.,True,Payment link created successfully. Transaction escalated to merchant.,ESCALATED,0.0,False,0
2026-09-03T23:13:36.023599,TX03135,1167.33,BANK_DECLINE,0.5689,CREATE_PAYMENT_LINK,ALLOWED,Bank decline with 56.89% predicted recovery probability. A payment link provides an alternative payment path without blindly retrying the decline.,True,Payment link created successfully. Transaction escalated to merchant.,ESCALATED,0.0,False,0
2026-09-03T23:13:36.037607,TX03139,2301.61,NETWORK_ERROR,0.8602,RETRY_PAYMENT,ALLOWED,Network failure with 86.02% predicted recovery probability. Automatic retry is permitted.,True,Payment retry succeeded.,SUCCESS,2301.61,True,0
2026-09-03T23:13:36.047620,TX03141,1573.37,BANK_DECLINE,0.4195,ESCALATE,ALLOWED,Bank decline with 41.95% predicted recovery probability. Merchant/customer intervention is recommended.,True,Transaction escalated to merchant.,ESCALATED,0.0,True,1
2026-09-03T23:13:36.054604,TX03142,2370.48,BANK_DECLINE,0.4013,ESCALATE,ALLOWED,Bank decline with 40.13% predicted recovery probability. Merchant/customer intervention is recommended.,True,Transaction escalated to merchant.,ESCALATED,0.0,False,1
2026-09-03T23:13:36.063598,TX03145,11957.56,FRAUD_SUSPECTED,0.0575,ESCALATE,BLOCKED,Automated recovery blocked because fraud was suspected.,True,Transaction escalated to merchant.,ESCALATED,0.0,False,1
2026-09-03T23:13:36.071599,TX03148,6228.24,NETWORK_ERROR,0.7517,RETRY_PAYMENT,ALLOWED,Network failure with 75.17% predicted recovery probability. Automatic retry is permitted.,True,Payment retry succeeded.,SUCCESS,6228.24,True,1
2026-09-03T23:13:36.078603,TX03150,3856.76,EXPIRED_CARD,0.1485,ESCALATE,ALLOWED,Expired card detected. The payment method must be updated before recovery.,True,Transaction escalated to merchant.,ESCALATED,0.0,False,1
2026-09-03T23:13:36.087603,TX03155,12027.57,FRAUD_SUSPECTED,0.0553,ESCALATE,BLOCKED,Automated recovery blocked because fraud was suspected.,True,Transaction escalated to merchant.,ESCALATED,0.0,False,1
2026-09-03T23:13:36.097617,TX03157,6084.06,BANK_DECLINE,0.3972,ESCALATE,ALLOWED,Bank decline with 39.72% predicted recovery probability. Merchant/customer intervention is recommended.,True,Transaction escalated to merchant.,ESCALATED,0.0,False,1
2026-09-03T23:13:36.106619,TX03162,14952.69,INSUFFICIENT_FUNDS,0.2964,ESCALATE,ALLOWED,Insufficient funds detected. Automated collection is intentionally avoided and the transaction is escalated.,True,Transaction escalated to merchant.,ESCALATED,0.0,False,1
2026-09-03T23:13:36.117152,TX03169,8618.59,FRAUD_SUSPECTED,0.1033,ESCALATE,BLOCKED,Automated recovery blocked because fraud was suspected.,True,Transaction escalated to merchant.,ESCALATED,0.0,False,0
2026-09-03T23:13:36.125147,TX03170,1460.42,TIMEOUT,0.6112,ESCALATE,BLOCKED,Automated recovery blocked because maximum retry limit of 2 has been reached.,True,Transaction escalated to merchant.,ESCALATED,0.0,False,2
2026-09-03T23:13:36.134147,TX03174,12714.51,BANK_DECLINE,0.5356,CREATE_PAYMENT_LINK,ALLOWED,Bank decline with 53.56% predicted recovery probability. A payment link provides an alternative payment path without blindly retrying the decline.,True,Payment link created successfully. Transaction escalated to merchant.,ESCALATED,0.0,False,0
2026-09-03T23:13:36.142147,TX03176,1007.72,TIMEOUT,0.6055,ESCALATE,BLOCKED,Automated recovery blocked because maximum retry limit of 2 has been reached.,True,Transaction escalated to merchant.,ESCALATED,0.0,False,2
2026-09-03T23:13:36.151148,TX03181,14344.55,TIMEOUT,0.5515,ESCALATE,BLOCKED,Automated recovery blocked because maximum retry limit of 2 has been reached.,True,Transaction escalated to merchant.,ESCALATED,0.0,True,2
2026-09-03T23:13:36.158159,TX03186,13659.85,NETWORK_ERROR,0.627,ESCALATE,BLOCKED,Automated recovery blocked because maximum retry limit of 2 has been reached.,True,Transaction escalated to merchant.,ESCALATED,0.0,True,2
2026-09-03T23:13:36.167147,TX03187,13462.95,BANK_DECLINE,0.2027,ESCALATE,BLOCKED,Automated recovery blocked because maximum retry limit of 2 has been reached.,True,Transaction escalated to merchant.,ESCALATED,0.0,False,2
2026-09-03T23:13:36.176145,TX03191,5212.36,NETWORK_ERROR,0.6429,ESCALATE,BLOCKED,Automated recovery blocked because maximum retry limit of 2 has been reached.,True,Transaction escalated to merchant.,ESCALATED,0.0,True,2
2026-09-03T23:13:36.189327,TX03192,4902.62,EXPIRED_CARD,0.2384,ESCALATE,ALLOWED,Expired card detected. The payment method must be updated before recovery.,True,Transaction escalated to merchant.,ESCALATED,0.0,False,0
2026-09-03T23:13:36.200360,TX03197,982.0,NETWORK_ERROR,0.6391,ESCALATE,BLOCKED,Automated recovery blocked because maximum retry limit of 2 has been reached.,True,Transaction escalated to merchant.,ESCALATED,0.0,True,2
2026-09-03T23:13:36.212883,TX03201,7011.12,EXPIRED_CARD,0.0924,ESCALATE,BLOCKED,Automated recovery blocked because maximum retry limit of 2 has been reached.,True,Transaction escalated to merchant.,ESCALATED,0.0,False,2
2026-09-03T23:13:36.221884,TX03202,12952.35,NETWORK_ERROR,0.5968,ESCALATE,BLOCKED,Automated recovery blocked because maximum retry limit of 2 has been reached.,True,Transaction escalated to merchant.,ESCALATED,0.0,True,2
2026-09-03T23:13:36.229880,TX03208,12675.25,INSUFFICIENT_FUNDS,0.2092,ESCALATE,BLOCKED,Automated recovery blocked because maximum retry limit of 2 has been reached.,True,Transaction escalated to merchant.,ESCALATED,0.0,True,2
2026-09-03T23:13:36.237884,TX03216,1684.69,BANK_DECLINE,0.2843,ESCALATE,BLOCKED,Automated recovery blocked because maximum retry limit of 2 has been reached.,True,Transaction escalated to merchant.,ESCALATED,0.0,False,2
2026-09-03T23:13:36.247884,TX03218,1287.38,TIMEOUT,0.7876,RETRY_PAYMENT,ALLOWED,Timeout with 78.76% predicted recovery probability. Automatic retry is permitted.,True,Payment retry succeeded.,SUCCESS,1287.38,True,0
2026-09-03T23:13:36.256882,TX03219,4358.83,EXPIRED_CARD,0.2499,ESCALATE,ALLOWED,Expired card detected. The payment method must be updated before recovery.,True,Transaction escalated to merchant.,ESCALATED,0.0,False,0
2026-09-03T23:13:36.265883,TX03222,14696.92,INSUFFICIENT_FUNDS,0.4441,ESCALATE,ALLOWED,Insufficient funds detected. Automated collection is intentionally avoided and the transaction is escalated.,True,Transaction escalated to merchant.,ESCALATED,0.0,True,0
2026-09-03T23:13:36.273879,TX03223,9926.06,NETWORK_ERROR,0.546,ESCALATE,BLOCKED,Automated recovery blocked because maximum retry limit of 2 has been reached.,True,Transaction escalated to merchant.,ESCALATED,0.0,False,2
2026-09-03T23:13:36.281896,TX03224,14361.41,BANK_DECLINE,0.4538,ESCALATE,ALLOWED,Bank decline with 45.38% predicted recovery probability. Merchant/customer intervention is recommended.,True,Transaction escalated to merchant.,ESCALATED,0.0,False,0
2026-09-03T23:13:36.288884,TX03225,2175.44,NETWORK_ERROR,0.8591,RETRY_PAYMENT,ALLOWED,Network failure with 85.91% predicted recovery probability. Automatic retry is permitted.,True,Payment retry succeeded.,SUCCESS,2175.44,True,0
2026-09-03T23:13:36.297915,TX03226,2219.59,BANK_DECLINE,0.5496,CREATE_PAYMENT_LINK,ALLOWED,Bank decline with 54.96% predicted recovery probability. A payment link provides an alternative payment path without blindly retrying the decline.,True,Payment link created successfully.,SUCCESS,2219.59,True,0
2026-09-03T23:13:36.305919,TX03236,8855.99,BANK_DECLINE,0.5443,CREATE_PAYMENT_LINK,ALLOWED,Bank decline with 54.43% predicted recovery probability. A payment link provides an alternative payment path without blindly retrying the decline.,True,Payment link created successfully.,SUCCESS,8855.99,True,0
2026-09-03T23:13:36.317011,TX03237,8255.82,NETWORK_ERROR,0.6902,CREATE_PAYMENT_LINK,ALLOWED,Network failure with 69.02% predicted recovery probability. A payment link is safer than an automatic retry.,True,Payment link created successfully.,SUCCESS,8255.82,True,1
2026-09-03T23:13:36.325013,TX03238,14101.62,BANK_DECLINE,0.2015,ESCALATE,BLOCKED,Automated recovery blocked because maximum retry limit of 2 has been reached.,True,Transaction escalated to merchant.,ESCALATED,0.0,False,2
2026-09-03T23:13:36.334011,TX03239,6439.96,EXPIRED_CARD,0.1399,ESCALATE,ALLOWED,Expired card detected. The payment method must be updated before recovery.,True,Transaction escalated to merchant.,ESCALATED,0.0,False,1
2026-09-03T23:13:36.344017,TX03250,8455.64,TIMEOUT,0.7733,RETRY_PAYMENT,ALLOWED,Timeout with 77.33% predicted recovery probability. Automatic retry is permitted.,True,Payment retry succeeded.,SUCCESS,8455.64,True,0
2026-09-03T23:13:36.355014,TX03252,14270.45,NETWORK_ERROR,0.5334,ESCALATE,BLOCKED,Automated recovery blocked because maximum retry limit of 2 has been reached.,True,Transaction escalated to merchant.,ESCALATED,0.0,True,2
2026-09-03T23:13:36.364026,TX03256,4441.48,FRAUD_SUSPECTED,0.1079,ESCALATE,BLOCKED,Automated recovery blocked because fraud was suspected.,True,Transaction escalated to merchant.,ESCALATED,0.0,False,0
2026-09-03T23:13:36.373022,TX03258,12191.08,NETWORK_ERROR,0.5493,ESCALATE,BLOCKED,Automated recovery blocked because maximum retry limit of 2 has been reached.,True,Transaction escalated to merchant.,ESCALATED,0.0,False,2
2026-09-03T23:13:36.381019,TX03260,11741.92,EXPIRED_CARD,0.0879,ESCALATE,BLOCKED,Automated recovery blocked because maximum retry limit of 2 has been reached.,True,Transaction escalated to merchant.,ESCALATED,0.0,False,2
2026-09-03T23:13:36.390026,TX03266,1234.66,EXPIRED_CARD,0.2463,ESCALATE,ALLOWED,Expired card detected. The payment method must be updated before recovery.,True,Transaction escalated to merchant.,ESCALATED,0.0,False,0
2026-09-03T23:13:36.401070,TX03268,9389.38,TIMEOUT,0.8256,RETRY_PAYMENT,ALLOWED,Timeout with 82.56% predicted recovery probability. Automatic retry is permitted.,True,Payment retry succeeded.,SUCCESS,9389.38,True,0
2026-09-03T23:13:36.412588,TX03271,499.13,FRAUD_SUSPECTED,0.1032,ESCALATE,BLOCKED,Automated recovery blocked because fraud was suspected.,True,Transaction escalated to merchant.,ESCALATED,0.0,False,0
2026-09-03T23:13:36.424595,TX03275,12303.7,INSUFFICIENT_FUNDS,0.3321,ESCALATE,ALLOWED,Insufficient funds detected. Automated collection is intentionally avoided and the transaction is escalated.,True,Transaction escalated to merchant.,ESCALATED,0.0,False,1
2026-09-03T23:13:36.437590,TX03277,10305.84,NETWORK_ERROR,0.6361,ESCALATE,BLOCKED,Automated recovery blocked because maximum retry limit of 2 has been reached.,True,Transaction escalated to merchant.,ESCALATED,0.0,True,2
2026-09-03T23:13:36.449599,TX03280,4428.51,NETWORK_ERROR,0.5716,ESCALATE,BLOCKED,Automated recovery blocked because maximum retry limit of 2 has been reached.,True,Transaction escalated to merchant.,ESCALATED,0.0,False,2
2026-09-03T23:13:36.460595,TX03281,12023.4,TIMEOUT,0.5484,ESCALATE,BLOCKED,Automated recovery blocked because maximum retry limit of 2 has been reached.,True,Transaction escalated to merchant.,ESCALATED,0.0,False,2
2026-09-03T23:13:36.472589,TX03283,10247.57,BANK_DECLINE,0.3702,ESCALATE,ALLOWED,Bank decline with 37.02% predicted recovery probability. Merchant/customer intervention is recommended.,True,Transaction escalated to merchant.,ESCALATED,0.0,False,1
2026-09-03T23:13:36.484599,TX03287,9550.71,EXPIRED_CARD,0.1485,ESCALATE,ALLOWED,Expired card detected. The payment method must be updated before recovery.,True,Transaction escalated to merchant.,ESCALATED,0.0,True,1
2026-09-03T23:13:36.497602,TX03308,969.76,TIMEOUT,0.7231,RETRY_PAYMENT,ALLOWED,Timeout with 72.31% predicted recovery probability. Automatic retry is permitted.,True,Payment retry succeeded.,SUCCESS,969.76,True,1
2026-09-03T23:13:36.509604,TX03312,8506.65,BANK_DECLINE,0.5314,CREATE_PAYMENT_LINK,ALLOWED,Bank decline with 53.14% predicted recovery probability. A payment link provides an alternative payment path without blindly retrying the decline.,True,Payment link created successfully. Transaction escalated to merchant.,ESCALATED,0.0,False,0
2026-09-03T23:13:36.520131,TX03317,2382.03,EXPIRED_CARD,0.089,ESCALATE,BLOCKED,Automated recovery blocked because maximum retry limit of 2 has been reached.,True,Transaction escalated to merchant.,ESCALATED,0.0,False,2
2026-09-03T23:13:36.528135,TX03319,8621.28,EXPIRED_CARD,0.0884,ESCALATE,BLOCKED,Automated recovery blocked because maximum retry limit of 2 has been reached.,True,Transaction escalated to merchant.,ESCALATED,0.0,False,2
2026-09-03T23:13:36.538135,TX03321,14897.95,TIMEOUT,0.7599,RETRY_PAYMENT,ALLOWED,Timeout with 75.99% predicted recovery probability. Automatic retry is permitted.,True,Payment retry succeeded.,SUCCESS,14897.95,True,0
2026-09-03T23:13:36.547130,TX03323,1986.68,TIMEOUT,0.5868,ESCALATE,BLOCKED,Automated recovery blocked because maximum retry limit of 2 has been reached.,True,Transaction escalated to merchant.,ESCALATED,0.0,True,2
2026-09-03T23:13:36.556133,TX03325,11650.9,BANK_DECLINE,0.5288,CREATE_PAYMENT_LINK,ALLOWED,Bank decline with 52.88% predicted recovery probability. A payment link provides an alternative payment path without blindly retrying the decline.,True,Payment link created successfully. Transaction escalated to merchant.,ESCALATED,0.0,False,0
2026-09-03T23:13:36.565133,TX03340,8702.13,INSUFFICIENT_FUNDS,0.1691,ESCALATE,BLOCKED,Automated recovery blocked because maximum retry limit of 2 has been reached.,True,Transaction escalated to merchant.,ESCALATED,0.0,False,2
2026-09-03T23:13:36.574131,TX03345,10523.16,BANK_DECLINE,0.2696,ESCALATE,BLOCKED,Automated recovery blocked because maximum retry limit of 2 has been reached.,True,Transaction escalated to merchant.,ESCALATED,0.0,False,2
2026-09-03T23:13:36.584131,TX03346,14058.75,BANK_DECLINE,0.2559,ESCALATE,BLOCKED,Automated recovery blocked because maximum retry limit of 2 has been reached.,True,Transaction escalated to merchant.,ESCALATED,0.0,False,2
2026-09-03T23:13:36.592135,TX03351,11686.56,EXPIRED_CARD,0.1373,ESCALATE,ALLOWED,Expired card detected. The payment method must be updated before recovery.,True,Transaction escalated to merchant.,ESCALATED,0.0,False,1
2026-09-03T23:13:36.601849,TX03352,7355.09,NETWORK_ERROR,0.8445,RETRY_PAYMENT,ALLOWED,Network failure with 84.45% predicted recovery probability. Automatic retry is permitted.,True,Payment retry succeeded.,SUCCESS,7355.09,True,0
2026-09-03T23:13:36.609869,TX03355,1608.7,NETWORK_ERROR,0.7734,RETRY_PAYMENT,ALLOWED,Network failure with 77.34% predicted recovery probability. Automatic retry is permitted.,False,Payment retry failed. Transaction escalated to merchant.,ESCALATED,0.0,False,1
2026-09-03T23:13:36.619389,TX03359,6788.28,EXPIRED_CARD,0.0849,ESCALATE,BLOCKED,Automated recovery blocked because maximum retry limit of 2 has been reached.,True,Transaction escalated to merchant.,ESCALATED,0.0,False,2
2026-09-03T23:13:36.628393,TX03364,13767.63,EXPIRED_CARD,0.0628,ESCALATE,BLOCKED,Automated recovery blocked because maximum retry limit of 2 has been reached.,True,Transaction escalated to merchant.,ESCALATED,0.0,False,2
2026-09-03T23:13:36.636395,TX03372,4177.78,INSUFFICIENT_FUNDS,0.2243,ESCALATE,BLOCKED,Automated recovery blocked because maximum retry limit of 2 has been reached.,True,Transaction escalated to merchant.,ESCALATED,0.0,True,2
2026-09-03T23:13:36.647392,TX03377,14966.28,BANK_DECLINE,0.452,ESCALATE,ALLOWED,Bank decline with 45.20% predicted recovery probability. Merchant/customer intervention is recommended.,True,Transaction escalated to merchant.,ESCALATED,0.0,True,0
2026-09-03T23:13:36.655389,TX03381,2147.22,NETWORK_ERROR,0.7605,RETRY_PAYMENT,ALLOWED,Network failure with 76.05% predicted recovery probability. Automatic retry is permitted.,True,Payment retry succeeded.,SUCCESS,2147.22,True,1
2026-09-03T23:13:36.664389,TX03382,2481.21,NETWORK_ERROR,0.8634,RETRY_PAYMENT,ALLOWED,Network failure with 86.34% predicted recovery probability. Automatic retry is permitted.,True,Payment retry succeeded.,SUCCESS,2481.21,True,0
2026-09-03T23:13:36.672396,TX03384,5199.78,EXPIRED_CARD,0.0863,ESCALATE,BLOCKED,Automated recovery blocked because maximum retry limit of 2 has been reached.,True,Transaction escalated to merchant.,ESCALATED,0.0,False,2
2026-09-03T23:13:36.683390,TX03391,3100.26,NETWORK_ERROR,0.6241,ESCALATE,BLOCKED,Automated recovery blocked because maximum retry limit of 2 has been reached.,True,Transaction escalated to merchant.,ESCALATED,0.0,True,2
2026-09-03T23:13:36.693394,TX03395,6124.8,BANK_DECLINE,0.5619,CREATE_PAYMENT_LINK,ALLOWED,Bank decline with 56.19% predicted recovery probability. A payment link provides an alternative payment path without blindly retrying the decline.,True,Payment link created successfully. Transaction escalated to merchant.,ESCALATED,0.0,False,0
2026-09-03T23:13:36.701454,TX03397,5907.01,FRAUD_SUSPECTED,0.1035,ESCALATE,BLOCKED,Automated recovery blocked because fraud was suspected.,True,Transaction escalated to merchant.,ESCALATED,0.0,False,0
2026-09-03T23:13:36.710431,TX03398,6740.87,NETWORK_ERROR,0.7431,RETRY_PAYMENT,ALLOWED,Network failure with 74.31% predicted recovery probability. Automatic retry is permitted.,True,Payment retry succeeded.,SUCCESS,6740.87,True,1
2026-09-03T23:13:36.718840,TX03403,2644.4,NETWORK_ERROR,0.8584,RETRY_PAYMENT,ALLOWED,Network failure with 85.84% predicted recovery probability. Automatic retry is permitted.,True,Payment retry succeeded.,SUCCESS,2644.4,True,0
2026-09-03T23:13:36.726831,TX03407,6588.31,TIMEOUT,0.8302,RETRY_PAYMENT,ALLOWED,Timeout with 83.02% predicted recovery probability. Automatic retry is permitted.,True,Payment retry succeeded.,SUCCESS,6588.31,True,0
2026-09-03T23:13:36.735827,TX03413,11948.34,NETWORK_ERROR,0.739,RETRY_PAYMENT,ALLOWED,Network failure with 73.90% predicted recovery probability. Automatic retry is permitted.,False,Payment retry failed. Transaction escalated to merchant.,ESCALATED,0.0,False,1
2026-09-03T23:13:36.744842,TX03414,12018.3,INSUFFICIENT_FUNDS,0.3832,ESCALATE,ALLOWED,Insufficient funds detected. Automated collection is intentionally avoided and the transaction is escalated.,True,Transaction escalated to merchant.,ESCALATED,0.0,True,0
2026-09-03T23:13:36.756829,TX03418,12525.95,BANK_DECLINE,0.2468,ESCALATE,BLOCKED,Automated recovery blocked because maximum retry limit of 2 has been reached.,True,Transaction escalated to merchant.,ESCALATED,0.0,False,2
2026-09-03T23:13:36.769840,TX03419,12536.35,EXPIRED_CARD,0.1441,ESCALATE,ALLOWED,Expired card detected. The payment method must be updated before recovery.,True,Transaction escalated to merchant.,ESCALATED,0.0,False,1
2026-09-03T23:13:36.781840,TX03423,11794.53,TIMEOUT,0.4984,ESCALATE,BLOCKED,Automated recovery blocked because maximum retry limit of 2 has been reached.,True,Transaction escalated to merchant.,ESCALATED,0.0,True,2
2026-09-03T23:13:36.793831,TX03430,1386.83,NETWORK_ERROR,0.7621,RETRY_PAYMENT,ALLOWED,Network failure with 76.21% predicted recovery probability. Automatic retry is permitted.,True,Payment retry succeeded.,SUCCESS,1386.83,True,1
2026-09-03T23:13:36.805841,TX03449,11193.89,NETWORK_ERROR,0.8028,RETRY_PAYMENT,ALLOWED,Network failure with 80.28% predicted recovery probability. Automatic retry is permitted.,True,Payment retry succeeded.,SUCCESS,11193.89,True,0
2026-09-03T23:13:36.817421,TX03455,3509.98,BANK_DECLINE,0.3416,ESCALATE,ALLOWED,Bank decline with 34.16% predicted recovery probability. Merchant/customer intervention is recommended.,True,Transaction escalated to merchant.,ESCALATED,0.0,False,1
2026-09-03T23:13:36.828421,TX03458,14323.14,TIMEOUT,0.8025,RETRY_PAYMENT,ALLOWED,Timeout with 80.25% predicted recovery probability. Automatic retry is permitted.,True,Payment retry succeeded.,SUCCESS,14323.14,True,0
2026-09-03T23:13:36.839418,TX03467,4679.93,NETWORK_ERROR,0.5709,ESCALATE,BLOCKED,Automated recovery blocked because maximum retry limit of 2 has been reached.,True,Transaction escalated to merchant.,ESCALATED,0.0,True,2
2026-09-03T23:13:36.850421,TX03469,10203.67,INSUFFICIENT_FUNDS,0.4808,ESCALATE,ALLOWED,Insufficient funds detected. Automated collection is intentionally avoided and the transaction is escalated.,True,Transaction escalated to merchant.,ESCALATED,0.0,False,0
2026-09-03T23:13:36.862421,TX03473,2045.65,INSUFFICIENT_FUNDS,0.4807,ESCALATE,ALLOWED,Insufficient funds detected. Automated collection is intentionally avoided and the transaction is escalated.,True,Transaction escalated to merchant.,ESCALATED,0.0,True,0
2026-09-03T23:13:36.883432,TX03477,4436.65,FRAUD_SUSPECTED,0.031,ESCALATE,BLOCKED,Automated recovery blocked because fraud was suspected.,True,Transaction escalated to merchant.,ESCALATED,0.0,False,2
2026-09-03T23:13:36.903450,TX03483,2770.95,NETWORK_ERROR,0.712,RETRY_PAYMENT,ALLOWED,Network failure with 71.20% predicted recovery probability. Automatic retry is permitted.,False,Payment retry failed. Transaction escalated to merchant.,ESCALATED,0.0,False,1
2026-09-03T23:13:36.921976,TX03496,13721.85,EXPIRED_CARD,0.1049,ESCALATE,ALLOWED,Expired card detected. The payment method must be updated before recovery.,True,Transaction escalated to merchant.,ESCALATED,0.0,False,1
2026-09-03T23:13:36.932968,TX03504,7547.22,INSUFFICIENT_FUNDS,0.3446,ESCALATE,ALLOWED,Insufficient funds detected. Automated collection is intentionally avoided and the transaction is escalated.,True,Transaction escalated to merchant.,ESCALATED,0.0,False,1
2026-09-03T23:13:36.947980,TX03512,2514.93,TIMEOUT,0.6083,ESCALATE,BLOCKED,Automated recovery blocked because maximum retry limit of 2 has been reached.,True,Transaction escalated to merchant.,ESCALATED,0.0,True,2
2026-09-03T23:13:36.955970,TX03520,4776.34,TIMEOUT,0.5853,ESCALATE,BLOCKED,Automated recovery blocked because maximum retry limit of 2 has been reached.,True,Transaction escalated to merchant.,ESCALATED,0.0,True,2
2026-09-03T23:13:36.964971,TX03526,5347.43,INSUFFICIENT_FUNDS,0.2289,ESCALATE,BLOCKED,Automated recovery blocked because maximum retry limit of 2 has been reached.,True,Transaction escalated to merchant.,ESCALATED,0.0,True,2
2026-09-03T23:13:36.971971,TX03529,13174.82,FRAUD_SUSPECTED,0.095,ESCALATE,BLOCKED,Automated recovery blocked because fraud was suspected.,True,Transaction escalated to merchant.,ESCALATED,0.0,False,0
2026-09-03T23:13:36.980970,TX03537,14924.2,TIMEOUT,0.8116,RETRY_PAYMENT,ALLOWED,Timeout with 81.16% predicted recovery probability. Automatic retry is permitted.,False,Payment retry failed. Transaction escalated to merchant.,ESCALATED,0.0,False,0
2026-09-03T23:13:36.987967,TX03544,4624.59,BANK_DECLINE,0.2199,ESCALATE,BLOCKED,Automated recovery blocked because maximum retry limit of 2 has been reached.,True,Transaction escalated to merchant.,ESCALATED,0.0,False,2
2026-09-03T23:13:36.996998,TX03545,8103.05,TIMEOUT,0.5695,ESCALATE,BLOCKED,Automated recovery blocked because maximum retry limit of 2 has been reached.,True,Transaction escalated to merchant.,ESCALATED,0.0,True,2
2026-09-03T23:13:37.004976,TX03555,5177.24,FRAUD_SUSPECTED,0.0243,ESCALATE,BLOCKED,Automated recovery blocked because fraud was suspected.,True,Transaction escalated to merchant.,ESCALATED,0.0,False,2
2026-09-03T23:13:37.015516,TX03559,8155.35,NETWORK_ERROR,0.8084,RETRY_PAYMENT,ALLOWED,Network failure with 80.84% predicted recovery probability. Automatic retry is permitted.,True,Payment retry succeeded.,SUCCESS,8155.35,True,0
2026-09-03T23:13:37.025519,TX03563,11753.25,FRAUD_SUSPECTED,0.0234,ESCALATE,BLOCKED,Automated recovery blocked because fraud was suspected.,True,Transaction escalated to merchant.,ESCALATED,0.0,False,2
2026-09-03T23:13:37.035517,TX03574,11057.46,INSUFFICIENT_FUNDS,0.3858,ESCALATE,ALLOWED,Insufficient funds detected. Automated collection is intentionally avoided and the transaction is escalated.,True,Transaction escalated to merchant.,ESCALATED,0.0,False,0
2026-09-03T23:13:37.046516,TX03579,1309.12,NETWORK_ERROR,0.5708,ESCALATE,BLOCKED,Automated recovery blocked because maximum retry limit of 2 has been reached.,True,Transaction escalated to merchant.,ESCALATED,0.0,True,2
2026-09-03T23:13:37.058517,TX03580,7840.8,BANK_DECLINE,0.4727,ESCALATE,ALLOWED,Bank decline with 47.27% predicted recovery probability. Merchant/customer intervention is recommended.,True,Transaction escalated to merchant.,ESCALATED,0.0,False,0
2026-09-03T23:13:37.067513,TX03589,9009.6,BANK_DECLINE,0.4693,ESCALATE,ALLOWED,Bank decline with 46.93% predicted recovery probability. Merchant/customer intervention is recommended.,True,Transaction escalated to merchant.,ESCALATED,0.0,True,0
2026-09-03T23:13:37.076527,TX03608,13511.09,NETWORK_ERROR,0.7481,RETRY_PAYMENT,ALLOWED,Network failure with 74.81% predicted recovery probability. Automatic retry is permitted.,True,Payment retry succeeded.,SUCCESS,13511.09,True,1
2026-09-03T23:13:37.086515,TX03610,3329.83,INSUFFICIENT_FUNDS,0.5008,ESCALATE,ALLOWED,Insufficient funds detected. Automated collection is intentionally avoided and the transaction is escalated.,True,Transaction escalated to merchant.,ESCALATED,0.0,False,0
2026-09-03T23:13:37.097543,TX03614,12564.09,TIMEOUT,0.6323,CREATE_PAYMENT_LINK,ALLOWED,Timeout with 63.23% predicted recovery probability. A payment link provides a safer recovery path.,True,Payment link created successfully. Transaction escalated to merchant.,ESCALATED,0.0,False,1
2026-09-03T23:13:37.108546,TX03621,7130.79,NETWORK_ERROR,0.6446,ESCALATE,BLOCKED,Automated recovery blocked because maximum retry limit of 2 has been reached.,True,Transaction escalated to merchant.,ESCALATED,0.0,True,2
2026-09-03T23:13:37.117121,TX03627,12024.74,BANK_DECLINE,0.5212,CREATE_PAYMENT_LINK,ALLOWED,Bank decline with 52.12% predicted recovery probability. A payment link provides an alternative payment path without blindly retrying the decline.,True,Payment link created successfully.,SUCCESS,12024.74,True,0
2026-09-03T23:13:37.128114,TX03635,1628.11,FRAUD_SUSPECTED,0.0626,ESCALATE,BLOCKED,Automated recovery blocked because fraud was suspected.,True,Transaction escalated to merchant.,ESCALATED,0.0,False,1
2026-09-03T23:13:37.137594,TX03647,13809.98,EXPIRED_CARD,0.2246,ESCALATE,ALLOWED,Expired card detected. The payment method must be updated before recovery.,True,Transaction escalated to merchant.,ESCALATED,0.0,False,0
2026-09-03T23:13:37.146927,TX03655,9991.35,BANK_DECLINE,0.263,ESCALATE,BLOCKED,Automated recovery blocked because maximum retry limit of 2 has been reached.,True,Transaction escalated to merchant.,ESCALATED,0.0,False,2
2026-09-03T23:13:37.155925,TX03663,12365.19,INSUFFICIENT_FUNDS,0.3916,ESCALATE,ALLOWED,Insufficient funds detected. Automated collection is intentionally avoided and the transaction is escalated.,True,Transaction escalated to merchant.,ESCALATED,0.0,False,0
2026-09-03T23:13:37.167933,TX03672,13880.3,INSUFFICIENT_FUNDS,0.4529,ESCALATE,ALLOWED,Insufficient funds detected. Automated collection is intentionally avoided and the transaction is escalated.,True,Transaction escalated to merchant.,ESCALATED,0.0,True,0
2026-09-03T23:13:37.178927,TX03677,3830.91,BANK_DECLINE,0.5613,CREATE_PAYMENT_LINK,ALLOWED,Bank decline with 56.13% predicted recovery probability. A payment link provides an alternative payment path without blindly retrying the decline.,True,Payment link created successfully. Transaction escalated to merchant.,ESCALATED,0.0,False,0
2026-09-03T23:13:37.189929,TX03678,13876.87,INSUFFICIENT_FUNDS,0.1963,ESCALATE,BLOCKED,Automated recovery blocked because maximum retry limit of 2 has been reached.,True,Transaction escalated to merchant.,ESCALATED,0.0,True,2
2026-09-03T23:13:37.200960,TX03680,8742.74,NETWORK_ERROR,0.6975,CREATE_PAYMENT_LINK,ALLOWED,Network failure with 69.75% predicted recovery probability. A payment link is safer than an automatic retry.,True,Payment link created successfully.,SUCCESS,8742.74,True,1
2026-09-03T23:13:37.209957,TX03698,4032.12,FRAUD_SUSPECTED,0.0573,ESCALATE,BLOCKED,Automated recovery blocked because fraud was suspected.,True,Transaction escalated to merchant.,ESCALATED,0.0,False,1
2026-09-03T23:13:37.218489,TX03703,2999.91,NETWORK_ERROR,0.7687,RETRY_PAYMENT,ALLOWED,Network failure with 76.87% predicted recovery probability. Automatic retry is permitted.,True,Payment retry succeeded.,SUCCESS,2999.91,True,1
2026-09-03T23:13:37.227481,TX03711,10253.77,FRAUD_SUSPECTED,0.029,ESCALATE,BLOCKED,Automated recovery blocked because fraud was suspected.,True,Transaction escalated to merchant.,ESCALATED,0.0,False,2
2026-09-03T23:13:37.237497,TX03715,10635.84,BANK_DECLINE,0.2509,ESCALATE,BLOCKED,Automated recovery blocked because maximum retry limit of 2 has been reached.,True,Transaction escalated to merchant.,ESCALATED,0.0,False,2
2026-09-03T23:13:37.248364,TX03716,13652.02,INSUFFICIENT_FUNDS,0.4536,ESCALATE,ALLOWED,Insufficient funds detected. Automated collection is intentionally avoided and the transaction is escalated.,True,Transaction escalated to merchant.,ESCALATED,0.0,False,0
2026-09-03T23:13:37.257379,TX03723,14624.93,BANK_DECLINE,0.2603,ESCALATE,BLOCKED,Automated recovery blocked because maximum retry limit of 2 has been reached.,True,Transaction escalated to merchant.,ESCALATED,0.0,False,2
2026-09-03T23:13:37.267378,TX03724,4395.46,BANK_DECLINE,0.3957,ESCALATE,ALLOWED,Bank decline with 39.57% predicted recovery probability. Merchant/customer intervention is recommended.,True,Transaction escalated to merchant.,ESCALATED,0.0,False,1
2026-09-03T23:13:37.275383,TX03734,2083.38,TIMEOUT,0.8241,RETRY_PAYMENT,ALLOWED,Timeout with 82.41% predicted recovery probability. Automatic retry is permitted.,False,Payment retry failed. Transaction escalated to merchant.,ESCALATED,0.0,False,0
2026-09-03T23:13:37.283382,TX03741,8349.91,FRAUD_SUSPECTED,0.0547,ESCALATE,BLOCKED,Automated recovery blocked because fraud was suspected.,True,Transaction escalated to merchant.,ESCALATED,0.0,False,1
2026-09-03T23:13:37.293392,TX03742,14594.88,TIMEOUT,0.8107,RETRY_PAYMENT,ALLOWED,Timeout with 81.07% predicted recovery probability. Automatic retry is permitted.,True,Payment retry succeeded.,SUCCESS,14594.88,True,0
2026-09-03T23:13:37.302408,TX03743,14310.46,FRAUD_SUSPECTED,0.0316,ESCALATE,BLOCKED,Automated recovery blocked because fraud was suspected.,True,Transaction escalated to merchant.,ESCALATED,0.0,False,2
2026-09-03T23:13:37.314174,TX03746,3079.95,EXPIRED_CARD,0.0938,ESCALATE,BLOCKED,Automated recovery blocked because maximum retry limit of 2 has been reached.,True,Transaction escalated to merchant.,ESCALATED,0.0,False,2
2026-09-03T23:13:37.325194,TX03759,3567.36,NETWORK_ERROR,0.7693,RETRY_PAYMENT,ALLOWED,Network failure with 76.93% predicted recovery probability. Automatic retry is permitted.,True,Payment retry succeeded.,SUCCESS,3567.36,True,1
2026-09-03T23:13:37.335211,TX03769,6580.07,NETWORK_ERROR,0.8541,RETRY_PAYMENT,ALLOWED,Network failure with 85.41% predicted recovery probability. Automatic retry is permitted.,True,Payment retry succeeded.,SUCCESS,6580.07,True,0
2026-09-03T23:13:37.343196,TX03776,5193.58,TIMEOUT,0.5841,ESCALATE,BLOCKED,Automated recovery blocked because maximum retry limit of 2 has been reached.,True,Transaction escalated to merchant.,ESCALATED,0.0,False,2
2026-09-03T23:13:37.352203,TX03781,6095.34,NETWORK_ERROR,0.7694,RETRY_PAYMENT,ALLOWED,Network failure with 76.94% predicted recovery probability. Automatic retry is permitted.,True,Payment retry succeeded.,SUCCESS,6095.34,True,1
2026-09-03T23:13:37.363189,TX03784,6796.37,EXPIRED_CARD,0.1442,ESCALATE,ALLOWED,Expired card detected. The payment method must be updated before recovery.,True,Transaction escalated to merchant.,ESCALATED,0.0,False,1
2026-09-03T23:13:37.373191,TX03791,8350.95,NETWORK_ERROR,0.8515,RETRY_PAYMENT,ALLOWED,Network failure with 85.15% predicted recovery probability. Automatic retry is permitted.,True,Payment retry succeeded.,SUCCESS,8350.95,True,0
2026-09-03T23:13:37.382191,TX03794,12075.14,EXPIRED_CARD,0.1842,ESCALATE,ALLOWED,Expired card detected. The payment method must be updated before recovery.,True,Transaction escalated to merchant.,ESCALATED,0.0,False,0
2026-09-03T23:13:37.390190,TX03798,7689.55,INSUFFICIENT_FUNDS,0.219,ESCALATE,BLOCKED,Automated recovery blocked because maximum retry limit of 2 has been reached.,True,Transaction escalated to merchant.,ESCALATED,0.0,False,2
2026-09-03T23:13:37.398219,TX03813,11500.34,TIMEOUT,0.5597,ESCALATE,BLOCKED,Automated recovery blocked because maximum retry limit of 2 has been reached.,True,Transaction escalated to merchant.,ESCALATED,0.0,True,2
2026-09-03T23:13:37.406219,TX03814,11480.23,TIMEOUT,0.55,ESCALATE,BLOCKED,Automated recovery blocked because maximum retry limit of 2 has been reached.,True,Transaction escalated to merchant.,ESCALATED,0.0,False,2
2026-09-03T23:13:37.415807,TX03816,7159.89,TIMEOUT,0.7139,RETRY_PAYMENT,ALLOWED,Timeout with 71.39% predicted recovery probability. Automatic retry is permitted.,True,Payment retry succeeded.,SUCCESS,7159.89,True,1
2026-09-03T23:13:37.426791,TX03817,5308.67,BANK_DECLINE,0.2679,ESCALATE,BLOCKED,Automated recovery blocked because maximum retry limit of 2 has been reached.,True,Transaction escalated to merchant.,ESCALATED,0.0,False,2
2026-09-03T23:13:37.436786,TX03823,10249.64,INSUFFICIENT_FUNDS,0.2139,ESCALATE,BLOCKED,Automated recovery blocked because maximum retry limit of 2 has been reached.,True,Transaction escalated to merchant.,ESCALATED,0.0,False,2
2026-09-03T23:13:37.444801,TX03826,402.52,TIMEOUT,0.8269,RETRY_PAYMENT,ALLOWED,Timeout with 82.69% predicted recovery probability. Automatic retry is permitted.,True,Payment retry succeeded.,SUCCESS,402.52,True,0
2026-09-03T23:13:37.453792,TX03839,3498.51,NETWORK_ERROR,0.6323,ESCALATE,BLOCKED,Automated recovery blocked because maximum retry limit of 2 has been reached.,True,Transaction escalated to merchant.,ESCALATED,0.0,True,2
2026-09-03T23:13:37.465792,TX03844,1396.54,TIMEOUT,0.8346,RETRY_PAYMENT,ALLOWED,Timeout with 83.46% predicted recovery probability. Automatic retry is permitted.,True,Payment retry succeeded.,SUCCESS,1396.54,True,0
2026-09-03T23:13:37.478790,TX03847,3697.0,FRAUD_SUSPECTED,0.044,ESCALATE,BLOCKED,Automated recovery blocked because fraud was suspected.,True,Transaction escalated to merchant.,ESCALATED,0.0,False,1
2026-09-03T23:13:37.489790,TX03849,6482.98,FRAUD_SUSPECTED,0.0558,ESCALATE,BLOCKED,Automated recovery blocked because fraud was suspected.,True,Transaction escalated to merchant.,ESCALATED,0.0,False,1
2026-09-03T23:13:37.501824,TX03850,2097.51,NETWORK_ERROR,0.7606,RETRY_PAYMENT,ALLOWED,Network failure with 76.06% predicted recovery probability. Automatic retry is permitted.,True,Payment retry succeeded.,SUCCESS,2097.51,True,1
2026-09-03T23:13:37.512364,TX03862,11363.79,INSUFFICIENT_FUNDS,0.4775,ESCALATE,ALLOWED,Insufficient funds detected. Automated collection is intentionally avoided and the transaction is escalated.,True,Transaction escalated to merchant.,ESCALATED,0.0,False,0
2026-09-03T23:13:37.524380,TX03872,3361.21,FRAUD_SUSPECTED,0.0614,ESCALATE,BLOCKED,Automated recovery blocked because fraud was suspected.,True,Transaction escalated to merchant.,ESCALATED,0.0,False,1
2026-09-03T23:13:37.535382,TX03879,9178.57,BANK_DECLINE,0.2669,ESCALATE,BLOCKED,Automated recovery blocked because maximum retry limit of 2 has been reached.,True,Transaction escalated to merchant.,ESCALATED,0.0,True,2
2026-09-03T23:13:37.545381,TX03883,7647.23,TIMEOUT,0.8243,RETRY_PAYMENT,ALLOWED,Timeout with 82.43% predicted recovery probability. Automatic retry is permitted.,True,Payment retry succeeded.,SUCCESS,7647.23,True,0
2026-09-03T23:13:37.555381,TX03885,7309.8,TIMEOUT,0.809,RETRY_PAYMENT,ALLOWED,Timeout with 80.90% predicted recovery probability. Automatic retry is permitted.,True,Payment retry succeeded.,SUCCESS,7309.8,True,0
2026-09-03T23:13:37.566390,TX03893,415.6,EXPIRED_CARD,0.2663,ESCALATE,ALLOWED,Expired card detected. The payment method must be updated before recovery.,True,Transaction escalated to merchant.,ESCALATED,0.0,False,0
2026-09-03T23:13:37.578385,TX03894,14764.02,BANK_DECLINE,0.4428,ESCALATE,ALLOWED,Bank decline with 44.28% predicted recovery probability. Merchant/customer intervention is recommended.,True,Transaction escalated to merchant.,ESCALATED,0.0,False,0
2026-09-03T23:13:37.588379,TX03897,584.1,EXPIRED_CARD,0.2052,ESCALATE,ALLOWED,Expired card detected. The payment method must be updated before recovery.,True,Transaction escalated to merchant.,ESCALATED,0.0,True,0
2026-09-03T23:13:37.598392,TX03912,6952.67,TIMEOUT,0.8157,RETRY_PAYMENT,ALLOWED,Timeout with 81.57% predicted recovery probability. Automatic retry is permitted.,True,Payment retry succeeded.,SUCCESS,6952.67,True,0
2026-09-03T23:13:37.609417,TX03921,3801.49,TIMEOUT,0.5881,ESCALATE,BLOCKED,Automated recovery blocked because maximum retry limit of 2 has been reached.,True,Transaction escalated to merchant.,ESCALATED,0.0,True,2
2026-09-03T23:13:37.619939,TX03922,5422.89,NETWORK_ERROR,0.8133,RETRY_PAYMENT,ALLOWED,Network failure with 81.33% predicted recovery probability. Automatic retry is permitted.,True,Payment retry succeeded.,SUCCESS,5422.89,True,0
2026-09-03T23:13:37.631938,TX03925,3625.76,TIMEOUT,0.5982,ESCALATE,BLOCKED,Automated recovery blocked because maximum retry limit of 2 has been reached.,True,Transaction escalated to merchant.,ESCALATED,0.0,True,2
2026-09-03T23:13:37.645940,TX03930,691.79,INSUFFICIENT_FUNDS,0.1767,ESCALATE,BLOCKED,Automated recovery blocked because maximum retry limit of 2 has been reached.,True,Transaction escalated to merchant.,ESCALATED,0.0,True,2
2026-09-03T23:13:37.656942,TX03931,4261.15,NETWORK_ERROR,0.6455,ESCALATE,BLOCKED,Automated recovery blocked because maximum retry limit of 2 has been reached.,True,Transaction escalated to merchant.,ESCALATED,0.0,False,2
2026-09-03T23:13:37.667939,TX03938,1737.5,NETWORK_ERROR,0.7731,RETRY_PAYMENT,ALLOWED,Network failure with 77.31% predicted recovery probability. Automatic retry is permitted.,True,Payment retry succeeded.,SUCCESS,1737.5,True,1
2026-09-03T23:13:37.677943,TX03940,7259.75,INSUFFICIENT_FUNDS,0.225,ESCALATE,BLOCKED,Automated recovery blocked because maximum retry limit of 2 has been reached.,True,Transaction escalated to merchant.,ESCALATED,0.0,False,2
2026-09-03T23:13:37.687941,TX03953,9535.75,TIMEOUT,0.5654,ESCALATE,BLOCKED,Automated recovery blocked because maximum retry limit of 2 has been reached.,True,Transaction escalated to merchant.,ESCALATED,0.0,False,2
2026-09-03T23:13:37.697952,TX03954,4746.91,BANK_DECLINE,0.5586,CREATE_PAYMENT_LINK,ALLOWED,Bank decline with 55.86% predicted recovery probability. A payment link provides an alternative payment path without blindly retrying the decline.,True,Payment link created successfully. Transaction escalated to merchant.,ESCALATED,0.0,False,0
2026-09-03T23:13:37.706954,TX03961,8259.84,INSUFFICIENT_FUNDS,0.2161,ESCALATE,BLOCKED,Automated recovery blocked because maximum retry limit of 2 has been reached.,True,Transaction escalated to merchant.,ESCALATED,0.0,False,2
2026-09-03T23:13:37.715477,TX03969,4708.17,BANK_DECLINE,0.5325,CREATE_PAYMENT_LINK,ALLOWED,Bank decline with 53.25% predicted recovery probability. A payment link provides an alternative payment path without blindly retrying the decline.,True,Payment link created successfully.,SUCCESS,4708.17,True,0
2026-09-03T23:13:37.723477,TX03975,5337.56,NETWORK_ERROR,0.5592,ESCALATE,BLOCKED,Automated recovery blocked because maximum retry limit of 2 has been reached.,True,Transaction escalated to merchant.,ESCALATED,0.0,True,2
2026-09-03T23:13:37.731486,TX03976,9811.13,INSUFFICIENT_FUNDS,0.1618,ESCALATE,BLOCKED,Automated recovery blocked because maximum retry limit of 2 has been reached.,True,Transaction escalated to merchant.,ESCALATED,0.0,False,2
2026-09-03T23:13:37.742478,TX03980,6472.12,FRAUD_SUSPECTED,0.1057,ESCALATE,BLOCKED,Automated recovery blocked because fraud was suspected.,True,Transaction escalated to merchant.,ESCALATED,0.0,False,0
2026-09-03T23:13:37.749476,TX03984,451.75,TIMEOUT,0.7296,RETRY_PAYMENT,ALLOWED,Timeout with 72.96% predicted recovery probability. Automatic retry is permitted.,True,Payment retry succeeded.,SUCCESS,451.75,True,1
2026-09-03T23:13:37.761486,TX03993,765.2,INSUFFICIENT_FUNDS,0.3409,ESCALATE,ALLOWED,Insufficient funds detected. Automated collection is intentionally avoided and the transaction is escalated.,True,Transaction escalated to merchant.,ESCALATED,0.0,True,1
2026-09-03T23:13:37.770473,TX03994,13235.99,NETWORK_ERROR,0.7361,RETRY_PAYMENT,ALLOWED,Network failure with 73.61% predicted recovery probability. Automatic retry is permitted.,True,Payment retry succeeded.,SUCCESS,13235.99,True,1
2026-09-03T23:13:37.801497,TX04002,11658.85,INSUFFICIENT_FUNDS,0.3338,ESCALATE,ALLOWED,Insufficient funds detected. Automated collection is intentionally avoided and the transaction is escalated.,True,Transaction escalated to merchant.,ESCALATED,0.0,True,1
2026-09-03T23:13:37.819035,TX04005,347.23,NETWORK_ERROR,0.7759,RETRY_PAYMENT,ALLOWED,Network failure with 77.59% predicted recovery probability. Automatic retry is permitted.,True,Payment retry succeeded.,SUCCESS,347.23,True,1
2026-09-03T23:13:37.834032,TX04022,8562.86,TIMEOUT,0.7731,RETRY_PAYMENT,ALLOWED,Timeout with 77.31% predicted recovery probability. Automatic retry is permitted.,True,Payment retry succeeded.,SUCCESS,8562.86,True,0
2026-09-03T23:13:37.844034,TX04027,8355.51,NETWORK_ERROR,0.8429,RETRY_PAYMENT,ALLOWED,Network failure with 84.29% predicted recovery probability. Automatic retry is permitted.,True,Payment retry succeeded.,SUCCESS,8355.51,True,0
2026-09-03T23:13:37.854030,TX04031,986.36,INSUFFICIENT_FUNDS,0.1821,ESCALATE,BLOCKED,Automated recovery blocked because maximum retry limit of 2 has been reached.,True,Transaction escalated to merchant.,ESCALATED,0.0,False,2
2026-09-03T23:13:37.864034,TX04036,10508.7,TIMEOUT,0.4922,ESCALATE,BLOCKED,Automated recovery blocked because maximum retry limit of 2 has been reached.,True,Transaction escalated to merchant.,ESCALATED,0.0,False,2
2026-09-03T23:13:37.872036,TX04040,518.0,FRAUD_SUSPECTED,0.0369,ESCALATE,BLOCKED,Automated recovery blocked because fraud was suspected.,True,Transaction escalated to merchant.,ESCALATED,0.0,False,2
2026-09-03T23:13:37.880034,TX04042,7510.91,NETWORK_ERROR,0.6344,ESCALATE,BLOCKED,Automated recovery blocked because maximum retry limit of 2 has been reached.,True,Transaction escalated to merchant.,ESCALATED,0.0,False,2
2026-09-03T23:13:37.887030,TX04043,7115.66,INSUFFICIENT_FUNDS,0.4063,ESCALATE,ALLOWED,Insufficient funds detected. Automated collection is intentionally avoided and the transaction is escalated.,True,Transaction escalated to merchant.,ESCALATED,0.0,False,0
2026-09-03T23:13:37.896029,TX04063,11688.25,BANK_DECLINE,0.2669,ESCALATE,BLOCKED,Automated recovery blocked because maximum retry limit of 2 has been reached.,True,Transaction escalated to merchant.,ESCALATED,0.0,False,2
2026-09-03T23:13:37.905042,TX04068,4650.94,EXPIRED_CARD,0.1597,ESCALATE,ALLOWED,Expired card detected. The payment method must be updated before recovery.,True,Transaction escalated to merchant.,ESCALATED,0.0,False,1
2026-09-03T23:13:37.915361,TX04071,1605.61,BANK_DECLINE,0.3466,ESCALATE,ALLOWED,Bank decline with 34.66% predicted recovery probability. Merchant/customer intervention is recommended.,True,Transaction escalated to merchant.,ESCALATED,0.0,False,1
2026-09-03T23:13:37.927366,TX04076,3160.89,EXPIRED_CARD,0.1495,ESCALATE,ALLOWED,Expired card detected. The payment method must be updated before recovery.,True,Transaction escalated to merchant.,ESCALATED,0.0,False,1
2026-09-03T23:13:37.937362,TX04081,3459.76,NETWORK_ERROR,0.8536,RETRY_PAYMENT,ALLOWED,Network failure with 85.36% predicted recovery probability. Automatic retry is permitted.,True,Payment retry succeeded.,SUCCESS,3459.76,True,0
2026-09-03T23:13:37.947374,TX04098,14526.52,EXPIRED_CARD,0.18,ESCALATE,ALLOWED,Expired card detected. The payment method must be updated before recovery.,True,Transaction escalated to merchant.,ESCALATED,0.0,True,0
2026-09-03T23:13:37.959361,TX04103,13657.61,BANK_DECLINE,0.5402,CREATE_PAYMENT_LINK,ALLOWED,Bank decline with 54.02% predicted recovery probability. A payment link provides an alternative payment path without blindly retrying the decline.,True,Payment link created successfully. Transaction escalated to merchant.,ESCALATED,0.0,False,0
2026-09-03T23:13:37.969379,TX04107,6677.28,NETWORK_ERROR,0.7507,RETRY_PAYMENT,ALLOWED,Network failure with 75.07% predicted recovery probability. Automatic retry is permitted.,True,Payment retry succeeded.,SUCCESS,6677.28,True,1
2026-09-03T23:13:37.982360,TX04114,4782.91,INSUFFICIENT_FUNDS,0.4966,ESCALATE,ALLOWED,Insufficient funds detected. Automated collection is intentionally avoided and the transaction is escalated.,True,Transaction escalated to merchant.,ESCALATED,0.0,False,0
2026-09-03T23:13:37.993366,TX04124,8512.88,TIMEOUT,0.508,ESCALATE,BLOCKED,Automated recovery blocked because maximum retry limit of 2 has been reached.,True,Transaction escalated to merchant.,ESCALATED,0.0,False,2
2026-09-03T23:13:38.004400,TX04125,12301.88,FRAUD_SUSPECTED,0.04,ESCALATE,BLOCKED,Automated recovery blocked because fraud was suspected.,True,Transaction escalated to merchant.,ESCALATED,0.0,False,1
2026-09-03T23:13:38.014934,TX04129,13755.67,FRAUD_SUSPECTED,0.0543,ESCALATE,BLOCKED,Automated recovery blocked because fraud was suspected.,True,Transaction escalated to merchant.,ESCALATED,0.0,True,1
2026-09-03T23:13:38.027190,TX04130,7514.06,INSUFFICIENT_FUNDS,0.3148,ESCALATE,ALLOWED,Insufficient funds detected. Automated collection is intentionally avoided and the transaction is escalated.,True,Transaction escalated to merchant.,ESCALATED,0.0,True,1
2026-09-03T23:13:38.039180,TX04131,4941.5,NETWORK_ERROR,0.86,RETRY_PAYMENT,ALLOWED,Network failure with 86.00% predicted recovery probability. Automatic retry is permitted.,True,Payment retry succeeded.,SUCCESS,4941.5,True,0
2026-09-03T23:13:38.051184,TX04134,2455.21,EXPIRED_CARD,0.0857,ESCALATE,BLOCKED,Automated recovery blocked because maximum retry limit of 2 has been reached.,True,Transaction escalated to merchant.,ESCALATED,0.0,False,2
2026-09-03T23:13:38.062178,TX04137,4343.41,TIMEOUT,0.6032,ESCALATE,BLOCKED,Automated recovery blocked because maximum retry limit of 2 has been reached.,True,Transaction escalated to merchant.,ESCALATED,0.0,True,2
2026-09-03T23:13:38.075179,TX04140,10469.87,TIMEOUT,0.8194,RETRY_PAYMENT,ALLOWED,Timeout with 81.94% predicted recovery probability. Automatic retry is permitted.,True,Payment retry succeeded.,SUCCESS,10469.87,True,0
2026-09-03T23:13:38.086177,TX04143,2746.94,BANK_DECLINE,0.5644,CREATE_PAYMENT_LINK,ALLOWED,Bank decline with 56.44% predicted recovery probability. A payment link provides an alternative payment path without blindly retrying the decline.,True,Payment link created successfully.,SUCCESS,2746.94,True,0
2026-09-03T23:13:38.099207,TX04157,8453.84,FRAUD_SUSPECTED,0.0308,ESCALATE,BLOCKED,Automated recovery blocked because fraud was suspected.,True,Transaction escalated to merchant.,ESCALATED,0.0,False,2
2026-09-03T23:13:38.111215,TX04159,5267.81,EXPIRED_CARD,0.1497,ESCALATE,ALLOWED,Expired card detected. The payment method must be updated before recovery.,True,Transaction escalated to merchant.,ESCALATED,0.0,False,1
2026-09-03T23:13:38.121745,TX04165,925.63,NETWORK_ERROR,0.6393,ESCALATE,BLOCKED,Automated recovery blocked because maximum retry limit of 2 has been reached.,True,Transaction escalated to merchant.,ESCALATED,0.0,True,2
2026-09-03T23:13:38.133746,TX04167,13025.09,NETWORK_ERROR,0.6287,ESCALATE,BLOCKED,Automated recovery blocked because maximum retry limit of 2 has been reached.,True,Transaction escalated to merchant.,ESCALATED,0.0,True,2
2026-09-03T23:13:38.144753,TX04172,2457.08,NETWORK_ERROR,0.7768,RETRY_PAYMENT,ALLOWED,Network failure with 77.68% predicted recovery probability. Automatic retry is permitted.,True,Payment retry succeeded.,SUCCESS,2457.08,True,1
2026-09-03T23:13:38.156744,TX04174,1133.57,INSUFFICIENT_FUNDS,0.2377,ESCALATE,BLOCKED,Automated recovery blocked because maximum retry limit of 2 has been reached.,True,Transaction escalated to merchant.,ESCALATED,0.0,False,2
2026-09-03T23:13:38.167742,TX04184,1061.96,NETWORK_ERROR,0.7796,RETRY_PAYMENT,ALLOWED,Network failure with 77.96% predicted recovery probability. Automatic retry is permitted.,False,Payment retry failed. Transaction escalated to merchant.,ESCALATED,0.0,False,1
2026-09-03T23:13:38.178770,TX04191,11427.55,BANK_DECLINE,0.2066,ESCALATE,BLOCKED,Automated recovery blocked because maximum retry limit of 2 has been reached.,True,Transaction escalated to merchant.,ESCALATED,0.0,False,2
2026-09-03T23:13:38.188742,TX04198,3609.4,NETWORK_ERROR,0.8583,RETRY_PAYMENT,ALLOWED,Network failure with 85.83% predicted recovery probability. Automatic retry is permitted.,True,Payment retry succeeded.,SUCCESS,3609.4,True,0
2026-09-03T23:13:38.199784,TX04201,2606.43,BANK_DECLINE,0.2821,ESCALATE,BLOCKED,Automated recovery blocked because maximum retry limit of 2 has been reached.,True,Transaction escalated to merchant.,ESCALATED,0.0,True,2
2026-09-03T23:13:38.211777,TX04203,6303.32,TIMEOUT,0.8307,RETRY_PAYMENT,ALLOWED,Timeout with 83.07% predicted recovery probability. Automatic retry is permitted.,True,Payment retry succeeded.,SUCCESS,6303.32,True,0
2026-09-03T23:13:38.222920,TX04205,6269.74,NETWORK_ERROR,0.8409,RETRY_PAYMENT,ALLOWED,Network failure with 84.09% predicted recovery probability. Automatic retry is permitted.,True,Payment retry succeeded.,SUCCESS,6269.74,True,0
2026-09-03T23:13:38.232925,TX04206,10309.16,TIMEOUT,0.5865,ESCALATE,BLOCKED,Automated recovery blocked because maximum retry limit of 2 has been reached.,True,Transaction escalated to merchant.,ESCALATED,0.0,False,2
2026-09-03T23:13:38.245921,TX04207,4945.69,TIMEOUT,0.725,RETRY_PAYMENT,ALLOWED,Timeout with 72.50% predicted recovery probability. Automatic retry is permitted.,True,Payment retry succeeded.,SUCCESS,4945.69,True,1
2026-09-03T23:13:38.256919,TX04211,10507.63,EXPIRED_CARD,0.0859,ESCALATE,BLOCKED,Automated recovery blocked because maximum retry limit of 2 has been reached.,True,Transaction escalated to merchant.,ESCALATED,0.0,False,2
2026-09-03T23:13:38.265930,TX04212,1475.29,FRAUD_SUSPECTED,0.0365,ESCALATE,BLOCKED,Automated recovery blocked because fraud was suspected.,True,Transaction escalated to merchant.,ESCALATED,0.0,False,2
2026-09-03T23:13:38.274921,TX04213,12759.9,BANK_DECLINE,0.3726,ESCALATE,ALLOWED,Bank decline with 37.26% predicted recovery probability. Merchant/customer intervention is recommended.,True,Transaction escalated to merchant.,ESCALATED,0.0,False,1
2026-09-03T23:13:38.283923,TX04217,14909.16,BANK_DECLINE,0.3822,ESCALATE,ALLOWED,Bank decline with 38.22% predicted recovery probability. Merchant/customer intervention is recommended.,True,Transaction escalated to merchant.,ESCALATED,0.0,True,1
2026-09-03T23:13:38.292954,TX04221,7342.15,INSUFFICIENT_FUNDS,0.4818,ESCALATE,ALLOWED,Insufficient funds detected. Automated collection is intentionally avoided and the transaction is escalated.,True,Transaction escalated to merchant.,ESCALATED,0.0,False,0
2026-09-03T23:13:38.300937,TX04229,301.96,BANK_DECLINE,0.4946,ESCALATE,ALLOWED,Bank decline with 49.46% predicted recovery probability. Merchant/customer intervention is recommended.,True,Transaction escalated to merchant.,ESCALATED,0.0,True,0
2026-09-03T23:13:38.314505,TX04231,8021.49,BANK_DECLINE,0.2567,ESCALATE,BLOCKED,Automated recovery blocked because maximum retry limit of 2 has been reached.,True,Transaction escalated to merchant.,ESCALATED,0.0,False,2
2026-09-03T23:13:38.326507,TX04235,2127.46,INSUFFICIENT_FUNDS,0.3499,ESCALATE,ALLOWED,Insufficient funds detected. Automated collection is intentionally avoided and the transaction is escalated.,True,Transaction escalated to merchant.,ESCALATED,0.0,False,1
2026-09-03T23:13:38.337509,TX04239,7741.61,NETWORK_ERROR,0.7484,RETRY_PAYMENT,ALLOWED,Network failure with 74.84% predicted recovery probability. Automatic retry is permitted.,True,Payment retry succeeded.,SUCCESS,7741.61,True,1
2026-09-03T23:13:38.346517,TX04240,6811.36,BANK_DECLINE,0.4757,ESCALATE,ALLOWED,Bank decline with 47.57% predicted recovery probability. Merchant/customer intervention is recommended.,True,Transaction escalated to merchant.,ESCALATED,0.0,False,0
2026-09-03T23:13:38.355779,TX04244,4272.65,BANK_DECLINE,0.4119,ESCALATE,ALLOWED,Bank decline with 41.19% predicted recovery probability. Merchant/customer intervention is recommended.,True,Transaction escalated to merchant.,ESCALATED,0.0,False,1
2026-09-03T23:13:38.365798,TX04247,3903.12,NETWORK_ERROR,0.6464,ESCALATE,BLOCKED,Automated recovery blocked because maximum retry limit of 2 has been reached.,True,Transaction escalated to merchant.,ESCALATED,0.0,True,2
2026-09-03T23:13:38.374814,TX04248,6232.04,INSUFFICIENT_FUNDS,0.348,ESCALATE,ALLOWED,Insufficient funds detected. Automated collection is intentionally avoided and the transaction is escalated.,True,Transaction escalated to merchant.,ESCALATED,0.0,True,1
2026-09-03T23:13:38.383804,TX04264,2320.82,EXPIRED_CARD,0.0945,ESCALATE,BLOCKED,Automated recovery blocked because maximum retry limit of 2 has been reached.,True,Transaction escalated to merchant.,ESCALATED,0.0,False,2
2026-09-03T23:13:38.394799,TX04270,4564.81,BANK_DECLINE,0.3857,ESCALATE,ALLOWED,Bank decline with 38.57% predicted recovery probability. Merchant/customer intervention is recommended.,True,Transaction escalated to merchant.,ESCALATED,0.0,False,1
2026-09-03T23:13:38.407836,TX04273,4283.97,INSUFFICIENT_FUNDS,0.3317,ESCALATE,ALLOWED,Insufficient funds detected. Automated collection is intentionally avoided and the transaction is escalated.,True,Transaction escalated to merchant.,ESCALATED,0.0,False,1
2026-09-03T23:13:38.420161,TX04283,2830.57,TIMEOUT,0.8363,RETRY_PAYMENT,ALLOWED,Timeout with 83.63% predicted recovery probability. Automatic retry is permitted.,True,Payment retry succeeded.,SUCCESS,2830.57,True,0
2026-09-03T23:13:38.433421,TX04287,12965.15,NETWORK_ERROR,0.6063,ESCALATE,BLOCKED,Automated recovery blocked because maximum retry limit of 2 has been reached.,True,Transaction escalated to merchant.,ESCALATED,0.0,True,2
2026-09-03T23:13:38.445421,TX04293,2562.08,BANK_DECLINE,0.4008,ESCALATE,ALLOWED,Bank decline with 40.08% predicted recovery probability. Merchant/customer intervention is recommended.,True,Transaction escalated to merchant.,ESCALATED,0.0,True,1
2026-09-03T23:13:38.457438,TX04297,9678.16,BANK_DECLINE,0.2657,ESCALATE,BLOCKED,Automated recovery blocked because maximum retry limit of 2 has been reached.,True,Transaction escalated to merchant.,ESCALATED,0.0,False,2
2026-09-03T23:13:38.467422,TX04299,8462.01,NETWORK_ERROR,0.7644,RETRY_PAYMENT,ALLOWED,Network failure with 76.44% predicted recovery probability. Automatic retry is permitted.,True,Payment retry succeeded.,SUCCESS,8462.01,True,1
2026-09-03T23:13:38.478418,TX04302,508.16,BANK_DECLINE,0.2738,ESCALATE,BLOCKED,Automated recovery blocked because maximum retry limit of 2 has been reached.,True,Transaction escalated to merchant.,ESCALATED,0.0,False,2
2026-09-03T23:13:38.486424,TX04312,1971.08,NETWORK_ERROR,0.7726,RETRY_PAYMENT,ALLOWED,Network failure with 77.26% predicted recovery probability. Automatic retry is permitted.,False,Payment retry failed. Transaction escalated to merchant.,ESCALATED,0.0,False,1
2026-09-03T23:13:38.495434,TX04314,12634.76,INSUFFICIENT_FUNDS,0.1627,ESCALATE,BLOCKED,Automated recovery blocked because maximum retry limit of 2 has been reached.,True,Transaction escalated to merchant.,ESCALATED,0.0,False,2
2026-09-03T23:13:38.503432,TX04316,2774.23,TIMEOUT,0.6076,ESCALATE,BLOCKED,Automated recovery blocked because maximum retry limit of 2 has been reached.,True,Transaction escalated to merchant.,ESCALATED,0.0,False,2
2026-09-03T23:13:38.512974,TX04319,3129.31,TIMEOUT,0.8318,RETRY_PAYMENT,ALLOWED,Timeout with 83.18% predicted recovery probability. Automatic retry is permitted.,True,Payment retry succeeded.,SUCCESS,3129.31,True,0
2026-09-03T23:13:38.524988,TX04320,1570.84,FRAUD_SUSPECTED,0.0253,ESCALATE,BLOCKED,Automated recovery blocked because fraud was suspected.,True,Transaction escalated to merchant.,ESCALATED,0.0,False,2
2026-09-03T23:13:38.536985,TX04334,13214.36,BANK_DECLINE,0.2558,ESCALATE,BLOCKED,Automated recovery blocked because maximum retry limit of 2 has been reached.,True,Transaction escalated to merchant.,ESCALATED,0.0,False,2
2026-09-03T23:13:38.548996,TX04337,11502.95,TIMEOUT,0.7176,RETRY_PAYMENT,ALLOWED,Timeout with 71.76% predicted recovery probability. Automatic retry is permitted.,True,Payment retry succeeded.,SUCCESS,11502.95,True,1
2026-09-03T23:13:38.560996,TX04343,1766.59,BANK_DECLINE,0.2709,ESCALATE,BLOCKED,Automated recovery blocked because maximum retry limit of 2 has been reached.,True,Transaction escalated to merchant.,ESCALATED,0.0,False,2
2026-09-03T23:13:38.571993,TX04347,992.01,NETWORK_ERROR,0.7676,RETRY_PAYMENT,ALLOWED,Network failure with 76.76% predicted recovery probability. Automatic retry is permitted.,True,Payment retry succeeded.,SUCCESS,992.01,True,1
2026-09-03T23:13:38.582983,TX04353,14949.19,TIMEOUT,0.4892,ESCALATE,BLOCKED,Automated recovery blocked because maximum retry limit of 2 has been reached.,True,Transaction escalated to merchant.,ESCALATED,0.0,False,2
2026-09-03T23:13:38.592983,TX04355,3504.9,TIMEOUT,0.5985,ESCALATE,BLOCKED,Automated recovery blocked because maximum retry limit of 2 has been reached.,True,Transaction escalated to merchant.,ESCALATED,0.0,False,2
2026-09-03T23:13:38.602012,TX04365,8147.08,INSUFFICIENT_FUNDS,0.2071,ESCALATE,BLOCKED,Automated recovery blocked because maximum retry limit of 2 has been reached.,True,Transaction escalated to merchant.,ESCALATED,0.0,False,2
2026-09-03T23:13:38.611024,TX04370,12345.22,INSUFFICIENT_FUNDS,0.3169,ESCALATE,ALLOWED,Insufficient funds detected. Automated collection is intentionally avoided and the transaction is escalated.,True,Transaction escalated to merchant.,ESCALATED,0.0,False,1
2026-09-03T23:13:38.621130,TX04380,5780.87,TIMEOUT,0.5921,ESCALATE,BLOCKED,Automated recovery blocked because maximum retry limit of 2 has been reached.,True,Transaction escalated to merchant.,ESCALATED,0.0,True,2
2026-09-03T23:13:38.628132,TX04389,4514.19,NETWORK_ERROR,0.7078,RETRY_PAYMENT,ALLOWED,Network failure with 70.78% predicted recovery probability. Automatic retry is permitted.,True,Payment retry succeeded.,SUCCESS,4514.19,True,1
2026-09-03T23:13:38.639132,TX04390,10666.93,EXPIRED_CARD,0.1867,ESCALATE,ALLOWED,Expired card detected. The payment method must be updated before recovery.,True,Transaction escalated to merchant.,ESCALATED,0.0,False,0
2026-09-03T23:13:38.646144,TX04395,734.68,BANK_DECLINE,0.4059,ESCALATE,ALLOWED,Bank decline with 40.59% predicted recovery probability. Merchant/customer intervention is recommended.,True,Transaction escalated to merchant.,ESCALATED,0.0,True,1
2026-09-03T23:13:38.658141,TX04399,4384.91,FRAUD_SUSPECTED,0.1015,ESCALATE,BLOCKED,Automated recovery blocked because fraud was suspected.,True,Transaction escalated to merchant.,ESCALATED,0.0,False,0
2026-09-03T23:13:38.666132,TX04429,6546.41,NETWORK_ERROR,0.5558,ESCALATE,BLOCKED,Automated recovery blocked because maximum retry limit of 2 has been reached.,True,Transaction escalated to merchant.,ESCALATED,0.0,True,2
2026-09-03T23:13:38.675142,TX04432,3977.51,BANK_DECLINE,0.3404,ESCALATE,ALLOWED,Bank decline with 34.04% predicted recovery probability. Merchant/customer intervention is recommended.,True,Transaction escalated to merchant.,ESCALATED,0.0,True,1
2026-09-03T23:13:38.683129,TX04442,13676.32,INSUFFICIENT_FUNDS,0.3786,ESCALATE,ALLOWED,Insufficient funds detected. Automated collection is intentionally avoided and the transaction is escalated.,True,Transaction escalated to merchant.,ESCALATED,0.0,False,0
2026-09-03T23:13:38.692150,TX04456,10285.34,NETWORK_ERROR,0.7606,RETRY_PAYMENT,ALLOWED,Network failure with 76.06% predicted recovery probability. Automatic retry is permitted.,True,Payment retry succeeded.,SUCCESS,10285.34,True,1
2026-09-03T23:13:38.701159,TX04465,6242.98,TIMEOUT,0.8308,RETRY_PAYMENT,ALLOWED,Timeout with 83.08% predicted recovery probability. Automatic retry is permitted.,True,Payment retry succeeded.,SUCCESS,6242.98,True,0
2026-09-03T23:13:38.721704,TX04473,2171.04,EXPIRED_CARD,0.0938,ESCALATE,BLOCKED,Automated recovery blocked because maximum retry limit of 2 has been reached.,True,Transaction escalated to merchant.,ESCALATED,0.0,False,2
2026-09-03T23:13:38.741705,TX04479,4513.3,TIMEOUT,0.5932,ESCALATE,BLOCKED,Automated recovery blocked because maximum retry limit of 2 has been reached.,True,Transaction escalated to merchant.,ESCALATED,0.0,True,2
2026-09-03T23:13:38.764705,TX04510,4322.39,NETWORK_ERROR,0.8609,RETRY_PAYMENT,ALLOWED,Network failure with 86.09% predicted recovery probability. Automatic retry is permitted.,True,Payment retry succeeded.,SUCCESS,4322.39,True,0
2026-09-03T23:13:38.775705,TX04513,1639.77,NETWORK_ERROR,0.7615,RETRY_PAYMENT,ALLOWED,Network failure with 76.15% predicted recovery probability. Automatic retry is permitted.,True,Payment retry succeeded.,SUCCESS,1639.77,True,1
2026-09-03T23:13:38.789703,TX04515,2674.78,NETWORK_ERROR,0.6346,ESCALATE,BLOCKED,Automated recovery blocked because maximum retry limit of 2 has been reached.,True,Transaction escalated to merchant.,ESCALATED,0.0,False,2
2026-09-03T23:13:38.797699,TX04516,6241.72,FRAUD_SUSPECTED,0.0346,ESCALATE,BLOCKED,Automated recovery blocked because fraud was suspected.,True,Transaction escalated to merchant.,ESCALATED,0.0,False,2
2026-09-03T23:13:38.805714,TX04522,8997.67,FRAUD_SUSPECTED,0.0594,ESCALATE,BLOCKED,Automated recovery blocked because fraud was suspected.,True,Transaction escalated to merchant.,ESCALATED,0.0,False,1
2026-09-03T23:13:38.814266,TX04523,13291.27,BANK_DECLINE,0.5076,CREATE_PAYMENT_LINK,ALLOWED,Bank decline with 50.76% predicted recovery probability. A payment link provides an alternative payment path without blindly retrying the decline.,True,Payment link created successfully. Transaction escalated to merchant.,ESCALATED,0.0,False,0
2026-09-03T23:13:38.823262,TX04533,7639.96,FRAUD_SUSPECTED,0.0331,ESCALATE,BLOCKED,Automated recovery blocked because fraud was suspected.,True,Transaction escalated to merchant.,ESCALATED,0.0,False,2
2026-09-03T23:13:38.830261,TX04536,3501.59,TIMEOUT,0.5826,ESCALATE,BLOCKED,Automated recovery blocked because maximum retry limit of 2 has been reached.,True,Transaction escalated to merchant.,ESCALATED,0.0,False,2
2026-09-03T23:13:38.838262,TX04538,2879.86,BANK_DECLINE,0.3432,ESCALATE,ALLOWED,Bank decline with 34.32% predicted recovery probability. Merchant/customer intervention is recommended.,True,Transaction escalated to merchant.,ESCALATED,0.0,True,1
2026-09-03T23:13:38.847276,TX04544,10601.12,TIMEOUT,0.7056,RETRY_PAYMENT,ALLOWED,Timeout with 70.56% predicted recovery probability. Automatic retry is permitted.,False,Payment retry failed. Transaction escalated to merchant.,ESCALATED,0.0,False,1
2026-09-03T23:13:38.859287,TX04546,6889.35,NETWORK_ERROR,0.8573,RETRY_PAYMENT,ALLOWED,Network failure with 85.73% predicted recovery probability. Automatic retry is permitted.,True,Payment retry succeeded.,SUCCESS,6889.35,True,0
2026-09-03T23:13:38.869267,TX04549,13838.43,EXPIRED_CARD,0.1812,ESCALATE,ALLOWED,Expired card detected. The payment method must be updated before recovery.,True,Transaction escalated to merchant.,ESCALATED,0.0,False,0
2026-09-03T23:13:38.881267,TX04550,12958.84,NETWORK_ERROR,0.5372,ESCALATE,BLOCKED,Automated recovery blocked because maximum retry limit of 2 has been reached.,True,Transaction escalated to merchant.,ESCALATED,0.0,False,2
2026-09-03T23:13:38.893267,TX04553,11467.54,NETWORK_ERROR,0.7959,RETRY_PAYMENT,ALLOWED,Network failure with 79.59% predicted recovery probability. Automatic retry is permitted.,True,Payment retry succeeded.,SUCCESS,11467.54,True,0
2026-09-03T23:13:38.904384,TX04558,8988.51,NETWORK_ERROR,0.7456,RETRY_PAYMENT,ALLOWED,Network failure with 74.56% predicted recovery probability. Automatic retry is permitted.,True,Payment retry succeeded.,SUCCESS,8988.51,True,1
2026-09-03T23:13:38.915911,TX04564,412.54,TIMEOUT,0.7893,RETRY_PAYMENT,ALLOWED,Timeout with 78.93% predicted recovery probability. Automatic retry is permitted.,False,Payment retry failed. Transaction escalated to merchant.,ESCALATED,0.0,False,0
2026-09-03T23:13:38.925919,TX04570,7804.92,NETWORK_ERROR,0.6428,ESCALATE,BLOCKED,Automated recovery blocked because maximum retry limit of 2 has been reached.,True,Transaction escalated to merchant.,ESCALATED,0.0,True,2
2026-09-03T23:13:38.937909,TX04573,3582.11,NETWORK_ERROR,0.7693,RETRY_PAYMENT,ALLOWED,Network failure with 76.93% predicted recovery probability. Automatic retry is permitted.,False,Payment retry failed. Transaction escalated to merchant.,ESCALATED,0.0,False,1
2026-09-03T23:13:38.948907,TX04574,10203.22,BANK_DECLINE,0.2024,ESCALATE,BLOCKED,Automated recovery blocked because maximum retry limit of 2 has been reached.,True,Transaction escalated to merchant.,ESCALATED,0.0,False,2
2026-09-03T23:13:38.958920,TX04575,9422.31,INSUFFICIENT_FUNDS,0.3331,ESCALATE,ALLOWED,Insufficient funds detected. Automated collection is intentionally avoided and the transaction is escalated.,True,Transaction escalated to merchant.,ESCALATED,0.0,False,1
2026-09-03T23:13:38.972908,TX04585,1520.02,NETWORK_ERROR,0.7787,RETRY_PAYMENT,ALLOWED,Network failure with 77.87% predicted recovery probability. Automatic retry is permitted.,True,Payment retry succeeded.,SUCCESS,1520.02,True,1
2026-09-03T23:13:38.983908,TX04591,12230.4,TIMEOUT,0.8063,RETRY_PAYMENT,ALLOWED,Timeout with 80.63% predicted recovery probability. Automatic retry is permitted.,True,Payment retry succeeded.,SUCCESS,12230.4,True,0
2026-09-03T23:13:38.995907,TX04602,8022.8,NETWORK_ERROR,0.8556,RETRY_PAYMENT,ALLOWED,Network failure with 85.56% predicted recovery probability. Automatic retry is permitted.,True,Payment retry succeeded.,SUCCESS,8022.8,True,0
2026-09-03T23:13:39.006921,TX04609,6124.36,NETWORK_ERROR,0.7444,RETRY_PAYMENT,ALLOWED,Network failure with 74.44% predicted recovery probability. Automatic retry is permitted.,False,Payment retry failed. Transaction escalated to merchant.,ESCALATED,0.0,False,1
2026-09-03T23:13:39.017472,TX04617,5835.62,INSUFFICIENT_FUNDS,0.2279,ESCALATE,BLOCKED,Automated recovery blocked because maximum retry limit of 2 has been reached.,True,Transaction escalated to merchant.,ESCALATED,0.0,False,2
2026-09-03T23:13:39.029478,TX04618,4843.83,TIMEOUT,0.5851,ESCALATE,BLOCKED,Automated recovery blocked because maximum retry limit of 2 has been reached.,True,Transaction escalated to merchant.,ESCALATED,0.0,True,2
2026-09-03T23:13:39.040485,TX04619,5358.69,FRAUD_SUSPECTED,0.1069,ESCALATE,BLOCKED,Automated recovery blocked because fraud was suspected.,True,Transaction escalated to merchant.,ESCALATED,0.0,False,0
2026-09-03T23:13:39.052475,TX04620,7142.46,BANK_DECLINE,0.559,CREATE_PAYMENT_LINK,ALLOWED,Bank decline with 55.90% predicted recovery probability. A payment link provides an alternative payment path without blindly retrying the decline.,True,Payment link created successfully.,SUCCESS,7142.46,True,0
2026-09-03T23:13:39.063473,TX04624,14618.31,FRAUD_SUSPECTED,0.0218,ESCALATE,BLOCKED,Automated recovery blocked because fraud was suspected.,True,Transaction escalated to merchant.,ESCALATED,0.0,False,2
2026-09-03T23:13:39.076471,TX04638,11661.76,BANK_DECLINE,0.2612,ESCALATE,BLOCKED,Automated recovery blocked because maximum retry limit of 2 has been reached.,True,Transaction escalated to merchant.,ESCALATED,0.0,False,2
2026-09-03T23:13:39.088487,TX04642,10790.0,BANK_DECLINE,0.269,ESCALATE,BLOCKED,Automated recovery blocked because maximum retry limit of 2 has been reached.,True,Transaction escalated to merchant.,ESCALATED,0.0,False,2
2026-09-03T23:13:39.102503,TX04644,2350.08,NETWORK_ERROR,0.713,RETRY_PAYMENT,ALLOWED,Network failure with 71.30% predicted recovery probability. Automatic retry is permitted.,True,Payment retry succeeded.,SUCCESS,2350.08,True,1
2026-09-03T23:13:39.113512,TX04647,1235.12,BANK_DECLINE,0.4045,ESCALATE,ALLOWED,Bank decline with 40.45% predicted recovery probability. Merchant/customer intervention is recommended.,True,Transaction escalated to merchant.,ESCALATED,0.0,True,1
2026-09-03T23:13:39.126933,TX04648,7488.43,TIMEOUT,0.7077,RETRY_PAYMENT,ALLOWED,Timeout with 70.77% predicted recovery probability. Automatic retry is permitted.,False,Payment retry failed. Transaction escalated to merchant.,ESCALATED,0.0,False,1
2026-09-03T23:13:39.139932,TX04649,4124.61,BANK_DECLINE,0.2209,ESCALATE,BLOCKED,Automated recovery blocked because maximum retry limit of 2 has been reached.,True,Transaction escalated to merchant.,ESCALATED,0.0,True,2
2026-09-03T23:13:39.151939,TX04654,1097.28,INSUFFICIENT_FUNDS,0.2797,ESCALATE,ALLOWED,Insufficient funds detected. Automated collection is intentionally avoided and the transaction is escalated.,True,Transaction escalated to merchant.,ESCALATED,0.0,False,1
2026-09-03T23:13:39.163932,TX04655,11173.52,NETWORK_ERROR,0.7408,RETRY_PAYMENT,ALLOWED,Network failure with 74.08% predicted recovery probability. Automatic retry is permitted.,True,Payment retry succeeded.,SUCCESS,11173.52,True,1
2026-09-03T23:13:39.177935,TX04660,10121.51,NETWORK_ERROR,0.6941,CREATE_PAYMENT_LINK,ALLOWED,Network failure with 69.41% predicted recovery probability. A payment link is safer than an automatic retry.,True,Payment link created successfully.,SUCCESS,10121.51,True,1
2026-09-03T23:13:39.188944,TX04662,1063.51,NETWORK_ERROR,0.654,ESCALATE,BLOCKED,Automated recovery blocked because maximum retry limit of 2 has been reached.,True,Transaction escalated to merchant.,ESCALATED,0.0,True,2
2026-09-03T23:13:39.200970,TX04669,14699.13,TIMEOUT,0.812,RETRY_PAYMENT,ALLOWED,Timeout with 81.20% predicted recovery probability. Automatic retry is permitted.,False,Payment retry failed. Transaction escalated to merchant.,ESCALATED,0.0,False,0
2026-09-03T23:13:39.211979,TX04670,697.88,EXPIRED_CARD,0.0724,ESCALATE,BLOCKED,Automated recovery blocked because maximum retry limit of 2 has been reached.,True,Transaction escalated to merchant.,ESCALATED,0.0,False,2
2026-09-03T23:13:39.220516,TX04673,10232.72,NETWORK_ERROR,0.6139,ESCALATE,BLOCKED,Automated recovery blocked because maximum retry limit of 2 has been reached.,True,Transaction escalated to merchant.,ESCALATED,0.0,False,2
2026-09-03T23:13:39.228500,TX04678,4415.0,EXPIRED_CARD,0.2517,ESCALATE,ALLOWED,Expired card detected. The payment method must be updated before recovery.,True,Transaction escalated to merchant.,ESCALATED,0.0,True,0
2026-09-03T23:13:39.237501,TX04695,11917.55,NETWORK_ERROR,0.6248,ESCALATE,BLOCKED,Automated recovery blocked because maximum retry limit of 2 has been reached.,True,Transaction escalated to merchant.,ESCALATED,0.0,True,2
2026-09-03T23:13:39.246497,TX04698,1958.49,BANK_DECLINE,0.4184,ESCALATE,ALLOWED,Bank decline with 41.84% predicted recovery probability. Merchant/customer intervention is recommended.,True,Transaction escalated to merchant.,ESCALATED,0.0,False,1
2026-09-03T23:13:39.256512,TX04700,10875.43,NETWORK_ERROR,0.5531,ESCALATE,BLOCKED,Automated recovery blocked because maximum retry limit of 2 has been reached.,True,Transaction escalated to merchant.,ESCALATED,0.0,True,2
2026-09-03T23:13:39.264526,TX04716,412.51,BANK_DECLINE,0.4203,ESCALATE,ALLOWED,Bank decline with 42.03% predicted recovery probability. Merchant/customer intervention is recommended.,True,Transaction escalated to merchant.,ESCALATED,0.0,False,1
2026-09-03T23:13:39.273497,TX04718,14266.93,BANK_DECLINE,0.3055,ESCALATE,ALLOWED,Bank decline with 30.55% predicted recovery probability. Merchant/customer intervention is recommended.,True,Transaction escalated to merchant.,ESCALATED,0.0,False,1
2026-09-03T23:13:39.281502,TX04719,7668.56,TIMEOUT,0.5104,ESCALATE,BLOCKED,Automated recovery blocked because maximum retry limit of 2 has been reached.,True,Transaction escalated to merchant.,ESCALATED,0.0,False,2
2026-09-03T23:13:39.292501,TX04721,2452.47,EXPIRED_CARD,0.0711,ESCALATE,BLOCKED,Automated recovery blocked because maximum retry limit of 2 has been reached.,True,Transaction escalated to merchant.,ESCALATED,0.0,False,2
2026-09-03T23:13:39.302522,TX04725,11820.44,TIMEOUT,0.7664,RETRY_PAYMENT,ALLOWED,Timeout with 76.64% predicted recovery probability. Automatic retry is permitted.,True,Payment retry succeeded.,SUCCESS,11820.44,True,0
2026-09-03T23:13:39.309547,TX04731,14191.15,INSUFFICIENT_FUNDS,0.1603,ESCALATE,BLOCKED,Automated recovery blocked because maximum retry limit of 2 has been reached.,True,Transaction escalated to merchant.,ESCALATED,0.0,True,2
2026-09-03T23:13:39.320089,TX04737,5132.67,INSUFFICIENT_FUNDS,0.4882,ESCALATE,ALLOWED,Insufficient funds detected. Automated collection is intentionally avoided and the transaction is escalated.,True,Transaction escalated to merchant.,ESCALATED,0.0,False,0
2026-09-03T23:13:39.328083,TX04740,13673.11,BANK_DECLINE,0.2567,ESCALATE,BLOCKED,Automated recovery blocked because maximum retry limit of 2 has been reached.,True,Transaction escalated to merchant.,ESCALATED,0.0,True,2
2026-09-03T23:13:39.336086,TX04744,10749.94,TIMEOUT,0.5619,ESCALATE,BLOCKED,Automated recovery blocked because maximum retry limit of 2 has been reached.,True,Transaction escalated to merchant.,ESCALATED,0.0,True,2
2026-09-03T23:13:39.344091,TX04745,637.3,NETWORK_ERROR,0.717,RETRY_PAYMENT,ALLOWED,Network failure with 71.70% predicted recovery probability. Automatic retry is permitted.,False,Payment retry failed. Transaction escalated to merchant.,ESCALATED,0.0,False,1
2026-09-03T23:13:39.354084,TX04762,2850.31,FRAUD_SUSPECTED,0.0779,ESCALATE,BLOCKED,Automated recovery blocked because fraud was suspected.,True,Transaction escalated to merchant.,ESCALATED,0.0,False,0
2026-09-03T23:13:39.363100,TX04767,663.57,EXPIRED_CARD,0.2051,ESCALATE,ALLOWED,Expired card detected. The payment method must be updated before recovery.,True,Transaction escalated to merchant.,ESCALATED,0.0,False,0
2026-09-03T23:13:39.376097,TX04770,12748.02,TIMEOUT,0.5724,ESCALATE,BLOCKED,Automated recovery blocked because maximum retry limit of 2 has been reached.,True,Transaction escalated to merchant.,ESCALATED,0.0,False,2
2026-09-03T23:13:39.389110,TX04773,7608.76,BANK_DECLINE,0.2073,ESCALATE,BLOCKED,Automated recovery blocked because maximum retry limit of 2 has been reached.,True,Transaction escalated to merchant.,ESCALATED,0.0,False,2
2026-09-03T23:13:39.401106,TX04777,6578.97,EXPIRED_CARD,0.068,ESCALATE,BLOCKED,Automated recovery blocked because maximum retry limit of 2 has been reached.,True,Transaction escalated to merchant.,ESCALATED,0.0,False,2
2026-09-03T23:13:39.413638,TX04779,6656.9,EXPIRED_CARD,0.0927,ESCALATE,BLOCKED,Automated recovery blocked because maximum retry limit of 2 has been reached.,True,Transaction escalated to merchant.,ESCALATED,0.0,False,2
2026-09-03T23:13:39.424648,TX04786,14521.6,BANK_DECLINE,0.2425,ESCALATE,BLOCKED,Automated recovery blocked because maximum retry limit of 2 has been reached.,True,Transaction escalated to merchant.,ESCALATED,0.0,False,2
2026-09-03T23:13:39.434654,TX04790,5729.56,BANK_DECLINE,0.3358,ESCALATE,ALLOWED,Bank decline with 33.58% predicted recovery probability. Merchant/customer intervention is recommended.,True,Transaction escalated to merchant.,ESCALATED,0.0,True,1
2026-09-03T23:13:39.447649,TX04791,2134.54,NETWORK_ERROR,0.7053,RETRY_PAYMENT,ALLOWED,Network failure with 70.53% predicted recovery probability. Automatic retry is permitted.,True,Payment retry succeeded.,SUCCESS,2134.54,True,1
2026-09-03T23:13:39.459649,TX04795,8026.06,NETWORK_ERROR,0.5613,ESCALATE,BLOCKED,Automated recovery blocked because maximum retry limit of 2 has been reached.,True,Transaction escalated to merchant.,ESCALATED,0.0,True,2
2026-09-03T23:13:39.474656,TX04804,2682.15,NETWORK_ERROR,0.5766,ESCALATE,BLOCKED,Automated recovery blocked because maximum retry limit of 2 has been reached.,True,Transaction escalated to merchant.,ESCALATED,0.0,True,2
2026-09-03T23:13:39.486650,TX04815,5619.74,TIMEOUT,0.7234,RETRY_PAYMENT,ALLOWED,Timeout with 72.34% predicted recovery probability. Automatic retry is permitted.,True,Payment retry succeeded.,SUCCESS,5619.74,True,1
2026-09-03T23:13:39.497648,TX04820,5491.65,FRAUD_SUSPECTED,0.0349,ESCALATE,BLOCKED,Automated recovery blocked because fraud was suspected.,True,Transaction escalated to merchant.,ESCALATED,0.0,False,2
2026-09-03T23:13:39.508664,TX04824,4573.7,INSUFFICIENT_FUNDS,0.214,ESCALATE,BLOCKED,Automated recovery blocked because maximum retry limit of 2 has been reached.,True,Transaction escalated to merchant.,ESCALATED,0.0,False,2
2026-09-03T23:13:39.520235,TX04825,9837.77,NETWORK_ERROR,0.6305,ESCALATE,BLOCKED,Automated recovery blocked because maximum retry limit of 2 has been reached.,True,Transaction escalated to merchant.,ESCALATED,0.0,False,2
2026-09-03T23:13:39.533222,TX04832,7503.33,EXPIRED_CARD,0.0842,ESCALATE,BLOCKED,Automated recovery blocked because maximum retry limit of 2 has been reached.,True,Transaction escalated to merchant.,ESCALATED,0.0,False,2
2026-09-03T23:13:39.546221,TX04834,1232.5,TIMEOUT,0.7145,RETRY_PAYMENT,ALLOWED,Timeout with 71.45% predicted recovery probability. Automatic retry is permitted.,True,Payment retry succeeded.,SUCCESS,1232.5,True,1
2026-09-03T23:13:39.558220,TX04841,1941.63,INSUFFICIENT_FUNDS,0.2289,ESCALATE,BLOCKED,Automated recovery blocked because maximum retry limit of 2 has been reached.,True,Transaction escalated to merchant.,ESCALATED,0.0,False,2
2026-09-03T23:13:39.569218,TX04856,13081.47,INSUFFICIENT_FUNDS,0.3301,ESCALATE,ALLOWED,Insufficient funds detected. Automated collection is intentionally avoided and the transaction is escalated.,True,Transaction escalated to merchant.,ESCALATED,0.0,True,1
2026-09-03T23:13:39.581220,TX04859,6531.28,NETWORK_ERROR,0.6945,CREATE_PAYMENT_LINK,ALLOWED,Network failure with 69.45% predicted recovery probability. A payment link is safer than an automatic retry.,True,Payment link created successfully.,SUCCESS,6531.28,True,1
2026-09-03T23:13:39.594225,TX04860,5239.6,TIMEOUT,0.7184,RETRY_PAYMENT,ALLOWED,Timeout with 71.84% predicted recovery probability. Automatic retry is permitted.,True,Payment retry succeeded.,SUCCESS,5239.6,True,1
2026-09-03T23:13:39.606239,TX04862,2138.13,INSUFFICIENT_FUNDS,0.3499,ESCALATE,ALLOWED,Insufficient funds detected. Automated collection is intentionally avoided and the transaction is escalated.,True,Transaction escalated to merchant.,ESCALATED,0.0,False,1
2026-09-03T23:13:39.617791,TX04864,8105.93,BANK_DECLINE,0.4719,ESCALATE,ALLOWED,Bank decline with 47.19% predicted recovery probability. Merchant/customer intervention is recommended.,True,Transaction escalated to merchant.,ESCALATED,0.0,True,0
2026-09-03T23:13:39.629789,TX04865,9858.13,NETWORK_ERROR,0.6373,ESCALATE,BLOCKED,Automated recovery blocked because maximum retry limit of 2 has been reached.,True,Transaction escalated to merchant.,ESCALATED,0.0,True,2
2026-09-03T23:13:39.642215,TX04866,2427.87,INSUFFICIENT_FUNDS,0.4196,ESCALATE,ALLOWED,Insufficient funds detected. Automated collection is intentionally avoided and the transaction is escalated.,True,Transaction escalated to merchant.,ESCALATED,0.0,True,0
2026-09-03T23:13:39.655215,TX04875,1985.98,FRAUD_SUSPECTED,0.0262,ESCALATE,BLOCKED,Automated recovery blocked because fraud was suspected.,True,Transaction escalated to merchant.,ESCALATED,0.0,False,2
2026-09-03T23:13:39.667226,TX04876,13672.62,EXPIRED_CARD,0.0789,ESCALATE,BLOCKED,Automated recovery blocked because maximum retry limit of 2 has been reached.,True,Transaction escalated to merchant.,ESCALATED,0.0,False,2
2026-09-03T23:13:39.678514,TX04878,2587.61,BANK_DECLINE,0.4879,ESCALATE,ALLOWED,Bank decline with 48.79% predicted recovery probability. Merchant/customer intervention is recommended.,True,Transaction escalated to merchant.,ESCALATED,0.0,False,0
2026-09-03T23:13:39.707429,TX04902,3792.12,INSUFFICIENT_FUNDS,0.2155,ESCALATE,BLOCKED,Automated recovery blocked because maximum retry limit of 2 has been reached.,True,Transaction escalated to merchant.,ESCALATED,0.0,False,2
2026-09-03T23:13:39.724966,TX04907,13725.87,NETWORK_ERROR,0.7981,RETRY_PAYMENT,ALLOWED,Network failure with 79.81% predicted recovery probability. Automatic retry is permitted.,True,Payment retry succeeded.,SUCCESS,13725.87,True,0
2026-09-03T23:13:39.742966,TX04914,6966.74,NETWORK_ERROR,0.6935,CREATE_PAYMENT_LINK,ALLOWED,Network failure with 69.35% predicted recovery probability. A payment link is safer than an automatic retry.,True,Payment link created successfully. Transaction escalated to merchant.,ESCALATED,0.0,False,1
2026-09-03T23:13:39.753960,TX04916,3835.61,TIMEOUT,0.8347,RETRY_PAYMENT,ALLOWED,Timeout with 83.47% predicted recovery probability. Automatic retry is permitted.,False,Payment retry failed. Transaction escalated to merchant.,ESCALATED,0.0,False,0
2026-09-03T23:13:39.765960,TX04920,2738.34,NETWORK_ERROR,0.5764,ESCALATE,BLOCKED,Automated recovery blocked because maximum retry limit of 2 has been reached.,True,Transaction escalated to merchant.,ESCALATED,0.0,True,2
2026-09-03T23:13:39.773956,TX04924,6416.61,INSUFFICIENT_FUNDS,0.4819,ESCALATE,ALLOWED,Insufficient funds detected. Automated collection is intentionally avoided and the transaction is escalated.,True,Transaction escalated to merchant.,ESCALATED,0.0,True,0
2026-09-03T23:13:39.781960,TX04934,10692.12,BANK_DECLINE,0.2558,ESCALATE,BLOCKED,Automated recovery blocked because maximum retry limit of 2 has been reached.,True,Transaction escalated to merchant.,ESCALATED,0.0,False,2
2026-09-03T23:13:39.791968,TX04941,5219.59,BANK_DECLINE,0.2819,ESCALATE,BLOCKED,Automated recovery blocked because maximum retry limit of 2 has been reached.,True,Transaction escalated to merchant.,ESCALATED,0.0,False,2
2026-09-03T23:13:39.799985,TX04942,7312.85,BANK_DECLINE,0.3938,ESCALATE,ALLOWED,Bank decline with 39.38% predicted recovery probability. Merchant/customer intervention is recommended.,True,Transaction escalated to merchant.,ESCALATED,0.0,True,1
2026-09-03T23:13:39.809002,TX04943,1864.9,NETWORK_ERROR,0.6585,ESCALATE,BLOCKED,Automated recovery blocked because maximum retry limit of 2 has been reached.,True,Transaction escalated to merchant.,ESCALATED,0.0,False,2
2026-09-03T23:13:39.819516,TX04947,13019.28,TIMEOUT,0.815,RETRY_PAYMENT,ALLOWED,Timeout with 81.50% predicted recovery probability. Automatic retry is permitted.,True,Payment retry succeeded.,SUCCESS,13019.28,True,0
2026-09-03T23:13:39.828512,TX04953,9829.57,BANK_DECLINE,0.3806,ESCALATE,ALLOWED,Bank decline with 38.06% predicted recovery probability. Merchant/customer intervention is recommended.,True,Transaction escalated to merchant.,ESCALATED,0.0,False,1
2026-09-03T23:13:39.836512,TX04956,2824.59,NETWORK_ERROR,0.6493,ESCALATE,BLOCKED,Automated recovery blocked because maximum retry limit of 2 has been reached.,True,Transaction escalated to merchant.,ESCALATED,0.0,False,2
2026-09-03T23:13:39.846511,TX04962,12358.83,INSUFFICIENT_FUNDS,0.1578,ESCALATE,BLOCKED,Automated recovery blocked because maximum retry limit of 2 has been reached.,True,Transaction escalated to merchant.,ESCALATED,0.0,False,2
2026-09-03T23:13:39.858524,TX04967,9551.45,FRAUD_SUSPECTED,0.059,ESCALATE,BLOCKED,Automated recovery blocked because fraud was suspected.,True,Transaction escalated to merchant.,ESCALATED,0.0,False,1
2026-09-03T23:13:39.870516,TX04968,1862.52,FRAUD_SUSPECTED,0.0252,ESCALATE,BLOCKED,Automated recovery blocked because fraud was suspected.,True,Transaction escalated to merchant.,ESCALATED,0.0,False,2
2026-09-03T23:13:39.881513,TX04972,9165.68,EXPIRED_CARD,0.1139,ESCALATE,ALLOWED,Expired card detected. The payment method must be updated before recovery.,True,Transaction escalated to merchant.,ESCALATED,0.0,False,1
2026-09-03T23:13:39.892510,TX04988,1683.92,NETWORK_ERROR,0.7784,RETRY_PAYMENT,ALLOWED,Network failure with 77.84% predicted recovery probability. Automatic retry is permitted.,True,Payment retry succeeded.,SUCCESS,1683.92,True,1
2026-09-03T23:13:39.904527,TX04994,6422.97,NETWORK_ERROR,0.6465,ESCALATE,BLOCKED,Automated recovery blocked because maximum retry limit of 2 has been reached.,True,Transaction escalated to merchant.,ESCALATED,0.0,True,2
2026-09-03T23:13:39.915090,TX04998,7775.99,NETWORK_ERROR,0.8028,RETRY_PAYMENT,ALLOWED,Network failure with 80.28% predicted recovery probability. Automatic retry is permitted.,False,Payment retry failed. Transaction escalated to merchant.,ESCALATED,0.0,False,0
