transaction_id,customer_id,amount,timestamp,payment_method,status,failure_reason,retry_count,checkout_completed,subscription,recovery_eligible,recovery_probability_ground_truth,recovery_outcome
TX00001,C0522,10506.39,2026-07-03 18:56:44.245926,UPI,SUCCESS,,0,True,False,False,,
TX00002,C0094,8565.52,2026-07-27 11:50:44.245926,WALLET,FAILED,BANK_DECLINE,2,True,False,True,0.23000000000000004,False
TX00003,C0613,13198.92,2026-07-12 21:24:44.245926,WALLET,SUCCESS,,0,True,False,False,,
TX00004,C0556,671.5,2026-06-17 16:09:44.245926,NETBANKING,SUCCESS,,0,True,True,False,,
TX00005,C0026,4224.58,2026-08-14 22:42:44.245926,UPI,SUCCESS,,0,True,True,False,,
TX00006,C0518,3983.25,2026-08-19 20:20:44.245926,WALLET,SUCCESS,,0,True,True,False,,
TX00007,C0286,3298.81,2026-07-23 16:53:44.245926,CARD,SUCCESS,,0,True,True,False,,
TX00008,C0291,1806.46,2026-08-22 10:56:44.245926,WALLET,FAILED,INSUFFICIENT_FUNDS,2,False,False,True,0.25,False
TX00009,C0022,11829.32,2026-08-16 03:44:44.245926,NETBANKING,SUCCESS,,0,True,False,False,,
TX00010,C0750,990.6,2026-07-09 04:15:44.245926,CARD,SUCCESS,,0,True,False,False,,
TX00011,C0439,14644.59,2026-07-02 21:41:44.245926,WALLET,FAILED,FRAUD_SUSPECTED,0,True,False,False,0.11,False
TX00012,C0046,13090.74,2026-08-18 23:48:44.245926,UPI,SUCCESS,,0,True,True,False,,
TX00013,C0301,10730.32,2026-07-07 22:01:44.245926,CARD,FAILED,INSUFFICIENT_FUNDS,2,True,False,True,0.13,False
TX00014,C0774,6897.58,2026-09-01 23:04:44.245926,WALLET,SUCCESS,,0,True,False,False,,
TX00015,C0017,2854.79,2026-07-21 05:11:44.245926,CARD,SUCCESS,,0,True,True,False,,
TX00016,C0349,4402.95,2026-06-28 11:55:44.245926,WALLET,SUCCESS,,0,True,True,False,,
TX00017,C0175,4048.74,2026-07-04 12:48:44.245926,NETBANKING,SUCCESS,,0,True,False,False,,
TX00018,C0309,887.13,2026-08-27 23:18:44.245926,NETBANKING,FAILED,TIMEOUT,0,True,False,True,0.73,True
TX00019,C0011,11911.65,2026-07-24 12:31:44.245926,NETBANKING,SUCCESS,,0,True,False,False,,
TX00020,C0142,4972.53,2026-06-24 11:11:44.245926,UPI,SUCCESS,,0,True,False,False,,
TX00021,C0858,11858.0,2026-06-18 22:50:44.245926,CARD,SUCCESS,,0,True,False,False,,
TX00022,C0292,1651.6,2026-06-24 13:53:44.245926,WALLET,SUCCESS,,0,True,False,False,,
TX00023,C0367,5166.68,2026-07-01 04:00:44.245926,NETBANKING,SUCCESS,,0,True,True,False,,
TX00024,C0178,8098.33,2026-07-25 12:56:44.245926,UPI,SUCCESS,,0,True,False,False,,
TX00025,C0068,429.41,2026-08-04 08:00:44.245926,NETBANKING,FAILED,TIMEOUT,0,False,False,True,0.85,True
TX00026,C0581,10333.51,2026-07-03 15:46:44.245926,NETBANKING,FAILED,TIMEOUT,0,True,False,True,0.85,True
TX00027,C0626,12385.0,2026-07-08 13:47:44.245926,NETBANKING,SUCCESS,,0,True,False,False,,
TX00028,C0186,7456.03,2026-07-01 10:15:44.245926,NETBANKING,SUCCESS,,0,True,False,False,,
TX00029,C0925,7854.25,2026-08-29 18:05:44.245926,UPI,SUCCESS,,0,True,True,False,,
TX00030,C0397,11667.78,2026-07-22 23:29:44.245926,UPI,FAILED,NETWORK_ERROR,0,True,True,True,0.9,True
TX00031,C0442,12584.28,2026-06-23 03:46:44.245926,CARD,FAILED,BANK_DECLINE,2,False,False,True,0.23000000000000004,False
TX00032,C0120,1360.17,2026-08-05 21:22:44.245926,UPI,SUCCESS,,0,True,True,False,,
TX00033,C0836,5176.22,2026-06-12 09:52:44.245926,CARD,SUCCESS,,0,True,True,False,,
TX00034,C0930,4003.05,2026-06-10 20:33:44.245926,CARD,SUCCESS,,0,True,False,False,,
TX00035,C0596,4102.12,2026-07-09 18:21:44.245926,UPI,SUCCESS,,0,True,False,False,,
TX00036,C0580,4951.14,2026-07-09 21:33:44.245926,WALLET,SUCCESS,,0,True,False,False,,
TX00037,C0811,9728.91,2026-07-30 17:29:44.245926,UPI,SUCCESS,,0,True,True,False,,
TX00038,C0669,969.1,2026-08-20 15:42:44.245926,CARD,SUCCESS,,0,True,True,False,,
TX00039,C0486,1860.19,2026-08-15 01:40:44.245926,WALLET,FAILED,INSUFFICIENT_FUNDS,2,True,False,True,0.25,False
TX00040,C0016,10012.63,2026-07-17 14:07:44.245926,NETBANKING,SUCCESS,,0,True,True,False,,
TX00041,C0879,11277.28,2026-08-15 23:15:44.245926,UPI,SUCCESS,,0,True,False,False,,
TX00042,C0424,14413.97,2026-06-17 13:25:44.245926,NETBANKING,SUCCESS,,0,True,False,False,,
TX00043,C0505,14490.87,2026-08-22 08:58:44.245926,CARD,FAILED,INSUFFICIENT_FUNDS,1,False,False,True,0.35,True
TX00044,C0599,914.07,2026-07-26 13:48:44.245926,NETBANKING,SUCCESS,,0,True,False,False,,
TX00045,C0411,14220.6,2026-07-02 04:17:44.245926,WALLET,SUCCESS,,0,True,True,False,,
TX00046,C0697,10971.28,2026-06-23 17:13:44.245926,WALLET,SUCCESS,,0,True,False,False,,
TX00047,C0662,7834.52,2026-06-19 02:17:44.245926,UPI,SUCCESS,,0,True,True,False,,
TX00048,C0936,4015.3,2026-06-14 21:04:44.245926,CARD,SUCCESS,,0,True,True,False,,
TX00049,C0808,12828.09,2026-08-20 22:34:44.245926,UPI,FAILED,INSUFFICIENT_FUNDS,2,True,False,True,0.13,False
TX00050,C0504,1743.58,2026-08-09 11:45:44.245926,CARD,SUCCESS,,0,True,False,False,,
TX00051,C0057,5549.93,2026-08-04 13:09:44.245926,CARD,FAILED,INSUFFICIENT_FUNDS,0,True,True,True,0.33,True
TX00052,C0217,5126.69,2026-08-03 11:12:44.245926,NETBANKING,SUCCESS,,0,True,False,False,,
TX00053,C0178,8613.61,2026-07-07 14:55:44.245926,UPI,SUCCESS,,0,True,False,False,,
TX00054,C0788,2779.0,2026-07-02 22:54:44.245926,UPI,FAILED,NETWORK_ERROR,0,True,False,True,0.9,True
TX00055,C0717,10289.83,2026-07-04 14:59:44.245926,WALLET,SUCCESS,,0,True,False,False,,
TX00056,C0649,5573.5,2026-07-02 05:59:44.245926,CARD,SUCCESS,,0,True,False,False,,
TX00057,C0873,9789.61,2026-06-11 21:45:44.245926,CARD,SUCCESS,,0,True,False,False,,
TX00058,C0956,2358.02,2026-07-23 11:18:44.245926,WALLET,SUCCESS,,0,True,True,False,,
TX00059,C0149,9511.3,2026-08-09 15:46:44.245926,UPI,SUCCESS,,0,True,True,False,,
TX00060,C0925,7755.52,2026-06-07 06:49:44.245926,UPI,SUCCESS,,0,True,False,False,,
TX00061,C0117,11607.24,2026-06-23 19:27:44.245926,UPI,SUCCESS,,0,True,False,False,,
TX00062,C0577,8289.0,2026-07-23 13:37:44.245926,NETBANKING,SUCCESS,,0,True,False,False,,
TX00063,C0806,5677.53,2026-06-24 18:30:44.245926,WALLET,SUCCESS,,0,True,False,False,,
TX00064,C0493,12900.31,2026-06-16 15:09:44.245926,WALLET,SUCCESS,,0,True,False,False,,
TX00065,C0364,6132.74,2026-07-20 03:41:44.245926,CARD,SUCCESS,,0,True,True,False,,
TX00066,C0756,14470.8,2026-09-01 19:34:44.245926,UPI,SUCCESS,,0,True,False,False,,
TX00067,C0150,7857.81,2026-07-15 01:28:44.245926,WALLET,SUCCESS,,0,True,True,False,,
TX00068,C0807,8617.44,2026-08-22 20:01:44.245926,NETBANKING,SUCCESS,,0,True,False,False,,
TX00069,C0949,7407.5,2026-07-07 02:29:44.245926,CARD,SUCCESS,,0,True,True,False,,
TX00070,C0008,3706.72,2026-06-28 12:10:44.245926,NETBANKING,SUCCESS,,0,True,False,False,,
TX00071,C0840,3339.58,2026-08-26 01:38:44.245926,CARD,SUCCESS,,0,True,False,False,,
TX00072,C0609,13793.16,2026-08-23 16:27:44.245926,WALLET,SUCCESS,,0,True,True,False,,
TX00073,C0600,5063.85,2026-08-07 12:01:44.245926,UPI,FAILED,FRAUD_SUSPECTED,2,True,False,False,0.01,False
TX00074,C0886,2855.59,2026-08-02 22:39:44.245926,CARD,SUCCESS,,0,True,False,False,,
TX00075,C0836,13503.93,2026-06-11 12:43:44.245926,CARD,SUCCESS,,0,True,False,False,,
TX00076,C0994,13636.46,2026-07-21 10:42:44.245926,NETBANKING,SUCCESS,,0,True,False,False,,
TX00077,C0025,5371.98,2026-08-15 14:16:44.245926,WALLET,FAILED,BANK_DECLINE,2,True,False,True,0.35000000000000003,False
TX00078,C0129,7863.76,2026-06-30 00:07:44.245926,NETBANKING,SUCCESS,,0,True,True,False,,
TX00079,C0196,5624.68,2026-08-08 17:39:44.245926,NETBANKING,SUCCESS,,0,True,False,False,,
TX00080,C0055,6394.82,2026-07-04 12:04:44.245926,UPI,SUCCESS,,0,True,False,False,,
TX00081,C0564,7338.58,2026-06-23 14:58:44.245926,WALLET,SUCCESS,,0,True,False,False,,
TX00082,C0067,6340.22,2026-06-26 14:59:44.245926,UPI,SUCCESS,,0,True,True,False,,
TX00083,C0637,2668.6,2026-07-31 17:56:44.245926,WALLET,SUCCESS,,0,True,False,False,,
TX00084,C0212,2458.92,2026-06-19 14:03:44.245926,NETBANKING,FAILED,TIMEOUT,0,True,False,True,0.85,True
TX00085,C0461,13214.08,2026-08-09 16:58:44.245926,CARD,FAILED,INSUFFICIENT_FUNDS,1,False,False,True,0.23,True
TX00086,C0650,7380.53,2026-06-24 09:53:44.245926,NETBANKING,SUCCESS,,0,True,False,False,,
TX00087,C0632,11980.86,2026-08-18 02:59:44.245926,CARD,SUCCESS,,0,True,False,False,,
TX00088,C0907,7808.83,2026-06-19 17:04:44.245926,CARD,SUCCESS,,0,True,False,False,,
TX00089,C0220,6966.01,2026-07-28 04:51:44.245926,CARD,SUCCESS,,0,True,True,False,,
TX00090,C0820,2243.53,2026-06-05 22:51:44.245926,NETBANKING,SUCCESS,,0,True,True,False,,
TX00091,C0623,7714.09,2026-07-12 15:44:44.245926,CARD,FAILED,EXPIRED_CARD,2,True,False,True,0.01,False
TX00092,C0148,11822.86,2026-07-20 06:13:44.245926,UPI,SUCCESS,,0,True,False,False,,
TX00093,C0472,9993.07,2026-08-25 13:05:44.245926,NETBANKING,SUCCESS,,0,True,False,False,,
TX00094,C0996,13485.44,2026-08-13 23:24:44.245926,WALLET,SUCCESS,,0,True,False,False,,
TX00095,C0382,6484.06,2026-08-23 01:45:44.245926,UPI,SUCCESS,,0,True,True,False,,
TX00096,C0264,3673.45,2026-08-16 11:20:44.245926,CARD,SUCCESS,,0,True,False,False,,
TX00097,C0519,5452.61,2026-08-16 16:24:44.245926,UPI,SUCCESS,,0,True,False,False,,
TX00098,C0304,10541.6,2026-06-13 08:08:44.245926,CARD,SUCCESS,,0,True,False,False,,
TX00099,C0908,11558.13,2026-08-26 06:47:44.245926,CARD,SUCCESS,,0,True,False,False,,
TX00100,C0069,13188.46,2026-07-11 15:23:44.245926,NETBANKING,SUCCESS,,0,True,False,False,,
TX00101,C0197,11231.59,2026-06-05 02:13:44.245926,WALLET,SUCCESS,,0,True,False,False,,
TX00102,C0638,405.75,2026-08-03 00:33:44.245926,NETBANKING,SUCCESS,,0,True,True,False,,
TX00103,C0300,6310.02,2026-06-14 03:31:44.245926,UPI,FAILED,NETWORK_ERROR,2,True,False,True,0.7,True
TX00104,C0778,9294.65,2026-08-05 09:29:44.245926,NETBANKING,SUCCESS,,0,True,False,False,,
TX00105,C0402,8415.94,2026-07-25 04:41:44.245926,CARD,SUCCESS,,0,True,False,False,,
TX00106,C0805,8457.2,2026-06-27 13:04:44.245926,UPI,SUCCESS,,0,True,False,False,,
TX00107,C0769,11680.66,2026-07-10 16:24:44.245926,NETBANKING,SUCCESS,,0,True,False,False,,
TX00108,C0636,9991.46,2026-08-11 12:18:44.245926,CARD,FAILED,NETWORK_ERROR,2,False,False,True,0.7,True
TX00109,C0104,12072.55,2026-07-30 08:02:44.245926,NETBANKING,SUCCESS,,0,True,False,False,,
TX00110,C0490,2662.85,2026-08-31 05:49:44.245926,NETBANKING,FAILED,BANK_DECLINE,0,True,False,True,0.43000000000000005,False
TX00111,C0269,4167.45,2026-07-08 04:47:44.245926,UPI,SUCCESS,,0,True,True,False,,
TX00112,C0581,5949.59,2026-09-02 01:14:44.245926,NETBANKING,SUCCESS,,0,True,False,False,,
TX00113,C0261,4511.1,2026-08-31 03:32:44.245926,NETBANKING,SUCCESS,,0,True,False,False,,
TX00114,C0498,12357.36,2026-08-01 17:25:44.245926,WALLET,FAILED,BANK_DECLINE,0,True,False,True,0.55,False
TX00115,C0800,794.06,2026-07-29 00:20:44.245926,NETBANKING,SUCCESS,,0,True,False,False,,
TX00116,C0805,9343.29,2026-08-04 19:06:44.245926,UPI,SUCCESS,,0,True,True,False,,
TX00117,C0714,304.22,2026-06-18 18:37:44.245926,UPI,SUCCESS,,0,True,True,False,,
TX00118,C0801,6171.68,2026-08-04 09:34:44.245926,CARD,SUCCESS,,0,True,False,False,,
TX00119,C0314,7910.82,2026-08-10 12:31:44.245926,NETBANKING,SUCCESS,,0,True,False,False,,
TX00120,C0369,8379.01,2026-08-09 12:57:44.245926,UPI,SUCCESS,,0,True,False,False,,
TX00121,C0605,5417.0,2026-08-31 03:01:44.245926,WALLET,FAILED,EXPIRED_CARD,0,True,False,True,0.2,True
TX00122,C0870,4138.28,2026-07-11 12:04:44.245926,UPI,SUCCESS,,0,True,False,False,,
TX00123,C0630,7696.59,2026-07-05 09:21:44.245926,NETBANKING,SUCCESS,,0,True,False,False,,
TX00124,C0704,14363.63,2026-08-23 04:34:44.245926,NETBANKING,FAILED,BANK_DECLINE,2,True,False,True,0.23000000000000004,False
TX00125,C0045,3876.12,2026-07-05 08:41:44.245926,CARD,SUCCESS,,0,True,False,False,,
TX00126,C0736,7072.59,2026-07-27 20:37:44.245926,WALLET,SUCCESS,,0,True,False,False,,
TX00127,C0453,4089.95,2026-07-09 06:38:44.245926,CARD,SUCCESS,,0,True,False,False,,
TX00128,C0411,10250.62,2026-06-25 08:58:44.245926,WALLET,FAILED,EXPIRED_CARD,1,False,True,True,0.1,False
TX00129,C0185,3949.39,2026-06-12 21:51:44.245926,WALLET,FAILED,TIMEOUT,2,True,False,True,0.6499999999999999,True
TX00130,C0887,5497.01,2026-08-24 20:20:44.245926,CARD,SUCCESS,,0,True,False,False,,
TX00131,C0654,11268.5,2026-08-28 02:51:44.245926,NETBANKING,SUCCESS,,0,True,False,False,,
TX00132,C0678,3235.1,2026-08-10 09:15:44.245926,CARD,SUCCESS,,0,True,True,False,,
TX00133,C0608,3669.35,2026-08-19 10:38:44.245926,UPI,SUCCESS,,0,True,True,False,,
TX00134,C0383,2593.13,2026-06-14 03:44:44.245926,NETBANKING,FAILED,NETWORK_ERROR,0,True,False,True,0.78,True
TX00135,C0200,8259.67,2026-06-08 07:00:44.245926,UPI,SUCCESS,,0,True,False,False,,
TX00136,C0626,4936.63,2026-08-25 04:39:44.245926,NETBANKING,SUCCESS,,0,True,False,False,,
TX00137,C0776,13070.9,2026-07-19 02:51:44.245926,UPI,FAILED,NETWORK_ERROR,2,True,False,True,0.7,True
TX00138,C0620,12049.27,2026-07-17 23:35:44.245926,UPI,SUCCESS,,0,True,False,False,,
TX00139,C0881,5405.15,2026-08-21 18:15:44.245926,CARD,SUCCESS,,0,True,False,False,,
TX00140,C0823,14654.66,2026-08-07 00:01:44.245926,WALLET,SUCCESS,,0,True,False,False,,
TX00141,C0750,423.75,2026-08-04 19:17:44.245926,CARD,SUCCESS,,0,True,True,False,,
TX00142,C0146,5083.91,2026-07-30 05:19:44.245926,UPI,SUCCESS,,0,True,False,False,,
TX00143,C0234,4163.88,2026-06-28 23:12:44.245926,NETBANKING,SUCCESS,,0,True,False,False,,
TX00144,C0414,5679.09,2026-07-19 20:15:44.245926,NETBANKING,SUCCESS,,0,True,False,False,,
TX00145,C0424,11357.28,2026-07-07 16:12:44.245926,NETBANKING,SUCCESS,,0,True,False,False,,
TX00146,C0155,2944.37,2026-06-16 09:09:44.245926,UPI,SUCCESS,,0,True,False,False,,
TX00147,C0285,12268.6,2026-08-09 01:19:44.245926,CARD,SUCCESS,,0,True,False,False,,
TX00148,C0966,6653.62,2026-07-09 02:44:44.245926,NETBANKING,SUCCESS,,0,True,True,False,,
TX00149,C0759,11156.57,2026-07-17 11:56:44.245926,WALLET,FAILED,EXPIRED_CARD,0,True,False,True,0.2,True
TX00150,C0851,8149.54,2026-07-03 04:24:44.245926,NETBANKING,SUCCESS,,0,True,False,False,,
TX00151,C0830,8563.44,2026-07-26 03:08:44.245926,UPI,SUCCESS,,0,True,True,False,,
TX00152,C0182,2701.13,2026-06-24 01:22:44.245926,CARD,SUCCESS,,0,True,False,False,,
TX00153,C0169,9558.97,2026-07-15 09:24:44.245926,NETBANKING,SUCCESS,,0,True,False,False,,
TX00154,C0094,5596.51,2026-07-25 04:32:44.245926,WALLET,SUCCESS,,0,True,False,False,,
TX00155,C0501,591.58,2026-06-15 11:31:44.245926,CARD,SUCCESS,,0,True,False,False,,
TX00156,C0157,9201.97,2026-07-26 22:50:44.245926,NETBANKING,SUCCESS,,0,True,False,False,,
TX00157,C0243,2865.72,2026-08-14 11:17:44.245926,WALLET,SUCCESS,,0,True,False,False,,
TX00158,C0437,7803.53,2026-08-13 23:08:44.245926,WALLET,SUCCESS,,0,True,False,False,,
TX00159,C0294,5901.74,2026-06-30 12:36:44.245926,WALLET,FAILED,BANK_DECLINE,0,False,False,True,0.55,False
TX00160,C0083,9300.96,2026-07-11 06:55:44.245926,WALLET,SUCCESS,,0,True,False,False,,
TX00161,C0870,2681.39,2026-06-25 05:13:44.245926,UPI,SUCCESS,,0,True,False,False,,
TX00162,C0122,10743.37,2026-07-29 13:10:44.245926,WALLET,FAILED,BANK_DECLINE,1,False,False,True,0.33000000000000007,False
TX00163,C0882,7957.75,2026-07-15 10:21:44.245926,UPI,SUCCESS,,0,True,False,False,,
TX00164,C0888,639.59,2026-08-09 16:31:44.245926,UPI,SUCCESS,,0,True,True,False,,
TX00165,C0151,11234.97,2026-08-11 16:30:44.245926,CARD,SUCCESS,,0,True,True,False,,
TX00166,C0832,1814.24,2026-06-10 06:02:44.245926,NETBANKING,SUCCESS,,0,True,False,False,,
TX00167,C0956,1091.23,2026-08-13 14:48:44.245926,WALLET,SUCCESS,,0,True,False,False,,
TX00168,C0468,1523.79,2026-06-28 08:01:44.245926,UPI,SUCCESS,,0,True,False,False,,
TX00169,C0576,13994.37,2026-07-09 22:18:44.245926,WALLET,SUCCESS,,0,True,False,False,,
TX00170,C0479,4477.38,2026-07-31 11:15:44.245926,NETBANKING,SUCCESS,,0,True,True,False,,
TX00171,C0652,2807.94,2026-06-07 15:28:44.245926,CARD,SUCCESS,,0,True,False,False,,
TX00172,C0275,5080.46,2026-07-17 18:51:44.245926,WALLET,FAILED,BANK_DECLINE,2,False,True,True,0.35000000000000003,False
TX00173,C0493,8227.53,2026-07-28 05:22:44.245926,WALLET,FAILED,BANK_DECLINE,2,True,False,True,0.35000000000000003,False
TX00174,C0292,8146.63,2026-08-26 04:15:44.245926,WALLET,SUCCESS,,0,True,False,False,,
TX00175,C0855,12129.2,2026-07-14 15:56:44.245926,WALLET,SUCCESS,,0,True,False,False,,
TX00176,C0915,2589.05,2026-06-05 09:44:44.245926,UPI,SUCCESS,,0,True,True,False,,
TX00177,C0153,12764.81,2026-07-05 17:54:44.245926,NETBANKING,FAILED,TIMEOUT,2,True,False,True,0.6499999999999999,False
TX00178,C0460,434.25,2026-07-13 14:59:44.245926,CARD,SUCCESS,,0,True,False,False,,
TX00179,C0325,12012.48,2026-07-24 08:16:44.245926,WALLET,SUCCESS,,0,True,False,False,,
TX00180,C0913,8540.15,2026-07-10 09:01:44.245926,CARD,SUCCESS,,0,True,True,False,,
TX00181,C0050,9796.06,2026-08-18 20:24:44.245926,CARD,SUCCESS,,0,True,False,False,,
TX00182,C0556,6506.92,2026-06-26 06:00:44.245926,NETBANKING,SUCCESS,,0,True,False,False,,
TX00183,C0131,9314.28,2026-08-06 14:35:44.245926,UPI,SUCCESS,,0,True,False,False,,
TX00184,C0803,11221.03,2026-08-17 01:33:44.245926,CARD,SUCCESS,,0,True,False,False,,
TX00185,C0734,1306.42,2026-06-16 21:08:44.245926,UPI,SUCCESS,,0,True,False,False,,
TX00186,C0500,9380.62,2026-06-29 05:10:44.245926,CARD,SUCCESS,,0,True,False,False,,
TX00187,C0749,5013.46,2026-06-18 07:03:44.245926,WALLET,SUCCESS,,0,True,True,False,,
TX00188,C0729,3033.28,2026-06-13 18:06:44.245926,WALLET,SUCCESS,,0,True,False,False,,
TX00189,C0866,6744.72,2026-06-05 04:36:44.245926,NETBANKING,SUCCESS,,0,True,True,False,,
TX00190,C0304,7555.62,2026-07-05 13:36:44.245926,CARD,SUCCESS,,0,True,False,False,,
TX00191,C0137,7626.42,2026-07-08 06:00:44.245926,UPI,SUCCESS,,0,True,False,False,,
TX00192,C0226,5154.66,2026-08-20 05:26:44.245926,CARD,FAILED,INSUFFICIENT_FUNDS,0,True,True,True,0.33,False
TX00193,C0355,3125.23,2026-08-20 01:03:44.245926,WALLET,SUCCESS,,0,True,False,False,,
TX00194,C0754,485.45,2026-09-01 03:43:44.245926,WALLET,SUCCESS,,0,True,False,False,,
TX00195,C0477,11637.01,2026-07-14 18:20:44.245926,WALLET,SUCCESS,,0,True,True,False,,
TX00196,C0820,3227.94,2026-08-10 09:01:44.245926,NETBANKING,FAILED,INSUFFICIENT_FUNDS,2,True,False,True,0.25,True
TX00197,C0319,14062.36,2026-06-18 21:10:44.245926,NETBANKING,FAILED,BANK_DECLINE,0,True,True,True,0.55,True
TX00198,C0710,4692.55,2026-07-07 06:02:44.245926,NETBANKING,SUCCESS,,0,True,False,False,,
TX00199,C0046,3501.49,2026-06-14 17:22:44.245926,UPI,FAILED,NETWORK_ERROR,1,True,False,True,0.8,True
TX00200,C0530,11900.41,2026-06-05 06:11:44.245926,UPI,SUCCESS,,0,True,False,False,,
TX00201,C0450,10454.05,2026-08-06 02:31:44.245926,UPI,SUCCESS,,0,True,False,False,,
TX00202,C0171,1615.35,2026-06-18 19:10:44.245926,NETBANKING,SUCCESS,,0,True,False,False,,
TX00203,C0644,5274.8,2026-08-31 16:55:44.245926,UPI,SUCCESS,,0,True,False,False,,
TX00204,C0246,1178.69,2026-08-02 02:46:44.245926,NETBANKING,SUCCESS,,0,True,True,False,,
TX00205,C0466,1878.66,2026-07-18 20:23:44.245926,NETBANKING,SUCCESS,,0,True,True,False,,
TX00206,C0472,11891.86,2026-08-12 07:42:44.245926,NETBANKING,FAILED,TIMEOUT,1,True,False,True,0.83,True
TX00207,C0022,3985.23,2026-06-08 00:56:44.245926,NETBANKING,SUCCESS,,0,True,False,False,,
TX00208,C0180,4632.3,2026-08-06 21:23:44.245926,WALLET,SUCCESS,,0,True,False,False,,
TX00209,C0030,8291.22,2026-07-03 21:46:44.245926,NETBANKING,SUCCESS,,0,True,False,False,,
TX00210,C0078,12520.84,2026-08-26 16:22:44.245926,CARD,SUCCESS,,0,True,False,False,,
TX00211,C0013,8107.72,2026-07-15 08:22:44.245926,CARD,SUCCESS,,0,True,False,False,,
TX00212,C0202,5696.56,2026-06-04 12:15:44.245926,WALLET,SUCCESS,,0,True,False,False,,
TX00213,C0165,11084.77,2026-08-23 19:28:44.245926,UPI,SUCCESS,,0,True,True,False,,
TX00214,C0088,11707.44,2026-06-26 04:19:44.245926,WALLET,FAILED,TIMEOUT,0,True,False,True,0.85,True
TX00215,C0859,7613.97,2026-07-24 15:22:44.245926,UPI,SUCCESS,,0,True,True,False,,
TX00216,C0901,6324.13,2026-07-03 18:09:44.245926,WALLET,SUCCESS,,0,True,True,False,,
TX00217,C0736,1280.19,2026-08-19 11:11:44.245926,WALLET,SUCCESS,,0,True,False,False,,
TX00218,C0306,759.72,2026-06-14 04:32:44.245926,NETBANKING,SUCCESS,,0,True,False,False,,
TX00219,C0063,8693.88,2026-08-19 13:36:44.245926,NETBANKING,SUCCESS,,0,True,False,False,,
TX00220,C0806,9472.37,2026-07-28 04:12:44.245926,WALLET,SUCCESS,,0,True,False,False,,
TX00221,C0899,9207.52,2026-06-10 21:30:44.245926,WALLET,SUCCESS,,0,True,True,False,,
TX00222,C0439,9939.52,2026-08-27 22:48:44.245926,WALLET,FAILED,EXPIRED_CARD,0,True,False,True,0.28,False
TX00223,C0308,13389.33,2026-08-18 06:25:44.245926,WALLET,SUCCESS,,0,True,False,False,,
TX00224,C0496,12407.55,2026-06-28 15:21:44.245926,CARD,FAILED,BANK_DECLINE,2,True,False,True,0.23000000000000004,False
TX00225,C0468,1727.65,2026-08-09 10:50:44.245926,UPI,FAILED,NETWORK_ERROR,1,True,True,True,0.8,True
TX00226,C0246,2929.8,2026-08-11 15:19:44.245926,NETBANKING,SUCCESS,,0,True,False,False,,
TX00227,C0982,11564.37,2026-07-26 22:12:44.245926,NETBANKING,SUCCESS,,0,True,False,False,,
TX00228,C0917,10079.06,2026-08-23 19:14:44.245926,CARD,SUCCESS,,0,True,True,False,,
TX00229,C0350,8384.49,2026-07-20 09:12:44.245926,UPI,SUCCESS,,0,True,False,False,,
TX00230,C0389,14976.97,2026-07-14 18:27:44.245926,UPI,SUCCESS,,0,True,False,False,,
TX00231,C0437,8386.2,2026-07-03 23:54:44.245926,WALLET,SUCCESS,,0,True,False,False,,
TX00232,C0589,9608.64,2026-08-18 15:26:44.245926,WALLET,SUCCESS,,0,True,False,False,,
TX00233,C0326,8578.23,2026-06-23 22:00:44.245926,NETBANKING,FAILED,TIMEOUT,2,False,False,True,0.53,True
TX00234,C0163,6137.23,2026-08-09 13:20:44.245926,NETBANKING,SUCCESS,,0,True,True,False,,
TX00235,C0828,539.65,2026-06-16 17:46:44.245926,NETBANKING,SUCCESS,,0,True,False,False,,
TX00236,C0637,4714.91,2026-06-24 15:24:44.245926,WALLET,SUCCESS,,0,True,True,False,,
TX00237,C0550,11641.39,2026-08-29 07:27:44.245926,UPI,SUCCESS,,0,True,False,False,,
TX00238,C0539,8438.85,2026-07-25 01:59:44.245926,UPI,SUCCESS,,0,True,False,False,,
TX00239,C0125,1686.02,2026-07-16 08:22:44.245926,WALLET,SUCCESS,,0,True,False,False,,
TX00240,C0647,5696.12,2026-07-27 10:25:44.245926,WALLET,SUCCESS,,0,True,True,False,,
TX00241,C0561,4714.45,2026-07-26 08:55:44.245926,WALLET,SUCCESS,,0,True,False,False,,
TX00242,C0226,11093.71,2026-08-09 07:22:44.245926,CARD,FAILED,TIMEOUT,1,True,False,True,0.63,False
TX00243,C0534,13642.54,2026-07-28 14:59:44.245926,WALLET,SUCCESS,,0,True,False,False,,
TX00244,C0356,12182.62,2026-07-09 04:11:44.245926,NETBANKING,SUCCESS,,0,True,True,False,,
TX00245,C0957,11632.25,2026-07-06 02:44:44.245926,CARD,SUCCESS,,0,True,False,False,,
TX00246,C0244,13974.62,2026-06-15 10:00:44.245926,CARD,SUCCESS,,0,True,False,False,,
TX00247,C0366,9895.85,2026-07-29 06:25:44.245926,UPI,SUCCESS,,0,True,False,False,,
TX00248,C0597,9593.25,2026-06-09 08:55:44.245926,WALLET,SUCCESS,,0,True,False,False,,
TX00249,C0307,8236.97,2026-06-18 01:26:44.245926,NETBANKING,SUCCESS,,0,True,False,False,,
TX00250,C0923,2552.0,2026-08-04 18:15:44.245926,CARD,SUCCESS,,0,True,False,False,,
TX00251,C0569,6850.56,2026-07-28 14:46:44.245926,CARD,SUCCESS,,0,True,False,False,,
TX00252,C0747,6649.45,2026-08-15 00:31:44.245926,UPI,SUCCESS,,0,True,False,False,,
TX00253,C0241,1513.41,2026-07-26 11:00:44.245926,NETBANKING,SUCCESS,,0,True,False,False,,
TX00254,C0713,4159.6,2026-07-10 17:16:44.245926,CARD,SUCCESS,,0,True,False,False,,
TX00255,C0215,2216.52,2026-06-16 17:18:44.245926,WALLET,SUCCESS,,0,True,False,False,,
TX00256,C0863,6111.19,2026-07-26 10:46:44.245926,UPI,SUCCESS,,0,True,True,False,,
TX00257,C0196,11114.32,2026-06-26 20:36:44.245926,NETBANKING,SUCCESS,,0,True,True,False,,
TX00258,C0004,6621.97,2026-08-05 18:30:44.245926,CARD,SUCCESS,,0,True,False,False,,
TX00259,C0340,10174.69,2026-07-12 23:55:44.245926,CARD,SUCCESS,,0,True,False,False,,
TX00260,C0810,5364.52,2026-08-03 02:26:44.245926,WALLET,SUCCESS,,0,True,True,False,,
TX00261,C0921,14818.48,2026-07-30 12:50:44.245926,CARD,SUCCESS,,0,True,False,False,,
TX00262,C0483,9460.78,2026-07-14 12:53:44.245926,WALLET,FAILED,NETWORK_ERROR,0,True,False,True,0.9,True
TX00263,C0861,1951.86,2026-06-09 09:49:44.245926,UPI,FAILED,NETWORK_ERROR,2,False,False,True,0.5800000000000001,False
TX00264,C0659,10498.79,2026-06-14 13:46:44.245926,UPI,SUCCESS,,0,True,False,False,,
TX00265,C0300,5178.59,2026-08-10 19:15:44.245926,UPI,SUCCESS,,0,True,False,False,,
TX00266,C0416,7992.01,2026-06-27 23:43:44.245926,UPI,SUCCESS,,0,True,False,False,,
TX00267,C0861,14886.84,2026-08-06 17:05:44.245926,UPI,FAILED,INSUFFICIENT_FUNDS,0,True,False,True,0.33,False
TX00268,C0143,1183.62,2026-06-22 17:06:44.245926,NETBANKING,SUCCESS,,0,True,False,False,,
TX00269,C0106,1080.35,2026-08-03 01:01:44.245926,WALLET,SUCCESS,,0,True,False,False,,
TX00270,C0007,10007.48,2026-08-03 18:59:44.245926,NETBANKING,SUCCESS,,0,True,False,False,,
TX00271,C0522,13004.95,2026-06-06 04:21:44.245926,UPI,FAILED,TIMEOUT,2,True,False,True,0.53,False
TX00272,C0611,13586.92,2026-07-18 13:26:44.245926,NETBANKING,FAILED,EXPIRED_CARD,2,True,False,True,0.01,False
TX00273,C0152,10773.3,2026-06-08 01:31:44.245926,UPI,SUCCESS,,0,True,True,False,,
TX00274,C0558,5203.47,2026-07-10 06:04:44.245926,CARD,SUCCESS,,0,True,False,False,,
TX00275,C0853,10359.38,2026-07-06 19:01:44.245926,WALLET,SUCCESS,,0,True,False,False,,
TX00276,C0198,14680.19,2026-07-20 01:41:44.245926,WALLET,SUCCESS,,0,True,False,False,,
TX00277,C0030,4087.89,2026-07-09 16:28:44.245926,NETBANKING,SUCCESS,,0,True,False,False,,
TX00278,C0596,733.15,2026-07-24 22:58:44.245926,UPI,SUCCESS,,0,True,False,False,,
TX00279,C0052,5324.26,2026-07-10 04:52:44.245926,UPI,SUCCESS,,0,True,False,False,,
TX00280,C0057,5918.44,2026-08-30 21:09:44.245926,CARD,SUCCESS,,0,True,False,False,,
TX00281,C0064,10391.89,2026-07-12 10:21:44.245926,CARD,SUCCESS,,0,True,True,False,,
TX00282,C0938,14566.9,2026-08-26 06:01:44.245926,NETBANKING,SUCCESS,,0,True,False,False,,
TX00283,C0252,2237.05,2026-08-02 20:01:44.245926,UPI,SUCCESS,,0,True,True,False,,
TX00284,C0558,12061.54,2026-08-21 23:02:44.245926,CARD,SUCCESS,,0,True,True,False,,
TX00285,C0306,13510.05,2026-08-26 05:39:44.245926,NETBANKING,SUCCESS,,0,True,True,False,,
TX00286,C0253,14643.92,2026-06-17 15:46:44.245926,UPI,FAILED,INSUFFICIENT_FUNDS,2,False,False,True,0.25,False
TX00287,C0054,2040.29,2026-07-03 08:29:44.245926,CARD,FAILED,EXPIRED_CARD,0,True,False,True,0.28,False
TX00288,C0080,6345.4,2026-07-14 18:26:44.245926,UPI,SUCCESS,,0,True,False,False,,
TX00289,C0274,9661.66,2026-08-10 15:36:44.245926,CARD,SUCCESS,,0,True,False,False,,
TX00290,C0415,1869.54,2026-06-21 06:16:44.245926,WALLET,SUCCESS,,0,True,True,False,,
TX00291,C0896,9369.11,2026-07-29 13:38:44.245926,NETBANKING,FAILED,BANK_DECLINE,0,True,True,True,0.55,True
TX00292,C0419,11763.45,2026-06-16 15:36:44.245926,CARD,SUCCESS,,0,True,False,False,,
TX00293,C0138,10766.68,2026-07-08 11:36:44.245926,UPI,FAILED,NETWORK_ERROR,1,True,True,True,0.68,True
TX00294,C0862,11538.72,2026-06-05 19:28:44.245926,NETBANKING,SUCCESS,,0,True,False,False,,
TX00295,C0883,3571.55,2026-08-04 13:14:44.245926,WALLET,FAILED,FRAUD_SUSPECTED,0,True,False,False,0.03,False
TX00296,C0703,7502.16,2026-07-04 00:25:44.245926,WALLET,FAILED,EXPIRED_CARD,0,True,False,True,0.2,False
TX00297,C0630,10886.95,2026-07-10 07:43:44.245926,NETBANKING,FAILED,BANK_DECLINE,2,True,False,True,0.35000000000000003,False
TX00298,C0574,866.13,2026-06-14 09:29:44.245926,WALLET,SUCCESS,,0,True,False,False,,
TX00299,C0652,923.51,2026-06-26 19:28:44.245926,CARD,FAILED,BANK_DECLINE,1,False,False,True,0.45000000000000007,True
TX00300,C0113,14450.11,2026-06-21 17:25:44.245926,NETBANKING,SUCCESS,,0,True,False,False,,
TX00301,C0003,4776.95,2026-08-18 18:38:44.245926,CARD,SUCCESS,,0,True,False,False,,
TX00302,C0678,4627.97,2026-08-27 02:20:44.245926,CARD,SUCCESS,,0,True,True,False,,
TX00303,C0800,2390.92,2026-08-18 23:36:44.245926,NETBANKING,SUCCESS,,0,True,False,False,,
TX00304,C0068,7659.67,2026-06-20 19:23:44.245926,NETBANKING,SUCCESS,,0,True,False,False,,
TX00305,C0265,10532.88,2026-06-16 18:15:44.245926,WALLET,FAILED,TIMEOUT,1,True,False,True,0.63,True
TX00306,C0438,3268.4,2026-07-15 19:57:44.245926,UPI,SUCCESS,,0,True,True,False,,
TX00307,C0637,9834.07,2026-08-08 04:54:44.245926,WALLET,SUCCESS,,0,True,False,False,,
TX00308,C0085,2116.1,2026-06-14 20:04:44.245926,CARD,SUCCESS,,0,True,False,False,,
TX00309,C0861,1554.01,2026-08-07 19:45:44.245926,UPI,FAILED,TIMEOUT,2,True,False,True,0.53,True
TX00310,C0489,2812.01,2026-07-04 22:55:44.245926,WALLET,SUCCESS,,0,True,False,False,,
TX00311,C0239,2506.32,2026-08-22 12:38:44.245926,WALLET,SUCCESS,,0,True,True,False,,
TX00312,C0564,1054.26,2026-07-02 11:39:44.245926,WALLET,FAILED,TIMEOUT,1,True,False,True,0.63,True
TX00313,C0514,351.93,2026-08-13 02:42:44.245926,WALLET,FAILED,TIMEOUT,1,True,False,True,0.63,True
TX00314,C0237,7553.96,2026-06-24 04:27:44.245926,NETBANKING,SUCCESS,,0,True,False,False,,
TX00315,C0618,6329.23,2026-06-11 16:08:44.245926,CARD,SUCCESS,,0,True,False,False,,
TX00316,C0501,13267.87,2026-06-29 18:13:44.245926,CARD,SUCCESS,,0,True,False,False,,
TX00317,C0394,12431.21,2026-06-08 21:32:44.245926,CARD,SUCCESS,,0,True,True,False,,
TX00318,C0384,5430.59,2026-06-17 16:15:44.245926,NETBANKING,SUCCESS,,0,True,False,False,,
TX00319,C0219,12618.81,2026-07-01 14:38:44.245926,CARD,FAILED,TIMEOUT,0,True,True,True,0.73,True
TX00320,C0299,9283.02,2026-08-06 09:19:44.245926,WALLET,SUCCESS,,0,True,False,False,,
TX00321,C0741,8564.0,2026-08-31 09:34:44.245926,CARD,SUCCESS,,0,True,False,False,,
TX00322,C0327,13992.75,2026-06-12 22:07:44.245926,NETBANKING,SUCCESS,,0,True,False,False,,
TX00323,C0859,13493.69,2026-08-18 02:34:44.245926,UPI,SUCCESS,,0,True,True,False,,
TX00324,C0637,8391.92,2026-07-01 02:23:44.245926,WALLET,SUCCESS,,0,True,False,False,,
TX00325,C0973,12933.3,2026-07-04 09:51:44.245926,UPI,SUCCESS,,0,True,False,False,,
TX00326,C0236,10528.69,2026-07-30 03:44:44.245926,UPI,SUCCESS,,0,True,True,False,,
TX00327,C0889,14696.44,2026-07-22 14:11:44.245926,UPI,SUCCESS,,0,True,False,False,,
TX00328,C0501,10423.22,2026-08-28 10:48:44.245926,CARD,SUCCESS,,0,True,False,False,,
TX00329,C0130,6577.69,2026-08-20 14:43:44.245926,WALLET,SUCCESS,,0,True,False,False,,
TX00330,C0767,14926.86,2026-07-06 15:41:44.245926,CARD,SUCCESS,,0,True,False,False,,
TX00331,C0945,7597.03,2026-08-09 19:36:44.245926,UPI,SUCCESS,,0,True,False,False,,
TX00332,C0188,2944.64,2026-07-29 21:57:44.245926,NETBANKING,SUCCESS,,0,True,True,False,,
TX00333,C0391,3145.26,2026-06-15 04:54:44.245926,UPI,SUCCESS,,0,True,True,False,,
TX00334,C0387,2033.51,2026-08-20 15:19:44.245926,WALLET,SUCCESS,,0,True,True,False,,
TX00335,C0637,6395.09,2026-06-08 14:03:44.245926,WALLET,SUCCESS,,0,True,False,False,,
TX00336,C0373,9671.3,2026-06-05 11:21:44.245926,CARD,SUCCESS,,0,True,False,False,,
TX00337,C0444,4039.94,2026-06-10 14:52:44.245926,NETBANKING,FAILED,TIMEOUT,2,True,True,True,0.53,False
TX00338,C0191,6121.93,2026-07-26 05:30:44.245926,NETBANKING,SUCCESS,,0,True,False,False,,
TX00339,C0145,2881.75,2026-07-04 12:42:44.245926,UPI,SUCCESS,,0,True,False,False,,
TX00340,C0903,7342.89,2026-07-17 15:14:44.245926,WALLET,FAILED,INSUFFICIENT_FUNDS,2,True,False,True,0.25,True
TX00341,C0679,13470.15,2026-07-16 12:57:44.245926,NETBANKING,SUCCESS,,0,True,False,False,,
TX00342,C0457,11215.99,2026-08-19 10:59:44.245926,NETBANKING,SUCCESS,,0,True,False,False,,
TX00343,C0753,10269.51,2026-07-24 23:29:44.245926,CARD,SUCCESS,,0,True,False,False,,
TX00344,C0626,10376.75,2026-08-16 05:17:44.245926,NETBANKING,SUCCESS,,0,True,False,False,,
TX00345,C0973,1273.33,2026-06-18 00:50:44.245926,UPI,SUCCESS,,0,True,False,False,,
TX00346,C0303,14759.2,2026-07-31 11:19:44.245926,WALLET,SUCCESS,,0,True,False,False,,
TX00347,C0803,9203.63,2026-06-21 12:01:44.245926,CARD,SUCCESS,,0,True,False,False,,
TX00348,C0197,11347.64,2026-08-07 15:21:44.245926,WALLET,FAILED,EXPIRED_CARD,2,True,False,True,0.01,False
TX00349,C0106,6943.02,2026-08-29 23:34:44.245926,WALLET,SUCCESS,,0,True,False,False,,
TX00350,C0290,2872.69,2026-07-08 12:10:44.245926,WALLET,SUCCESS,,0,True,False,False,,
TX00351,C0991,13726.3,2026-07-14 20:07:44.245926,WALLET,SUCCESS,,0,True,False,False,,
TX00352,C0738,13602.85,2026-06-18 11:16:44.245926,CARD,SUCCESS,,0,True,True,False,,
TX00353,C0599,11066.88,2026-07-22 02:33:44.245926,NETBANKING,FAILED,TIMEOUT,1,True,False,True,0.75,False
TX00354,C0767,10247.74,2026-06-16 12:36:44.245926,CARD,FAILED,NETWORK_ERROR,0,True,False,True,0.9,True
TX00355,C0932,14005.36,2026-08-05 23:34:44.245926,UPI,SUCCESS,,0,True,False,False,,
TX00356,C0232,5199.36,2026-08-24 09:08:44.245926,CARD,SUCCESS,,0,True,True,False,,
TX00357,C0196,9987.07,2026-07-02 21:18:44.245926,NETBANKING,SUCCESS,,0,True,True,False,,
TX00358,C0799,9691.11,2026-06-23 13:05:44.245926,WALLET,FAILED,TIMEOUT,0,True,False,True,0.73,True
TX00359,C0096,4308.02,2026-06-18 18:44:44.245926,NETBANKING,SUCCESS,,0,True,False,False,,
TX00360,C0922,9457.29,2026-07-21 05:39:44.245926,CARD,SUCCESS,,0,True,True,False,,
TX00361,C0531,8375.68,2026-06-29 02:48:44.245926,UPI,SUCCESS,,0,True,True,False,,
TX00362,C0560,4464.04,2026-06-26 17:30:44.245926,NETBANKING,FAILED,NETWORK_ERROR,1,True,False,True,0.68,True
TX00363,C0467,7219.81,2026-08-04 22:19:44.245926,NETBANKING,SUCCESS,,0,True,True,False,,
TX00364,C0211,1565.96,2026-07-10 02:50:44.245926,WALLET,SUCCESS,,0,True,True,False,,
TX00365,C0589,9013.52,2026-08-19 13:20:44.245926,WALLET,SUCCESS,,0,True,False,False,,
TX00366,C0269,5527.68,2026-07-04 16:40:44.245926,UPI,SUCCESS,,0,True,False,False,,
TX00367,C0800,10161.79,2026-07-23 00:05:44.245926,NETBANKING,SUCCESS,,0,True,True,False,,
TX00368,C0284,11537.1,2026-07-26 03:02:44.245926,CARD,FAILED,NETWORK_ERROR,2,True,False,True,0.7,True
TX00369,C0117,7141.33,2026-06-25 12:49:44.245926,UPI,SUCCESS,,0,True,False,False,,
TX00370,C0969,13466.8,2026-06-27 22:24:44.245926,WALLET,SUCCESS,,0,True,False,False,,
TX00371,C0484,10584.33,2026-08-03 23:47:44.245926,UPI,SUCCESS,,0,True,False,False,,
TX00372,C0056,5073.99,2026-07-18 19:39:44.245926,UPI,FAILED,NETWORK_ERROR,1,True,False,True,0.8,True
TX00373,C0981,5424.65,2026-07-26 18:05:44.245926,NETBANKING,SUCCESS,,0,True,True,False,,
TX00374,C0663,12318.03,2026-08-15 23:13:44.245926,NETBANKING,SUCCESS,,0,True,True,False,,
TX00375,C0766,1342.58,2026-07-01 22:40:44.245926,WALLET,SUCCESS,,0,True,False,False,,
TX00376,C0143,6377.6,2026-07-30 23:00:44.245926,NETBANKING,SUCCESS,,0,True,True,False,,
TX00377,C0651,7390.91,2026-06-10 10:59:44.245926,CARD,SUCCESS,,0,True,False,False,,
TX00378,C0756,8987.26,2026-08-14 20:02:44.245926,UPI,SUCCESS,,0,True,False,False,,
TX00379,C0262,5330.35,2026-08-06 15:02:44.245926,NETBANKING,SUCCESS,,0,True,True,False,,
TX00380,C0921,1445.05,2026-08-28 04:11:44.245926,CARD,FAILED,INSUFFICIENT_FUNDS,1,True,False,True,0.23,False
TX00381,C0535,6844.68,2026-07-02 11:35:44.245926,UPI,SUCCESS,,0,True,False,False,,
TX00382,C0294,1898.55,2026-08-17 13:02:44.245926,WALLET,SUCCESS,,0,True,False,False,,
TX00383,C0240,5112.9,2026-08-02 03:41:44.245926,UPI,SUCCESS,,0,True,False,False,,
TX00384,C0992,12310.39,2026-08-24 04:56:44.245926,CARD,SUCCESS,,0,True,False,False,,
TX00385,C0666,12204.64,2026-08-12 08:32:44.245926,NETBANKING,SUCCESS,,0,True,True,False,,
TX00386,C0874,8109.46,2026-07-09 22:36:44.245926,NETBANKING,SUCCESS,,0,True,False,False,,
TX00387,C0098,3323.23,2026-08-23 07:26:44.245926,UPI,SUCCESS,,0,True,False,False,,
TX00388,C0290,13724.1,2026-07-02 03:58:44.245926,WALLET,SUCCESS,,0,True,False,False,,
TX00389,C0858,10851.53,2026-08-26 17:47:44.245926,CARD,FAILED,TIMEOUT,0,True,False,True,0.9299999999999999,True
TX00390,C0266,12831.83,2026-06-10 03:01:44.245926,UPI,FAILED,TIMEOUT,2,False,False,True,0.53,True
TX00391,C0631,1912.57,2026-06-30 03:10:44.245926,CARD,FAILED,EXPIRED_CARD,0,True,False,True,0.2,False
TX00392,C0967,6268.68,2026-07-14 01:22:44.245926,UPI,SUCCESS,,0,True,False,False,,
TX00393,C0399,7280.61,2026-06-21 13:52:44.245926,NETBANKING,FAILED,BANK_DECLINE,1,True,False,True,0.33000000000000007,True
TX00394,C0395,2273.88,2026-06-10 23:24:44.245926,CARD,SUCCESS,,0,True,False,False,,
TX00395,C0382,13307.86,2026-08-03 07:56:44.245926,UPI,SUCCESS,,0,True,False,False,,
TX00396,C0092,1544.55,2026-08-01 21:41:44.245926,NETBANKING,FAILED,EXPIRED_CARD,1,False,False,True,0.01,False
TX00397,C0931,6979.6,2026-07-13 01:11:44.245926,CARD,SUCCESS,,0,True,False,False,,
TX00398,C0651,5523.02,2026-06-21 08:33:44.245926,CARD,SUCCESS,,0,True,False,False,,
TX00399,C0964,7622.91,2026-08-09 23:23:44.245926,CARD,SUCCESS,,0,True,True,False,,
TX00400,C0163,6339.32,2026-07-24 03:48:44.245926,NETBANKING,SUCCESS,,0,True,False,False,,
TX00401,C0134,856.62,2026-07-18 10:23:44.245926,CARD,SUCCESS,,0,True,False,False,,
TX00402,C0986,7378.53,2026-08-06 07:05:44.245926,CARD,SUCCESS,,0,True,True,False,,
TX00403,C0559,8038.2,2026-08-21 15:57:44.245926,UPI,SUCCESS,,0,True,False,False,,
TX00404,C0731,7134.56,2026-06-11 13:35:44.245926,UPI,SUCCESS,,0,True,False,False,,
TX00405,C0233,3904.9,2026-07-31 20:23:44.245926,NETBANKING,SUCCESS,,0,True,False,False,,
TX00406,C0786,1447.8,2026-08-01 02:59:44.245926,CARD,FAILED,BANK_DECLINE,2,True,False,True,0.43,True
TX00407,C0854,7192.37,2026-07-21 02:36:44.245926,UPI,FAILED,EXPIRED_CARD,2,True,False,True,0.01,False
TX00408,C0456,4551.36,2026-06-07 15:51:44.245926,CARD,SUCCESS,,0,True,False,False,,
TX00409,C0340,4769.84,2026-08-14 21:35:44.245926,CARD,SUCCESS,,0,True,False,False,,
TX00410,C0286,7255.46,2026-06-19 20:02:44.245926,CARD,SUCCESS,,0,True,False,False,,
TX00411,C0934,4588.77,2026-08-10 13:30:44.245926,UPI,SUCCESS,,0,True,False,False,,
TX00412,C0984,1512.9,2026-07-20 11:10:44.245926,WALLET,SUCCESS,,0,True,True,False,,
TX00413,C0456,4005.15,2026-07-30 11:54:44.245926,CARD,SUCCESS,,0,True,False,False,,
TX00414,C0549,508.78,2026-06-14 14:22:44.245926,UPI,SUCCESS,,0,True,False,False,,
TX00415,C0447,11162.82,2026-08-03 10:37:44.245926,NETBANKING,SUCCESS,,0,True,False,False,,
TX00416,C0461,4140.41,2026-08-07 05:32:44.245926,CARD,FAILED,NETWORK_ERROR,0,True,False,True,0.78,False
TX00417,C0500,2432.53,2026-08-28 10:54:44.245926,CARD,SUCCESS,,0,True,False,False,,
TX00418,C0404,11365.59,2026-07-12 00:46:44.245926,WALLET,FAILED,INSUFFICIENT_FUNDS,0,True,True,True,0.45,False
TX00419,C0940,12674.95,2026-06-09 09:21:44.245926,UPI,SUCCESS,,0,True,False,False,,
TX00420,C0969,2005.12,2026-06-19 16:48:44.245926,WALLET,FAILED,BANK_DECLINE,1,True,False,True,0.33000000000000007,False
TX00421,C0026,5883.07,2026-08-07 16:06:44.245926,UPI,SUCCESS,,0,True,False,False,,
TX00422,C0450,8097.5,2026-07-14 00:22:44.245926,UPI,SUCCESS,,0,True,True,False,,
TX00423,C0603,6897.66,2026-08-05 04:52:44.245926,CARD,FAILED,TIMEOUT,2,True,False,True,0.53,True
TX00424,C0355,14355.9,2026-07-13 17:56:44.245926,WALLET,SUCCESS,,0,True,False,False,,
TX00425,C0473,4307.08,2026-06-29 01:13:44.245926,CARD,SUCCESS,,0,True,False,False,,
TX00426,C0357,9918.85,2026-07-10 01:10:44.245926,NETBANKING,SUCCESS,,0,True,False,False,,
TX00427,C0849,3854.42,2026-08-04 14:26:44.245926,NETBANKING,SUCCESS,,0,True,False,False,,
TX00428,C0398,5259.88,2026-08-06 06:37:44.245926,WALLET,SUCCESS,,0,True,False,False,,
TX00429,C0033,455.5,2026-06-05 05:11:44.245926,UPI,SUCCESS,,0,True,False,False,,
TX00430,C0183,1736.17,2026-06-13 21:40:44.245926,CARD,SUCCESS,,0,True,False,False,,
TX00431,C0930,10961.18,2026-06-27 08:57:44.245926,CARD,SUCCESS,,0,True,True,False,,
TX00432,C0275,1651.54,2026-08-28 20:52:44.245926,WALLET,SUCCESS,,0,True,False,False,,
TX00433,C0274,3487.32,2026-07-29 00:03:44.245926,CARD,SUCCESS,,0,True,False,False,,
TX00434,C0173,2063.66,2026-08-21 09:36:44.245926,CARD,SUCCESS,,0,True,False,False,,
TX00435,C0271,11528.71,2026-08-02 10:03:44.245926,WALLET,SUCCESS,,0,True,False,False,,
TX00436,C0326,13471.22,2026-08-06 18:21:44.245926,NETBANKING,FAILED,NETWORK_ERROR,1,True,False,True,0.68,False
TX00437,C0545,4362.84,2026-07-13 07:26:44.245926,WALLET,FAILED,INSUFFICIENT_FUNDS,2,True,True,True,0.25,False
TX00438,C0024,11723.46,2026-07-09 06:55:44.245926,NETBANKING,SUCCESS,,0,True,False,False,,
TX00439,C0623,4096.11,2026-08-17 10:16:44.245926,CARD,FAILED,TIMEOUT,1,True,True,True,0.75,False
TX00440,C0880,9788.6,2026-06-14 07:33:44.245926,CARD,SUCCESS,,0,True,True,False,,
TX00441,C0410,3510.28,2026-08-02 00:04:44.245926,WALLET,SUCCESS,,0,True,True,False,,
TX00442,C0727,4107.24,2026-06-07 14:50:44.245926,NETBANKING,SUCCESS,,0,True,True,False,,
TX00443,C0967,3983.77,2026-07-15 00:43:44.245926,UPI,SUCCESS,,0,True,True,False,,
TX00444,C0565,9897.12,2026-06-04 12:34:44.245926,NETBANKING,SUCCESS,,0,True,False,False,,
TX00445,C0919,4216.62,2026-08-07 03:58:44.245926,CARD,SUCCESS,,0,True,False,False,,
TX00446,C0934,354.45,2026-08-07 20:28:44.245926,UPI,SUCCESS,,0,True,False,False,,
TX00447,C0491,6710.05,2026-08-20 06:32:44.245926,NETBANKING,SUCCESS,,0,True,False,False,,
TX00448,C0645,1330.47,2026-06-25 00:03:44.245926,NETBANKING,SUCCESS,,0,True,True,False,,
TX00449,C0004,12324.26,2026-07-18 07:46:44.245926,CARD,FAILED,NETWORK_ERROR,2,False,False,True,0.78,True
TX00450,C0549,9594.41,2026-08-30 17:15:44.245926,UPI,SUCCESS,,0,True,False,False,,
TX00451,C0712,12844.13,2026-07-05 09:33:44.245926,WALLET,SUCCESS,,0,True,True,False,,
TX00452,C0963,11567.67,2026-08-02 09:48:44.245926,NETBANKING,SUCCESS,,0,True,True,False,,
TX00453,C0373,14522.44,2026-08-03 14:04:44.245926,CARD,SUCCESS,,0,True,True,False,,
TX00454,C0112,13477.97,2026-07-31 20:17:44.245926,NETBANKING,SUCCESS,,0,True,False,False,,
TX00455,C0966,13312.65,2026-07-14 07:28:44.245926,NETBANKING,SUCCESS,,0,True,False,False,,
TX00456,C0831,3138.46,2026-08-08 22:58:44.245926,CARD,SUCCESS,,0,True,False,False,,
TX00457,C0656,6014.88,2026-08-15 14:26:44.245926,CARD,SUCCESS,,0,True,False,False,,
TX00458,C0013,8148.92,2026-08-19 09:07:44.245926,CARD,SUCCESS,,0,True,False,False,,
TX00459,C0094,541.35,2026-07-05 07:51:44.245926,WALLET,FAILED,NETWORK_ERROR,2,True,False,True,0.5800000000000001,True
TX00460,C0335,7038.04,2026-08-05 03:58:44.245926,NETBANKING,FAILED,EXPIRED_CARD,2,True,False,True,0.01,False
TX00461,C0662,2381.38,2026-08-02 23:00:44.245926,UPI,SUCCESS,,0,True,True,False,,
TX00462,C0813,9390.07,2026-06-26 12:49:44.245926,CARD,SUCCESS,,0,True,False,False,,
TX00463,C0708,2832.06,2026-06-08 23:49:44.245926,UPI,SUCCESS,,0,True,False,False,,
TX00464,C0871,1730.2,2026-07-30 01:55:44.245926,UPI,FAILED,NETWORK_ERROR,2,True,True,True,0.7,False
TX00465,C0671,9349.74,2026-06-10 04:32:44.245926,CARD,SUCCESS,,0,True,False,False,,
TX00466,C0594,12229.36,2026-09-01 20:18:44.245926,WALLET,SUCCESS,,0,True,False,False,,
TX00467,C0636,2075.8,2026-08-05 17:05:44.245926,CARD,SUCCESS,,0,True,False,False,,
TX00468,C0962,12595.48,2026-08-15 15:14:44.245926,WALLET,SUCCESS,,0,True,True,False,,
TX00469,C0489,2849.68,2026-06-10 04:47:44.245926,WALLET,SUCCESS,,0,True,True,False,,
TX00470,C0504,6402.77,2026-08-06 19:45:44.245926,CARD,SUCCESS,,0,True,False,False,,
TX00471,C0666,3881.58,2026-07-27 10:03:44.245926,NETBANKING,SUCCESS,,0,True,True,False,,
TX00472,C0426,12756.29,2026-07-30 04:34:44.245926,UPI,SUCCESS,,0,True,False,False,,
TX00473,C0574,13230.52,2026-06-11 19:01:44.245926,WALLET,SUCCESS,,0,True,True,False,,
TX00474,C0877,1610.38,2026-08-02 18:27:44.245926,NETBANKING,SUCCESS,,0,True,False,False,,
TX00475,C0397,10494.5,2026-08-15 13:21:44.245926,UPI,SUCCESS,,0,True,False,False,,
TX00476,C0187,3330.56,2026-08-01 16:24:44.245926,UPI,SUCCESS,,0,True,False,False,,
TX00477,C0730,3817.03,2026-06-20 07:59:44.245926,CARD,SUCCESS,,0,True,False,False,,
TX00478,C0344,2946.01,2026-07-19 22:42:44.245926,NETBANKING,SUCCESS,,0,True,False,False,,
TX00479,C0146,12449.31,2026-07-01 20:39:44.245926,UPI,SUCCESS,,0,True,False,False,,
TX00480,C0436,3763.89,2026-06-15 03:22:44.245926,UPI,SUCCESS,,0,True,False,False,,
TX00481,C0836,9398.14,2026-08-21 23:20:44.245926,CARD,FAILED,INSUFFICIENT_FUNDS,2,True,False,True,0.33,False
TX00482,C0181,1080.11,2026-06-14 16:50:44.245926,UPI,SUCCESS,,0,True,False,False,,
TX00483,C0077,14538.04,2026-07-17 15:03:44.245926,UPI,FAILED,BANK_DECLINE,0,True,False,True,0.43000000000000005,True
TX00484,C0400,6689.67,2026-07-04 20:57:44.245926,UPI,SUCCESS,,0,True,False,False,,
TX00485,C0968,6961.27,2026-06-13 22:47:44.245926,WALLET,SUCCESS,,0,True,False,False,,
TX00486,C0194,2885.55,2026-08-14 22:37:44.245926,CARD,FAILED,NETWORK_ERROR,2,True,False,True,0.7,False
TX00487,C0790,5091.79,2026-06-22 12:51:44.245926,NETBANKING,SUCCESS,,0,True,False,False,,
TX00488,C0461,3681.93,2026-06-14 11:16:44.245926,CARD,FAILED,TIMEOUT,0,True,True,True,0.73,True
TX00489,C0418,1380.89,2026-07-27 16:50:44.245926,UPI,SUCCESS,,0,True,False,False,,
TX00490,C0452,2430.64,2026-08-27 21:41:44.245926,WALLET,FAILED,BANK_DECLINE,0,True,False,True,0.55,True
TX00491,C0419,14640.67,2026-06-22 20:25:44.245926,CARD,SUCCESS,,0,True,False,False,,
TX00492,C0323,8659.39,2026-06-29 23:40:44.245926,UPI,SUCCESS,,0,True,True,False,,
TX00493,C0639,7041.11,2026-06-20 00:40:44.245926,WALLET,FAILED,INSUFFICIENT_FUNDS,0,False,False,True,0.33,False
TX00494,C0965,9289.46,2026-06-19 21:54:44.245926,UPI,FAILED,BANK_DECLINE,2,False,False,True,0.23000000000000004,True
TX00495,C0618,14936.27,2026-07-28 07:00:44.245926,CARD,SUCCESS,,0,True,False,False,,
TX00496,C0422,513.21,2026-07-13 09:54:44.245926,CARD,SUCCESS,,0,True,False,False,,
TX00497,C0632,5111.25,2026-07-27 04:32:44.245926,CARD,SUCCESS,,0,True,True,False,,
TX00498,C0816,14209.91,2026-08-26 14:48:44.245926,UPI,FAILED,BANK_DECLINE,0,True,False,True,0.55,True
TX00499,C0993,7711.98,2026-07-13 04:38:44.245926,CARD,SUCCESS,,0,True,False,False,,
TX00500,C0976,12030.86,2026-08-18 04:49:44.245926,NETBANKING,SUCCESS,,0,True,True,False,,
TX00501,C0243,1521.45,2026-08-11 23:48:44.245926,WALLET,SUCCESS,,0,True,True,False,,
TX00502,C0802,14264.03,2026-06-16 12:35:44.245926,UPI,SUCCESS,,0,True,False,False,,
TX00503,C0829,14984.59,2026-06-05 21:28:44.245926,UPI,SUCCESS,,0,True,False,False,,
TX00504,C0242,10638.58,2026-08-21 12:50:44.245926,CARD,SUCCESS,,0,True,False,False,,
TX00505,C0225,14653.39,2026-07-16 15:47:44.245926,WALLET,SUCCESS,,0,True,False,False,,
TX00506,C0660,6258.8,2026-08-15 08:09:44.245926,WALLET,FAILED,EXPIRED_CARD,2,True,False,True,0.01,False
TX00507,C0461,13433.49,2026-07-04 17:55:44.245926,CARD,SUCCESS,,0,True,False,False,,
TX00508,C0590,11367.45,2026-08-06 23:36:44.245926,NETBANKING,SUCCESS,,0,True,False,False,,
TX00509,C0343,11978.84,2026-08-15 03:25:44.245926,WALLET,SUCCESS,,0,True,False,False,,
TX00510,C0843,5234.71,2026-08-28 07:11:44.245926,CARD,SUCCESS,,0,True,True,False,,
TX00511,C0987,10217.4,2026-08-24 06:30:44.245926,UPI,FAILED,NETWORK_ERROR,1,True,False,True,0.8,True
TX00512,C0809,8514.22,2026-06-10 13:03:44.245926,CARD,SUCCESS,,0,True,False,False,,
TX00513,C0107,2334.57,2026-07-04 22:20:44.245926,CARD,SUCCESS,,0,True,True,False,,
TX00514,C0328,7333.85,2026-08-28 22:16:44.245926,WALLET,SUCCESS,,0,True,False,False,,
TX00515,C0296,10631.8,2026-08-12 00:00:44.245926,UPI,FAILED,INSUFFICIENT_FUNDS,0,True,False,True,0.45,False
TX00516,C0618,1100.56,2026-07-08 09:06:44.245926,CARD,SUCCESS,,0,True,False,False,,
TX00517,C0711,8042.23,2026-06-15 14:44:44.245926,NETBANKING,SUCCESS,,0,True,False,False,,
TX00518,C0606,12433.07,2026-08-25 07:33:44.245926,CARD,SUCCESS,,0,True,False,False,,
TX00519,C0490,12058.59,2026-08-29 11:51:44.245926,NETBANKING,FAILED,INSUFFICIENT_FUNDS,0,True,True,True,0.33,False
TX00520,C0981,2928.53,2026-08-30 16:01:44.245926,NETBANKING,SUCCESS,,0,True,False,False,,
TX00521,C0812,4356.36,2026-08-06 21:28:44.245926,WALLET,SUCCESS,,0,True,True,False,,
TX00522,C0019,3302.57,2026-08-30 02:35:44.245926,CARD,SUCCESS,,0,True,False,False,,
TX00523,C0236,14552.75,2026-07-23 17:27:44.245926,UPI,SUCCESS,,0,True,False,False,,
TX00524,C0871,6475.91,2026-08-10 14:14:44.245926,UPI,SUCCESS,,0,True,False,False,,
TX00525,C0901,1225.36,2026-08-22 19:08:44.245926,WALLET,SUCCESS,,0,True,False,False,,
TX00526,C0010,7938.42,2026-07-05 00:25:44.245926,WALLET,FAILED,TIMEOUT,1,True,False,True,0.75,False
TX00527,C0978,8093.44,2026-07-24 08:49:44.245926,CARD,FAILED,TIMEOUT,1,True,False,True,0.63,False
TX00528,C0327,3633.69,2026-07-08 07:06:44.245926,NETBANKING,FAILED,FRAUD_SUSPECTED,0,True,False,False,0.01,False
TX00529,C0435,2663.61,2026-07-23 04:06:44.245926,NETBANKING,SUCCESS,,0,True,False,False,,
TX00530,C0901,12638.18,2026-08-06 12:15:44.245926,WALLET,FAILED,EXPIRED_CARD,0,True,False,True,0.2,True
TX00531,C0844,6781.06,2026-07-08 02:14:44.245926,NETBANKING,SUCCESS,,0,True,True,False,,
TX00532,C0785,809.93,2026-07-03 07:03:44.245926,CARD,SUCCESS,,0,True,False,False,,
TX00533,C0372,6891.91,2026-09-01 05:37:44.245926,CARD,SUCCESS,,0,True,True,False,,
TX00534,C0245,13830.38,2026-07-11 06:27:44.245926,NETBANKING,SUCCESS,,0,True,False,False,,
TX00535,C0763,14232.5,2026-08-27 21:31:44.245926,NETBANKING,SUCCESS,,0,True,False,False,,
TX00536,C0355,11155.88,2026-09-01 05:54:44.245926,WALLET,SUCCESS,,0,True,False,False,,
TX00537,C0664,4644.69,2026-08-24 23:58:44.245926,WALLET,SUCCESS,,0,True,False,False,,
TX00538,C0161,14716.14,2026-07-26 16:00:44.245926,WALLET,FAILED,INSUFFICIENT_FUNDS,2,True,False,True,0.33,False
TX00539,C0285,7341.02,2026-06-08 02:14:44.245926,CARD,SUCCESS,,0,True,True,False,,
TX00540,C0840,4828.81,2026-07-11 00:03:44.245926,CARD,SUCCESS,,0,True,False,False,,
TX00541,C0076,5553.69,2026-07-04 03:38:44.245926,UPI,SUCCESS,,0,True,True,False,,
TX00542,C0442,8876.44,2026-06-24 15:57:44.245926,CARD,FAILED,INSUFFICIENT_FUNDS,1,True,False,True,0.23,True
TX00543,C0474,14377.07,2026-09-01 06:26:44.245926,UPI,SUCCESS,,0,True,False,False,,
TX00544,C0591,4971.04,2026-07-29 12:29:44.245926,CARD,SUCCESS,,0,True,False,False,,
TX00545,C0764,10101.47,2026-07-10 15:09:44.245926,NETBANKING,SUCCESS,,0,True,True,False,,
TX00546,C0996,5733.56,2026-07-08 09:08:44.245926,WALLET,SUCCESS,,0,True,True,False,,
TX00547,C0256,4828.85,2026-07-15 00:03:44.245926,CARD,SUCCESS,,0,True,False,False,,
TX00548,C0401,10999.44,2026-07-14 21:05:44.245926,CARD,SUCCESS,,0,True,False,False,,
TX00549,C0711,6804.81,2026-06-19 08:29:44.245926,NETBANKING,SUCCESS,,0,True,False,False,,
TX00550,C0973,6530.33,2026-08-25 00:57:44.245926,UPI,FAILED,TIMEOUT,2,True,False,True,0.73,True
TX00551,C0816,8021.93,2026-07-04 23:24:44.245926,UPI,FAILED,NETWORK_ERROR,2,True,False,True,0.7,True
TX00552,C0575,6393.36,2026-07-25 00:52:44.245926,NETBANKING,FAILED,BANK_DECLINE,2,True,True,True,0.35000000000000003,True
TX00553,C0522,8441.84,2026-06-08 06:56:44.245926,UPI,SUCCESS,,0,True,False,False,,
TX00554,C0107,8902.56,2026-07-19 10:03:44.245926,CARD,SUCCESS,,0,True,False,False,,
TX00555,C0039,694.55,2026-06-04 16:01:44.245926,CARD,SUCCESS,,0,True,True,False,,
TX00556,C0486,9716.16,2026-08-01 09:16:44.245926,WALLET,SUCCESS,,0,True,False,False,,
TX00557,C0425,13422.49,2026-07-12 09:58:44.245926,UPI,SUCCESS,,0,True,True,False,,
TX00558,C0871,9778.35,2026-06-07 00:49:44.245926,UPI,FAILED,NETWORK_ERROR,1,True,False,True,0.8,False
TX00559,C0134,7363.14,2026-07-14 03:17:44.245926,CARD,SUCCESS,,0,True,False,False,,
TX00560,C0586,7297.8,2026-08-06 15:17:44.245926,CARD,SUCCESS,,0,True,False,False,,
TX00561,C0542,11074.47,2026-06-06 01:00:44.245926,WALLET,SUCCESS,,0,True,False,False,,
TX00562,C0835,1160.1,2026-07-03 13:02:44.245926,UPI,SUCCESS,,0,True,False,False,,
TX00563,C0658,5553.57,2026-06-09 06:13:44.245926,CARD,FAILED,TIMEOUT,1,True,True,True,0.63,False
TX00564,C0964,9692.51,2026-06-11 10:30:44.245926,CARD,SUCCESS,,0,True,False,False,,
TX00565,C0765,2993.74,2026-06-13 01:08:44.245926,NETBANKING,SUCCESS,,0,True,False,False,,
TX00566,C0123,5042.32,2026-07-03 05:27:44.245926,CARD,SUCCESS,,0,True,False,False,,
TX00567,C0692,4725.76,2026-08-05 20:03:44.245926,UPI,SUCCESS,,0,True,False,False,,
TX00568,C0667,8155.98,2026-07-06 10:49:44.245926,NETBANKING,SUCCESS,,0,True,False,False,,
TX00569,C0676,7917.11,2026-07-08 09:32:44.245926,WALLET,SUCCESS,,0,True,False,False,,
TX00570,C0449,13837.34,2026-06-19 06:49:44.245926,NETBANKING,SUCCESS,,0,True,True,False,,
TX00571,C0212,3550.37,2026-06-21 14:17:44.245926,NETBANKING,SUCCESS,,0,True,False,False,,
TX00572,C0072,10437.9,2026-08-30 03:26:44.245926,UPI,SUCCESS,,0,True,False,False,,
TX00573,C0163,8401.36,2026-08-12 06:51:44.245926,NETBANKING,SUCCESS,,0,True,False,False,,
TX00574,C0776,13765.66,2026-06-15 01:19:44.245926,UPI,SUCCESS,,0,True,False,False,,
TX00575,C0308,7348.92,2026-07-02 19:19:44.245926,WALLET,FAILED,INSUFFICIENT_FUNDS,0,True,False,True,0.45,False
TX00576,C0053,5328.06,2026-08-08 01:28:44.245926,UPI,SUCCESS,,0,True,False,False,,
TX00577,C0241,2043.37,2026-06-16 03:51:44.245926,NETBANKING,SUCCESS,,0,True,False,False,,
TX00578,C0921,3630.64,2026-06-15 20:30:44.245926,CARD,SUCCESS,,0,True,True,False,,
TX00579,C0606,6544.63,2026-08-12 21:32:44.245926,CARD,FAILED,INSUFFICIENT_FUNDS,0,True,False,True,0.33,False
TX00580,C0621,782.05,2026-08-03 12:00:44.245926,WALLET,SUCCESS,,0,True,False,False,,
TX00581,C0350,2048.16,2026-06-27 11:23:44.245926,UPI,SUCCESS,,0,True,True,False,,
TX00582,C0303,451.0,2026-06-13 05:29:44.245926,WALLET,SUCCESS,,0,True,False,False,,
TX00583,C0279,3319.4,2026-08-25 11:19:44.245926,NETBANKING,FAILED,NETWORK_ERROR,2,True,False,True,0.5800000000000001,True
TX00584,C0165,14247.24,2026-07-06 02:32:44.245926,UPI,FAILED,TIMEOUT,2,True,False,True,0.6499999999999999,True
TX00585,C0844,12347.92,2026-08-12 22:00:44.245926,NETBANKING,SUCCESS,,0,True,True,False,,
TX00586,C0167,3115.75,2026-06-30 02:24:44.245926,WALLET,SUCCESS,,0,True,True,False,,
TX00587,C0068,363.64,2026-08-09 11:13:44.245926,NETBANKING,SUCCESS,,0,True,True,False,,
TX00588,C0288,7711.67,2026-08-07 20:48:44.245926,NETBANKING,SUCCESS,,0,True,False,False,,
TX00589,C0218,3021.35,2026-08-04 18:01:44.245926,WALLET,SUCCESS,,0,True,False,False,,
TX00590,C0971,5515.89,2026-07-08 23:57:44.245926,WALLET,SUCCESS,,0,True,False,False,,
TX00591,C0845,6291.4,2026-08-12 18:00:44.245926,CARD,SUCCESS,,0,True,False,False,,
TX00592,C0318,1921.65,2026-06-16 19:35:44.245926,WALLET,SUCCESS,,0,True,False,False,,
TX00593,C0519,4537.59,2026-08-09 04:12:44.245926,UPI,SUCCESS,,0,True,True,False,,
TX00594,C0315,2001.12,2026-06-30 06:14:44.245926,NETBANKING,SUCCESS,,0,True,False,False,,
TX00595,C0637,10399.58,2026-08-20 00:04:44.245926,WALLET,SUCCESS,,0,True,False,False,,
TX00596,C0114,4571.66,2026-08-21 07:15:44.245926,UPI,SUCCESS,,0,True,False,False,,
TX00597,C0693,13452.89,2026-08-16 11:37:44.245926,UPI,SUCCESS,,0,True,False,False,,
TX00598,C0062,2935.67,2026-08-04 19:24:44.245926,UPI,SUCCESS,,0,True,False,False,,
TX00599,C0220,6739.46,2026-08-03 09:18:44.245926,CARD,SUCCESS,,0,True,False,False,,
TX00600,C0331,6103.73,2026-08-06 17:00:44.245926,UPI,SUCCESS,,0,True,False,False,,
TX00601,C0264,13901.77,2026-09-01 10:50:44.245926,CARD,SUCCESS,,0,True,True,False,,
TX00602,C0519,3226.57,2026-06-22 16:09:44.245926,UPI,SUCCESS,,0,True,False,False,,
TX00603,C0992,2104.6,2026-08-19 17:33:44.245926,CARD,FAILED,TIMEOUT,1,True,False,True,0.63,False
TX00604,C0315,11905.54,2026-08-02 01:09:44.245926,NETBANKING,SUCCESS,,0,True,False,False,,
TX00605,C0258,10100.15,2026-08-29 22:17:44.245926,CARD,SUCCESS,,0,True,False,False,,
TX00606,C0057,4399.69,2026-08-13 08:24:44.245926,CARD,SUCCESS,,0,True,False,False,,
TX00607,C0513,7493.32,2026-06-25 10:55:44.245926,WALLET,SUCCESS,,0,True,False,False,,
TX00608,C0730,1764.17,2026-06-09 06:08:44.245926,CARD,SUCCESS,,0,True,False,False,,
TX00609,C0717,693.21,2026-06-20 17:55:44.245926,WALLET,SUCCESS,,0,True,False,False,,
TX00610,C0835,2545.23,2026-07-31 01:23:44.245926,UPI,SUCCESS,,0,True,False,False,,
TX00611,C0583,10017.88,2026-07-21 18:31:44.245926,CARD,SUCCESS,,0,True,False,False,,
TX00612,C0239,3268.4,2026-08-03 17:02:44.245926,WALLET,SUCCESS,,0,True,False,False,,
TX00613,C0998,8273.84,2026-08-17 03:01:44.245926,CARD,SUCCESS,,0,True,False,False,,
TX00614,C0771,14302.93,2026-06-07 07:42:44.245926,UPI,SUCCESS,,0,True,False,False,,
TX00615,C0605,2051.27,2026-07-15 09:58:44.245926,WALLET,FAILED,TIMEOUT,1,True,True,True,0.75,True
TX00616,C0179,11756.92,2026-08-23 23:20:44.245926,NETBANKING,SUCCESS,,0,True,False,False,,
TX00617,C0467,2276.98,2026-08-08 14:12:44.245926,NETBANKING,SUCCESS,,0,True,False,False,,
TX00618,C0523,8662.17,2026-07-19 02:18:44.245926,UPI,SUCCESS,,0,True,False,False,,
TX00619,C0621,8711.49,2026-07-17 18:19:44.245926,WALLET,SUCCESS,,0,True,False,False,,
TX00620,C0776,1119.34,2026-06-28 10:04:44.245926,UPI,SUCCESS,,0,True,False,False,,
TX00621,C0631,9369.01,2026-07-06 13:18:44.245926,CARD,FAILED,INSUFFICIENT_FUNDS,1,True,True,True,0.35,True
TX00622,C0690,5428.49,2026-08-10 23:43:44.245926,NETBANKING,FAILED,BANK_DECLINE,2,True,False,True,0.23000000000000004,True
TX00623,C0395,5463.66,2026-08-03 15:11:44.245926,CARD,SUCCESS,,0,True,True,False,,
TX00624,C0717,4887.86,2026-06-12 04:14:44.245926,WALLET,SUCCESS,,0,True,False,False,,
TX00625,C0304,4782.21,2026-07-05 04:10:44.245926,CARD,SUCCESS,,0,True,True,False,,
TX00626,C0335,849.45,2026-08-03 07:35:44.245926,NETBANKING,SUCCESS,,0,True,False,False,,
TX00627,C0352,13550.72,2026-06-28 17:07:44.245926,UPI,SUCCESS,,0,True,True,False,,
TX00628,C0751,626.88,2026-07-03 06:07:44.245926,UPI,SUCCESS,,0,True,False,False,,
TX00629,C0837,8716.32,2026-08-17 00:29:44.245926,UPI,SUCCESS,,0,True,False,False,,
TX00630,C0913,3326.85,2026-07-19 15:48:44.245926,CARD,SUCCESS,,0,True,False,False,,
TX00631,C0665,5291.23,2026-07-30 09:47:44.245926,WALLET,SUCCESS,,0,True,False,False,,
TX00632,C0046,3265.85,2026-08-01 06:49:44.245926,UPI,FAILED,EXPIRED_CARD,0,True,False,True,0.2,False
TX00633,C0166,14944.55,2026-07-11 00:55:44.245926,CARD,SUCCESS,,0,True,False,False,,
TX00634,C0199,14381.73,2026-08-08 18:32:44.245926,NETBANKING,SUCCESS,,0,True,False,False,,
TX00635,C0242,5251.52,2026-06-10 13:38:44.245926,CARD,SUCCESS,,0,True,False,False,,
TX00636,C0077,6578.46,2026-07-06 01:24:44.245926,UPI,SUCCESS,,0,True,False,False,,
TX00637,C0716,4737.15,2026-08-16 15:19:44.245926,NETBANKING,SUCCESS,,0,True,False,False,,
TX00638,C0070,4906.29,2026-07-12 03:45:44.245926,NETBANKING,SUCCESS,,0,True,False,False,,
TX00639,C0236,6962.46,2026-08-12 22:26:44.245926,UPI,SUCCESS,,0,True,False,False,,
TX00640,C0141,9529.31,2026-07-21 10:23:44.245926,WALLET,FAILED,EXPIRED_CARD,2,True,False,True,0.01,False
TX00641,C0075,4238.66,2026-08-01 12:15:44.245926,UPI,FAILED,BANK_DECLINE,2,False,False,True,0.35000000000000003,False
TX00642,C0043,1180.26,2026-06-22 17:00:44.245926,NETBANKING,SUCCESS,,0,True,False,False,,
TX00643,C0986,2511.95,2026-08-05 19:45:44.245926,CARD,SUCCESS,,0,True,False,False,,
TX00644,C1000,6330.83,2026-08-21 17:47:44.245926,CARD,FAILED,EXPIRED_CARD,0,True,False,True,0.08000000000000002,False
TX00645,C0364,2660.59,2026-08-05 23:08:44.245926,CARD,SUCCESS,,0,True,False,False,,
TX00646,C0220,1969.31,2026-06-21 21:55:44.245926,CARD,SUCCESS,,0,True,True,False,,
TX00647,C0794,4864.95,2026-07-18 15:01:44.245926,UPI,SUCCESS,,0,True,False,False,,
TX00648,C0309,9809.75,2026-06-07 19:31:44.245926,NETBANKING,SUCCESS,,0,True,True,False,,
TX00649,C0881,728.39,2026-08-15 07:44:44.245926,CARD,SUCCESS,,0,True,False,False,,
TX00650,C0696,2886.98,2026-08-21 01:02:44.245926,CARD,SUCCESS,,0,True,True,False,,
TX00651,C0442,11798.84,2026-06-09 11:32:44.245926,CARD,FAILED,EXPIRED_CARD,0,True,True,True,0.08000000000000002,False
TX00652,C0729,13482.57,2026-08-04 13:58:44.245926,WALLET,FAILED,INSUFFICIENT_FUNDS,0,True,False,True,0.53,False
TX00653,C0256,8693.31,2026-07-19 23:29:44.245926,CARD,SUCCESS,,0,True,False,False,,
TX00654,C0229,12486.03,2026-08-29 21:16:44.245926,CARD,SUCCESS,,0,True,False,False,,
TX00655,C0355,7597.83,2026-06-12 15:50:44.245926,WALLET,SUCCESS,,0,True,True,False,,
TX00656,C0659,12158.3,2026-07-04 10:01:44.245926,UPI,SUCCESS,,0,True,False,False,,
TX00657,C0181,12145.87,2026-08-11 03:53:44.245926,UPI,SUCCESS,,0,True,True,False,,
TX00658,C0567,2420.89,2026-06-20 09:18:44.245926,CARD,SUCCESS,,0,True,True,False,,
TX00659,C0374,6303.12,2026-08-21 23:43:44.245926,WALLET,SUCCESS,,0,True,False,False,,
TX00660,C0327,5808.16,2026-08-29 19:10:44.245926,NETBANKING,SUCCESS,,0,True,True,False,,
TX00661,C0243,7280.36,2026-06-26 20:50:44.245926,WALLET,SUCCESS,,0,True,False,False,,
TX00662,C0368,14073.49,2026-07-07 11:39:44.245926,CARD,FAILED,BANK_DECLINE,1,True,False,True,0.33000000000000007,True
TX00663,C0704,12669.65,2026-08-03 17:19:44.245926,NETBANKING,FAILED,INSUFFICIENT_FUNDS,0,True,True,True,0.33,False
TX00664,C0945,4846.25,2026-08-30 16:31:44.245926,UPI,SUCCESS,,0,True,False,False,,
TX00665,C0058,10373.15,2026-07-23 03:12:44.245926,WALLET,FAILED,EXPIRED_CARD,1,True,False,True,0.1,False
TX00666,C0584,4056.35,2026-06-12 15:50:44.245926,UPI,FAILED,FRAUD_SUSPECTED,0,True,True,False,0.11,False
TX00667,C0314,4962.61,2026-08-17 09:03:44.245926,NETBANKING,SUCCESS,,0,True,False,False,,
TX00668,C0932,798.06,2026-08-22 07:27:44.245926,UPI,SUCCESS,,0,True,True,False,,
TX00669,C0883,7527.87,2026-08-10 12:33:44.245926,WALLET,SUCCESS,,0,True,False,False,,
TX00670,C0515,10845.57,2026-08-23 05:59:44.245926,CARD,SUCCESS,,0,True,False,False,,
TX00671,C0776,2657.05,2026-06-28 04:46:44.245926,UPI,SUCCESS,,0,True,False,False,,
TX00672,C0020,9151.1,2026-08-17 11:38:44.245926,CARD,SUCCESS,,0,True,False,False,,
TX00673,C0978,10519.59,2026-08-12 19:14:44.245926,CARD,SUCCESS,,0,True,True,False,,
TX00674,C0424,9563.3,2026-08-15 10:41:44.245926,NETBANKING,SUCCESS,,0,True,False,False,,
TX00675,C0806,3241.11,2026-07-02 06:09:44.245926,WALLET,SUCCESS,,0,True,False,False,,
TX00676,C0788,2619.99,2026-07-21 10:42:44.245926,UPI,SUCCESS,,0,True,False,False,,
TX00677,C0753,9842.95,2026-06-16 06:52:44.245926,CARD,SUCCESS,,0,True,False,False,,
TX00678,C0654,11951.84,2026-07-03 12:25:44.245926,NETBANKING,SUCCESS,,0,True,False,False,,
TX00679,C0039,2262.59,2026-06-20 05:39:44.245926,CARD,FAILED,INSUFFICIENT_FUNDS,1,True,False,True,0.35,True
TX00680,C0254,13182.93,2026-08-29 10:32:44.245926,NETBANKING,SUCCESS,,0,True,False,False,,
TX00681,C0737,604.8,2026-06-06 12:51:44.245926,CARD,SUCCESS,,0,True,False,False,,
TX00682,C0175,9511.42,2026-08-25 23:42:44.245926,NETBANKING,FAILED,NETWORK_ERROR,1,True,True,True,0.68,False
TX00683,C0233,6604.88,2026-06-28 03:00:44.245926,NETBANKING,SUCCESS,,0,True,True,False,,
TX00684,C0776,2800.81,2026-07-26 01:50:44.245926,UPI,FAILED,NETWORK_ERROR,2,True,False,True,0.7,False
TX00685,C0334,7563.99,2026-06-24 21:04:44.245926,CARD,SUCCESS,,0,True,False,False,,
TX00686,C0452,12970.47,2026-08-14 15:15:44.245926,WALLET,SUCCESS,,0,True,False,False,,
TX00687,C0139,5916.48,2026-07-13 16:53:44.245926,WALLET,SUCCESS,,0,True,False,False,,
TX00688,C0839,14929.55,2026-06-30 04:50:44.245926,WALLET,SUCCESS,,0,True,False,False,,
TX00689,C0073,2951.44,2026-08-15 13:50:44.245926,NETBANKING,SUCCESS,,0,True,True,False,,
TX00690,C0898,4148.45,2026-07-30 16:01:44.245926,UPI,SUCCESS,,0,True,False,False,,
TX00691,C0319,8868.68,2026-08-02 08:35:44.245926,NETBANKING,SUCCESS,,0,True,False,False,,
TX00692,C0644,2258.11,2026-07-03 20:49:44.245926,UPI,SUCCESS,,0,True,False,False,,
TX00693,C0448,3419.6,2026-07-09 08:26:44.245926,UPI,SUCCESS,,0,True,False,False,,
TX00694,C0171,4066.52,2026-06-13 02:49:44.245926,NETBANKING,SUCCESS,,0,True,False,False,,
TX00695,C0028,13986.65,2026-07-17 07:27:44.245926,WALLET,SUCCESS,,0,True,False,False,,
TX00696,C0544,14108.03,2026-08-31 11:35:44.245926,CARD,FAILED,EXPIRED_CARD,2,True,False,True,0.01,False
TX00697,C0643,4746.86,2026-07-10 08:54:44.245926,UPI,SUCCESS,,0,True,False,False,,
TX00698,C0673,13415.72,2026-06-08 04:31:44.245926,CARD,SUCCESS,,0,True,False,False,,
TX00699,C0456,7705.08,2026-08-28 03:00:44.245926,CARD,SUCCESS,,0,True,False,False,,
TX00700,C0224,1617.83,2026-08-08 02:15:44.245926,NETBANKING,SUCCESS,,0,True,False,False,,
TX00701,C0166,2017.58,2026-06-08 11:09:44.245926,CARD,SUCCESS,,0,True,False,False,,
TX00702,C0279,14608.56,2026-06-30 00:32:44.245926,NETBANKING,SUCCESS,,0,True,False,False,,
TX00703,C0064,4459.0,2026-08-23 06:22:44.245926,CARD,FAILED,TIMEOUT,1,True,True,True,0.83,True
TX00704,C0028,7521.74,2026-08-29 22:06:44.245926,WALLET,SUCCESS,,0,True,True,False,,
TX00705,C0697,9964.07,2026-08-16 02:25:44.245926,WALLET,FAILED,TIMEOUT,0,True,True,True,0.85,True
TX00706,C0669,10677.65,2026-07-14 04:04:44.245926,CARD,SUCCESS,,0,True,True,False,,
TX00707,C0692,7575.19,2026-07-14 15:11:44.245926,UPI,SUCCESS,,0,True,False,False,,
TX00708,C0380,7432.43,2026-07-19 07:37:44.245926,UPI,SUCCESS,,0,True,True,False,,
TX00709,C0291,2476.39,2026-07-06 06:24:44.245926,WALLET,SUCCESS,,0,True,True,False,,
TX00710,C0930,2955.63,2026-06-19 18:19:44.245926,CARD,SUCCESS,,0,True,False,False,,
TX00711,C0232,8579.74,2026-08-03 19:19:44.245926,CARD,SUCCESS,,0,True,False,False,,
TX00712,C0850,14582.92,2026-07-22 07:46:44.245926,UPI,SUCCESS,,0,True,False,False,,
TX00713,C0656,13830.07,2026-06-26 20:25:44.245926,CARD,SUCCESS,,0,True,False,False,,
TX00714,C0402,13344.31,2026-06-06 19:23:44.245926,CARD,SUCCESS,,0,True,False,False,,
TX00715,C0797,2093.27,2026-07-08 10:44:44.245926,CARD,FAILED,BANK_DECLINE,0,True,True,True,0.63,True
TX00716,C0459,9995.23,2026-07-15 18:34:44.245926,WALLET,SUCCESS,,0,True,False,False,,
TX00717,C0205,9972.69,2026-07-04 10:19:44.245926,UPI,SUCCESS,,0,True,False,False,,
TX00718,C0833,14278.17,2026-07-04 00:28:44.245926,CARD,SUCCESS,,0,True,False,False,,
TX00719,C0536,13631.11,2026-08-15 23:49:44.245926,UPI,FAILED,BANK_DECLINE,0,False,False,True,0.55,False
TX00720,C0916,11233.86,2026-07-24 05:57:44.245926,NETBANKING,SUCCESS,,0,True,False,False,,
TX00721,C0999,6163.22,2026-06-20 15:33:44.245926,NETBANKING,SUCCESS,,0,True,True,False,,
TX00722,C0881,6164.08,2026-06-06 07:29:44.245926,CARD,SUCCESS,,0,True,False,False,,
TX00723,C0278,11758.54,2026-06-30 09:08:44.245926,WALLET,SUCCESS,,0,True,False,False,,
TX00724,C0377,2565.78,2026-07-01 14:52:44.245926,WALLET,FAILED,BANK_DECLINE,1,True,False,True,0.45000000000000007,False
TX00725,C0035,5577.95,2026-06-13 04:38:44.245926,UPI,SUCCESS,,0,True,False,False,,
TX00726,C0593,7497.46,2026-08-24 00:53:44.245926,NETBANKING,SUCCESS,,0,True,False,False,,
TX00727,C0489,9125.01,2026-06-12 15:46:44.245926,WALLET,SUCCESS,,0,True,False,False,,
TX00728,C0144,9323.86,2026-07-13 23:00:44.245926,UPI,SUCCESS,,0,True,False,False,,
TX00729,C0242,7846.12,2026-09-01 00:49:44.245926,CARD,SUCCESS,,0,True,False,False,,
TX00730,C0866,10387.68,2026-06-18 13:26:44.245926,NETBANKING,SUCCESS,,0,True,False,False,,
TX00731,C0675,9814.21,2026-06-12 02:07:44.245926,WALLET,SUCCESS,,0,True,False,False,,
TX00732,C0946,13635.95,2026-07-17 22:02:44.245926,UPI,SUCCESS,,0,True,False,False,,
TX00733,C0738,10359.41,2026-07-01 18:56:44.245926,CARD,FAILED,EXPIRED_CARD,2,True,False,True,0.08000000000000002,False
TX00734,C0517,7847.19,2026-07-20 22:13:44.245926,CARD,SUCCESS,,0,True,False,False,,
TX00735,C0450,10014.57,2026-07-26 04:32:44.245926,UPI,SUCCESS,,0,True,False,False,,
TX00736,C0032,8907.85,2026-08-13 09:49:44.245926,NETBANKING,SUCCESS,,0,True,False,False,,
TX00737,C0786,10025.2,2026-06-20 18:55:44.245926,CARD,SUCCESS,,0,True,False,False,,
TX00738,C0770,965.3,2026-07-12 07:59:44.245926,UPI,FAILED,EXPIRED_CARD,1,True,False,True,0.1,False
TX00739,C0383,12175.16,2026-07-05 12:20:44.245926,NETBANKING,SUCCESS,,0,True,False,False,,
TX00740,C0664,3051.72,2026-06-21 07:00:44.245926,WALLET,SUCCESS,,0,True,True,False,,
TX00741,C0498,4111.97,2026-08-04 17:46:44.245926,WALLET,FAILED,NETWORK_ERROR,2,True,True,True,0.7,True
TX00742,C0674,7064.4,2026-07-11 07:37:44.245926,NETBANKING,SUCCESS,,0,True,False,False,,
TX00743,C0181,9147.75,2026-07-18 17:56:44.245926,UPI,FAILED,TIMEOUT,2,True,False,True,0.73,True
TX00744,C0742,4749.05,2026-06-15 19:56:44.245926,UPI,SUCCESS,,0,True,True,False,,
TX00745,C0294,12294.73,2026-08-06 19:11:44.245926,WALLET,SUCCESS,,0,True,False,False,,
TX00746,C0687,3375.67,2026-08-02 11:37:44.245926,NETBANKING,FAILED,NETWORK_ERROR,0,True,False,True,0.9,True
TX00747,C0725,4723.49,2026-07-16 15:03:44.245926,WALLET,SUCCESS,,0,True,True,False,,
TX00748,C0026,2011.94,2026-08-25 14:02:44.245926,UPI,SUCCESS,,0,True,True,False,,
TX00749,C0012,14468.84,2026-07-17 08:40:44.245926,NETBANKING,FAILED,NETWORK_ERROR,1,True,False,True,0.68,True
TX00750,C0679,1048.56,2026-06-05 03:53:44.245926,NETBANKING,SUCCESS,,0,True,True,False,,
TX00751,C0179,6647.28,2026-07-12 06:45:44.245926,NETBANKING,FAILED,EXPIRED_CARD,2,True,False,True,0.01,False
TX00752,C0860,6175.3,2026-07-21 04:07:44.245926,CARD,SUCCESS,,0,True,False,False,,
TX00753,C0617,10276.42,2026-08-17 18:46:44.245926,NETBANKING,SUCCESS,,0,True,False,False,,
TX00754,C0138,1192.36,2026-06-06 04:13:44.245926,UPI,SUCCESS,,0,True,False,False,,
TX00755,C0051,1233.61,2026-08-24 17:12:44.245926,WALLET,SUCCESS,,0,True,False,False,,
TX00756,C0527,2019.03,2026-07-31 02:59:44.245926,WALLET,SUCCESS,,0,True,False,False,,
TX00757,C0375,10553.46,2026-06-06 08:08:44.245926,WALLET,SUCCESS,,0,True,True,False,,
TX00758,C0055,7197.83,2026-07-14 07:45:44.245926,UPI,SUCCESS,,0,True,True,False,,
TX00759,C0508,13663.33,2026-07-05 07:34:44.245926,UPI,SUCCESS,,0,True,False,False,,
TX00760,C0449,10813.43,2026-07-17 02:03:44.245926,NETBANKING,SUCCESS,,0,True,True,False,,
TX00761,C0618,10757.36,2026-08-30 19:24:44.245926,CARD,SUCCESS,,0,True,False,False,,
TX00762,C0266,9891.75,2026-07-07 05:40:44.245926,UPI,FAILED,INSUFFICIENT_FUNDS,0,True,False,True,0.33,True
TX00763,C0853,2197.72,2026-06-22 14:27:44.245926,WALLET,SUCCESS,,0,True,True,False,,
TX00764,C0261,11964.19,2026-08-29 06:49:44.245926,NETBANKING,SUCCESS,,0,True,False,False,,
TX00765,C0118,3378.66,2026-06-08 17:27:44.245926,WALLET,SUCCESS,,0,True,False,False,,
TX00766,C0474,4133.88,2026-08-05 01:27:44.245926,UPI,SUCCESS,,0,True,True,False,,
TX00767,C0503,13448.52,2026-06-07 08:31:44.245926,CARD,FAILED,EXPIRED_CARD,1,True,True,True,0.1,False
TX00768,C0512,4089.99,2026-07-05 10:07:44.245926,UPI,SUCCESS,,0,True,False,False,,
TX00769,C0889,11620.39,2026-07-25 03:31:44.245926,UPI,SUCCESS,,0,True,False,False,,
TX00770,C0560,10444.99,2026-07-21 08:33:44.245926,NETBANKING,SUCCESS,,0,True,False,False,,
TX00771,C0817,1041.2,2026-08-29 13:50:44.245926,UPI,SUCCESS,,0,True,False,False,,
TX00772,C0790,12671.48,2026-06-14 13:00:44.245926,NETBANKING,SUCCESS,,0,True,False,False,,
TX00773,C0833,9261.94,2026-08-21 13:51:44.245926,CARD,SUCCESS,,0,True,False,False,,
TX00774,C0807,916.95,2026-06-14 00:57:44.245926,NETBANKING,FAILED,NETWORK_ERROR,0,False,True,True,0.9,False
TX00775,C0110,6790.31,2026-07-20 11:49:44.245926,WALLET,SUCCESS,,0,True,False,False,,
TX00776,C0680,2568.15,2026-07-07 13:16:44.245926,WALLET,SUCCESS,,0,True,False,False,,
TX00777,C0204,12774.35,2026-07-14 09:55:44.245926,WALLET,SUCCESS,,0,True,False,False,,
TX00778,C0892,396.84,2026-08-19 10:21:44.245926,CARD,FAILED,EXPIRED_CARD,1,True,False,True,0.01,False
TX00779,C0989,6400.63,2026-07-31 17:43:44.245926,CARD,SUCCESS,,0,True,False,False,,
TX00780,C0723,11376.56,2026-07-12 19:56:44.245926,CARD,SUCCESS,,0,True,False,False,,
TX00781,C0047,6603.7,2026-08-27 00:07:44.245926,UPI,SUCCESS,,0,True,False,False,,
TX00782,C0861,12830.14,2026-08-15 18:31:44.245926,UPI,SUCCESS,,0,True,False,False,,
TX00783,C0918,6805.91,2026-08-13 13:06:44.245926,CARD,FAILED,NETWORK_ERROR,2,False,False,True,0.7,True
TX00784,C0700,2715.57,2026-06-10 00:57:44.245926,UPI,FAILED,TIMEOUT,0,True,False,True,0.85,True
TX00785,C0129,9584.63,2026-08-08 09:03:44.245926,NETBANKING,SUCCESS,,0,True,False,False,,
TX00786,C0251,14598.12,2026-07-12 14:40:44.245926,NETBANKING,FAILED,TIMEOUT,2,True,False,True,0.6499999999999999,False
TX00787,C0629,5359.11,2026-08-18 17:18:44.245926,WALLET,SUCCESS,,0,True,False,False,,
TX00788,C0806,13830.62,2026-08-07 04:30:44.245926,WALLET,SUCCESS,,0,True,False,False,,
TX00789,C0676,13347.42,2026-07-31 06:37:44.245926,WALLET,FAILED,INSUFFICIENT_FUNDS,2,True,False,True,0.13,False
TX00790,C0710,11698.38,2026-08-23 15:12:44.245926,NETBANKING,FAILED,TIMEOUT,0,True,False,True,0.73,True
TX00791,C0611,7950.9,2026-07-23 16:03:44.245926,NETBANKING,FAILED,TIMEOUT,0,True,False,True,0.73,True
TX00792,C0724,644.3,2026-08-24 11:36:44.245926,UPI,SUCCESS,,0,True,False,False,,
TX00793,C0481,3847.69,2026-08-13 21:51:44.245926,UPI,SUCCESS,,0,True,False,False,,
TX00794,C0231,7727.54,2026-08-10 01:43:44.245926,WALLET,SUCCESS,,0,True,True,False,,
TX00795,C0745,9516.75,2026-07-06 17:02:44.245926,NETBANKING,SUCCESS,,0,True,True,False,,
TX00796,C0096,14137.74,2026-07-15 06:57:44.245926,NETBANKING,SUCCESS,,0,True,False,False,,
TX00797,C0470,6961.26,2026-09-01 21:58:44.245926,WALLET,SUCCESS,,0,True,True,False,,
TX00798,C0488,8849.43,2026-08-08 11:51:44.245926,WALLET,SUCCESS,,0,True,False,False,,
TX00799,C0286,8139.34,2026-07-28 15:40:44.245926,CARD,SUCCESS,,0,True,True,False,,
TX00800,C0540,10103.76,2026-08-17 15:15:44.245926,WALLET,SUCCESS,,0,True,False,False,,
TX00801,C0300,10800.96,2026-07-21 17:54:44.245926,UPI,SUCCESS,,0,True,False,False,,
TX00802,C0620,7891.84,2026-06-21 23:19:44.245926,UPI,SUCCESS,,0,True,False,False,,
TX00803,C0157,1740.42,2026-08-08 05:17:44.245926,NETBANKING,SUCCESS,,0,True,False,False,,
TX00804,C0145,1656.05,2026-07-13 02:51:44.245926,UPI,SUCCESS,,0,True,False,False,,
TX00805,C0649,6858.61,2026-07-08 01:25:44.245926,CARD,SUCCESS,,0,True,False,False,,
TX00806,C0829,8516.84,2026-08-14 08:03:44.245926,UPI,SUCCESS,,0,True,False,False,,
TX00807,C0562,7632.76,2026-07-12 23:39:44.245926,CARD,SUCCESS,,0,True,False,False,,
TX00808,C0523,14232.95,2026-08-10 01:08:44.245926,UPI,SUCCESS,,0,True,False,False,,
TX00809,C0239,2421.89,2026-06-16 00:23:44.245926,WALLET,FAILED,BANK_DECLINE,1,True,False,True,0.45000000000000007,False
TX00810,C0019,3425.85,2026-07-17 12:44:44.245926,CARD,SUCCESS,,0,True,True,False,,
TX00811,C0254,8517.69,2026-08-27 08:09:44.245926,NETBANKING,SUCCESS,,0,True,False,False,,
TX00812,C0607,6306.71,2026-06-15 10:43:44.245926,NETBANKING,SUCCESS,,0,True,False,False,,
TX00813,C0060,7984.83,2026-06-15 03:53:44.245926,NETBANKING,SUCCESS,,0,True,False,False,,
TX00814,C0153,4757.92,2026-07-18 16:12:44.245926,NETBANKING,FAILED,NETWORK_ERROR,0,True,True,True,0.9,True
TX00815,C0689,13369.14,2026-06-24 01:37:44.245926,CARD,FAILED,NETWORK_ERROR,2,True,False,True,0.7,True
TX00816,C0222,6438.35,2026-07-26 14:33:44.245926,UPI,FAILED,TIMEOUT,1,False,False,True,0.75,False
TX00817,C0576,9203.93,2026-08-12 19:11:44.245926,WALLET,SUCCESS,,0,True,True,False,,
TX00818,C0249,11496.68,2026-08-04 04:14:44.245926,CARD,SUCCESS,,0,True,False,False,,
TX00819,C0828,5080.68,2026-08-16 05:53:44.245926,NETBANKING,SUCCESS,,0,True,False,False,,
TX00820,C0462,5992.36,2026-08-25 09:17:44.245926,WALLET,SUCCESS,,0,True,False,False,,
TX00821,C0070,14383.77,2026-08-24 11:00:44.245926,NETBANKING,SUCCESS,,0,True,False,False,,
TX00822,C0760,1601.39,2026-06-19 12:28:44.245926,NETBANKING,SUCCESS,,0,True,False,False,,
TX00823,C0478,12003.53,2026-08-07 20:01:44.245926,NETBANKING,SUCCESS,,0,True,False,False,,
TX00824,C0120,9765.54,2026-06-12 04:42:44.245926,UPI,SUCCESS,,0,True,True,False,,
TX00825,C0581,8779.78,2026-06-09 06:11:44.245926,NETBANKING,SUCCESS,,0,True,False,False,,
TX00826,C0436,11333.21,2026-07-20 04:42:44.245926,UPI,SUCCESS,,0,True,False,False,,
TX00827,C0682,14061.87,2026-06-20 19:20:44.245926,UPI,SUCCESS,,0,True,False,False,,
TX00828,C0059,3325.33,2026-08-18 23:10:44.245926,WALLET,SUCCESS,,0,True,False,False,,
TX00829,C0865,6830.17,2026-08-16 21:25:44.245926,UPI,SUCCESS,,0,True,False,False,,
TX00830,C0287,8956.73,2026-07-19 04:19:44.245926,CARD,SUCCESS,,0,True,False,False,,
TX00831,C0881,6724.16,2026-07-12 05:07:44.245926,CARD,SUCCESS,,0,True,True,False,,
TX00832,C0184,5915.56,2026-06-12 17:31:44.245926,CARD,SUCCESS,,0,True,True,False,,
TX00833,C0534,2771.89,2026-06-17 13:19:44.245926,WALLET,SUCCESS,,0,True,True,False,,
TX00834,C0787,2567.14,2026-08-30 02:43:44.245926,UPI,SUCCESS,,0,True,False,False,,
TX00835,C0905,9332.79,2026-07-04 01:17:44.245926,CARD,SUCCESS,,0,True,True,False,,
TX00836,C0539,4680.96,2026-06-13 10:23:44.245926,UPI,SUCCESS,,0,True,False,False,,
TX00837,C0004,5066.0,2026-07-08 15:00:44.245926,CARD,SUCCESS,,0,True,False,False,,
TX00838,C0896,1062.61,2026-06-26 06:08:44.245926,NETBANKING,FAILED,INSUFFICIENT_FUNDS,2,True,False,True,0.25,False
TX00839,C0149,4258.53,2026-07-03 10:05:44.245926,UPI,FAILED,BANK_DECLINE,1,True,False,True,0.45000000000000007,True
TX00840,C0524,573.76,2026-07-24 21:04:44.245926,WALLET,FAILED,FRAUD_SUSPECTED,2,True,False,False,0.01,False
TX00841,C0430,8653.21,2026-07-15 00:56:44.245926,UPI,SUCCESS,,0,True,True,False,,
TX00842,C0013,3290.82,2026-08-31 13:07:44.245926,CARD,SUCCESS,,0,True,True,False,,
TX00843,C0379,2772.37,2026-06-26 18:14:44.245926,NETBANKING,SUCCESS,,0,True,False,False,,
TX00844,C0593,13698.94,2026-07-15 13:31:44.245926,NETBANKING,SUCCESS,,0,True,True,False,,
TX00845,C0323,14428.38,2026-07-30 22:41:44.245926,UPI,FAILED,TIMEOUT,0,True,False,True,0.85,False
TX00846,C0853,12640.47,2026-07-09 01:08:44.245926,WALLET,SUCCESS,,0,True,False,False,,
TX00847,C0998,3427.49,2026-08-19 23:11:44.245926,CARD,FAILED,BANK_DECLINE,0,True,True,True,0.43000000000000005,False
TX00848,C0498,10566.91,2026-08-19 00:56:44.245926,WALLET,SUCCESS,,0,True,True,False,,
TX00849,C0322,4408.04,2026-07-13 18:19:44.245926,WALLET,SUCCESS,,0,True,True,False,,
TX00850,C0243,12090.23,2026-08-23 21:39:44.245926,WALLET,SUCCESS,,0,True,False,False,,
TX00851,C0981,4142.0,2026-08-11 22:58:44.245926,NETBANKING,SUCCESS,,0,True,False,False,,
TX00852,C0025,10035.47,2026-07-03 17:18:44.245926,WALLET,SUCCESS,,0,True,False,False,,
TX00853,C0722,9112.85,2026-06-05 21:21:44.245926,CARD,SUCCESS,,0,True,False,False,,
TX00854,C0144,13857.19,2026-07-29 20:35:44.245926,UPI,SUCCESS,,0,True,False,False,,
TX00855,C0041,10188.78,2026-07-12 01:15:44.245926,CARD,SUCCESS,,0,True,False,False,,
TX00856,C0529,7487.96,2026-07-10 04:44:44.245926,CARD,SUCCESS,,0,True,False,False,,
TX00857,C0529,9841.73,2026-06-11 12:02:44.245926,CARD,SUCCESS,,0,True,False,False,,
TX00858,C0783,12296.03,2026-07-14 23:11:44.245926,WALLET,SUCCESS,,0,True,False,False,,
TX00859,C0363,12247.88,2026-08-18 18:18:44.245926,NETBANKING,SUCCESS,,0,True,False,False,,
TX00860,C0143,12635.44,2026-08-17 08:14:44.245926,NETBANKING,SUCCESS,,0,True,False,False,,
TX00861,C0487,7101.58,2026-08-28 15:56:44.245926,CARD,SUCCESS,,0,True,True,False,,
TX00862,C0378,11224.22,2026-08-12 11:28:44.245926,CARD,SUCCESS,,0,True,False,False,,
TX00863,C0812,5559.97,2026-06-12 15:13:44.245926,WALLET,FAILED,EXPIRED_CARD,2,True,True,True,0.08000000000000002,False
TX00864,C0231,5636.09,2026-06-30 00:00:44.245926,WALLET,SUCCESS,,0,True,False,False,,
TX00865,C0180,9208.6,2026-06-05 02:16:44.245926,WALLET,SUCCESS,,0,True,True,False,,
TX00866,C0411,6122.47,2026-08-22 15:02:44.245926,WALLET,FAILED,TIMEOUT,2,True,False,True,0.6499999999999999,True
TX00867,C0773,10331.04,2026-07-25 21:15:44.245926,WALLET,SUCCESS,,0,True,True,False,,
TX00868,C0095,11265.81,2026-06-16 01:03:44.245926,CARD,SUCCESS,,0,True,False,False,,
TX00869,C0444,3651.09,2026-07-22 01:22:44.245926,NETBANKING,SUCCESS,,0,True,False,False,,
TX00870,C0304,12760.71,2026-06-06 13:11:44.245926,CARD,SUCCESS,,0,True,False,False,,
TX00871,C0624,8134.24,2026-06-27 11:11:44.245926,CARD,SUCCESS,,0,True,False,False,,
TX00872,C0704,328.74,2026-07-13 07:43:44.245926,NETBANKING,FAILED,BANK_DECLINE,2,True,False,True,0.23000000000000004,False
TX00873,C0428,4328.32,2026-08-05 08:32:44.245926,WALLET,FAILED,BANK_DECLINE,1,True,False,True,0.33000000000000007,False
TX00874,C0299,4385.62,2026-07-12 16:19:44.245926,WALLET,SUCCESS,,0,True,False,False,,
TX00875,C0911,6060.33,2026-07-04 21:51:44.245926,UPI,SUCCESS,,0,True,True,False,,
TX00876,C0398,672.97,2026-08-10 13:39:44.245926,WALLET,SUCCESS,,0,True,True,False,,
TX00877,C0595,14379.3,2026-08-26 21:53:44.245926,CARD,SUCCESS,,0,True,True,False,,
TX00878,C0421,4868.85,2026-07-31 10:11:44.245926,NETBANKING,SUCCESS,,0,True,False,False,,
TX00879,C0906,6649.65,2026-06-06 15:09:44.245926,NETBANKING,SUCCESS,,0,True,False,False,,
TX00880,C0659,5214.25,2026-06-27 05:42:44.245926,UPI,SUCCESS,,0,True,True,False,,
TX00881,C0167,14394.4,2026-08-19 05:20:44.245926,WALLET,SUCCESS,,0,True,True,False,,
TX00882,C0508,11973.43,2026-08-29 07:53:44.245926,UPI,SUCCESS,,0,True,True,False,,
TX00883,C0286,6746.38,2026-06-13 03:40:44.245926,CARD,SUCCESS,,0,True,False,False,,
TX00884,C0562,1557.36,2026-06-09 23:15:44.245926,CARD,SUCCESS,,0,True,False,False,,
TX00885,C0948,13384.23,2026-08-06 13:21:44.245926,NETBANKING,SUCCESS,,0,True,True,False,,
TX00886,C0371,13811.0,2026-07-14 16:04:44.245926,WALLET,SUCCESS,,0,True,True,False,,
TX00887,C0003,6648.03,2026-06-13 17:07:44.245926,CARD,SUCCESS,,0,True,False,False,,
TX00888,C0055,4635.28,2026-07-09 03:59:44.245926,UPI,SUCCESS,,0,True,False,False,,
TX00889,C0262,6343.29,2026-08-22 03:23:44.245926,NETBANKING,FAILED,BANK_DECLINE,2,True,False,True,0.23000000000000004,False
TX00890,C0672,9417.1,2026-06-13 15:55:44.245926,CARD,SUCCESS,,0,True,False,False,,
TX00891,C0667,11809.06,2026-07-15 18:37:44.245926,NETBANKING,FAILED,BANK_DECLINE,2,True,False,True,0.23000000000000004,True
TX00892,C0665,11904.42,2026-06-22 01:38:44.245926,WALLET,SUCCESS,,0,True,False,False,,
TX00893,C0194,7780.8,2026-07-06 19:02:44.245926,CARD,SUCCESS,,0,True,False,False,,
TX00894,C0092,6835.98,2026-06-26 13:51:44.245926,NETBANKING,FAILED,NETWORK_ERROR,0,True,False,True,0.78,True
TX00895,C0965,11389.29,2026-07-02 18:29:44.245926,UPI,FAILED,BANK_DECLINE,2,True,False,True,0.23000000000000004,True
TX00896,C0236,5721.8,2026-06-05 04:20:44.245926,UPI,SUCCESS,,0,True,False,False,,
TX00897,C0056,2425.63,2026-06-26 01:15:44.245926,UPI,SUCCESS,,0,True,False,False,,
TX00898,C0336,12922.92,2026-07-12 20:41:44.245926,WALLET,SUCCESS,,0,True,False,False,,
TX00899,C0496,9716.16,2026-06-22 18:20:44.245926,CARD,FAILED,INSUFFICIENT_FUNDS,1,True,False,True,0.23,False
TX00900,C0470,10478.48,2026-08-20 23:55:44.245926,WALLET,SUCCESS,,0,True,False,False,,
TX00901,C0465,9356.72,2026-07-12 13:20:44.245926,NETBANKING,FAILED,TIMEOUT,0,True,True,True,0.9299999999999999,True
TX00902,C0695,354.35,2026-06-24 17:53:44.245926,CARD,SUCCESS,,0,True,False,False,,
TX00903,C0954,3433.14,2026-07-18 04:53:44.245926,NETBANKING,SUCCESS,,0,True,False,False,,
TX00904,C0704,5173.27,2026-08-10 19:24:44.245926,NETBANKING,FAILED,TIMEOUT,1,True,False,True,0.63,False
TX00905,C0893,741.26,2026-06-14 22:19:44.245926,WALLET,SUCCESS,,0,True,True,False,,
TX00906,C0985,9580.62,2026-08-26 12:31:44.245926,UPI,SUCCESS,,0,True,False,False,,
TX00907,C0303,736.38,2026-06-22 10:50:44.245926,WALLET,SUCCESS,,0,True,False,False,,
TX00908,C0448,4151.38,2026-06-20 07:24:44.245926,UPI,SUCCESS,,0,True,False,False,,
TX00909,C0237,2924.56,2026-06-06 09:38:44.245926,NETBANKING,SUCCESS,,0,True,True,False,,
TX00910,C0934,1787.5,2026-08-19 03:00:44.245926,UPI,SUCCESS,,0,True,False,False,,
TX00911,C0155,11874.99,2026-06-14 13:05:44.245926,UPI,SUCCESS,,0,True,False,False,,
TX00912,C0791,7006.19,2026-07-08 02:10:44.245926,WALLET,SUCCESS,,0,True,False,False,,
TX00913,C0740,14135.08,2026-09-01 09:11:44.245926,UPI,SUCCESS,,0,True,False,False,,
TX00914,C0139,6675.66,2026-08-08 03:45:44.245926,WALLET,SUCCESS,,0,True,True,False,,
TX00915,C0621,13885.09,2026-08-15 19:09:44.245926,WALLET,SUCCESS,,0,True,True,False,,
TX00916,C0926,10507.0,2026-07-03 09:15:44.245926,WALLET,SUCCESS,,0,True,False,False,,
TX00917,C0543,3894.88,2026-06-08 15:35:44.245926,WALLET,FAILED,INSUFFICIENT_FUNDS,2,True,False,True,0.25,False
TX00918,C0468,1082.91,2026-08-15 20:43:44.245926,UPI,SUCCESS,,0,True,False,False,,
TX00919,C0903,7771.56,2026-07-27 14:37:44.245926,WALLET,SUCCESS,,0,True,False,False,,
TX00920,C0205,1496.69,2026-07-17 06:52:44.245926,UPI,SUCCESS,,0,True,False,False,,
TX00921,C0991,2761.27,2026-07-09 18:32:44.245926,WALLET,SUCCESS,,0,True,False,False,,
TX00922,C0025,7784.63,2026-07-19 19:51:44.245926,WALLET,SUCCESS,,0,True,False,False,,
TX00923,C0849,10773.56,2026-07-22 06:36:44.245926,NETBANKING,SUCCESS,,0,True,False,False,,
TX00924,C0229,7573.44,2026-06-28 20:52:44.245926,CARD,SUCCESS,,0,True,False,False,,
TX00925,C0715,11922.18,2026-08-02 14:03:44.245926,CARD,SUCCESS,,0,True,True,False,,
TX00926,C0777,3284.11,2026-08-22 00:18:44.245926,UPI,SUCCESS,,0,True,True,False,,
TX00927,C0325,6547.84,2026-07-08 18:26:44.245926,WALLET,SUCCESS,,0,True,False,False,,
TX00928,C0269,5799.38,2026-07-24 13:22:44.245926,UPI,FAILED,NETWORK_ERROR,0,True,True,True,0.9,True
TX00929,C0767,7830.25,2026-07-05 01:30:44.245926,CARD,SUCCESS,,0,True,False,False,,
TX00930,C0641,6311.61,2026-08-16 16:09:44.245926,WALLET,SUCCESS,,0,True,False,False,,
TX00931,C0621,663.36,2026-07-14 15:33:44.245926,WALLET,SUCCESS,,0,True,True,False,,
TX00932,C0168,5578.67,2026-06-11 22:43:44.245926,WALLET,SUCCESS,,0,True,False,False,,
TX00933,C0222,8335.78,2026-06-11 13:25:44.245926,UPI,SUCCESS,,0,True,False,False,,
TX00934,C0754,1746.61,2026-06-10 22:32:44.245926,WALLET,FAILED,TIMEOUT,2,True,False,True,0.73,True
TX00935,C0689,12288.8,2026-08-05 15:53:44.245926,CARD,SUCCESS,,0,True,False,False,,
TX00936,C0569,9179.3,2026-06-16 23:51:44.245926,CARD,SUCCESS,,0,True,False,False,,
TX00937,C0264,11175.37,2026-08-26 11:48:44.245926,CARD,FAILED,TIMEOUT,1,True,False,True,0.63,True
TX00938,C0649,12381.36,2026-08-12 10:08:44.245926,CARD,FAILED,INSUFFICIENT_FUNDS,1,True,False,True,0.35,False
TX00939,C0996,3645.4,2026-08-09 06:50:44.245926,WALLET,SUCCESS,,0,True,False,False,,
TX00940,C0995,7882.63,2026-08-14 23:40:44.245926,CARD,SUCCESS,,0,True,False,False,,
TX00941,C0723,12271.65,2026-07-05 10:51:44.245926,CARD,SUCCESS,,0,True,False,False,,
TX00942,C0687,3061.34,2026-08-13 13:03:44.245926,NETBANKING,SUCCESS,,0,True,False,False,,
TX00943,C0579,6748.61,2026-08-21 01:58:44.245926,WALLET,SUCCESS,,0,True,False,False,,
TX00944,C0348,8789.37,2026-06-16 03:03:44.245926,NETBANKING,SUCCESS,,0,True,False,False,,
TX00945,C0863,7647.06,2026-08-03 09:57:44.245926,UPI,FAILED,EXPIRED_CARD,1,True,False,True,0.01,False
TX00946,C0363,10450.62,2026-07-01 17:15:44.245926,NETBANKING,SUCCESS,,0,True,False,False,,
TX00947,C0489,11844.76,2026-08-27 09:08:44.245926,WALLET,SUCCESS,,0,True,True,False,,
TX00948,C0371,14915.58,2026-07-26 03:54:44.245926,WALLET,FAILED,BANK_DECLINE,2,False,False,True,0.35000000000000003,False
TX00949,C0889,14245.78,2026-06-10 05:51:44.245926,UPI,SUCCESS,,0,True,False,False,,
TX00950,C0739,1896.98,2026-07-26 06:48:44.245926,WALLET,SUCCESS,,0,True,False,False,,
TX00951,C0585,4778.29,2026-06-20 01:09:44.245926,UPI,SUCCESS,,0,True,True,False,,
TX00952,C0836,771.27,2026-08-06 03:52:44.245926,CARD,SUCCESS,,0,True,False,False,,
TX00953,C0516,3225.28,2026-08-26 09:32:44.245926,CARD,SUCCESS,,0,True,False,False,,
TX00954,C0380,3725.68,2026-08-03 11:32:44.245926,UPI,SUCCESS,,0,True,False,False,,
TX00955,C0268,5719.19,2026-06-05 10:48:44.245926,NETBANKING,SUCCESS,,0,True,True,False,,
TX00956,C0360,6339.66,2026-06-18 17:43:44.245926,CARD,SUCCESS,,0,True,False,False,,
TX00957,C0358,6450.67,2026-08-11 02:06:44.245926,NETBANKING,SUCCESS,,0,True,True,False,,
TX00958,C0549,13025.78,2026-06-16 06:31:44.245926,UPI,FAILED,EXPIRED_CARD,1,True,False,True,0.18000000000000002,False
TX00959,C0196,14105.57,2026-07-27 22:04:44.245926,NETBANKING,SUCCESS,,0,True,True,False,,
TX00960,C0326,7046.66,2026-06-22 19:18:44.245926,NETBANKING,FAILED,NETWORK_ERROR,0,True,False,True,0.78,False
TX00961,C0991,5134.7,2026-07-26 06:10:44.245926,WALLET,SUCCESS,,0,True,False,False,,
TX00962,C0022,8769.15,2026-08-10 13:19:44.245926,NETBANKING,SUCCESS,,0,True,True,False,,
TX00963,C0643,13807.77,2026-07-06 00:14:44.245926,UPI,SUCCESS,,0,True,False,False,,
TX00964,C0470,4672.5,2026-07-30 05:51:44.245926,WALLET,SUCCESS,,0,True,False,False,,
TX00965,C0117,6401.28,2026-06-20 18:58:44.245926,UPI,FAILED,EXPIRED_CARD,2,True,False,True,0.01,False
TX00966,C0988,1704.35,2026-08-07 00:53:44.245926,WALLET,FAILED,FRAUD_SUSPECTED,0,False,False,False,0.01,False
TX00967,C0054,10099.86,2026-06-10 12:29:44.245926,CARD,SUCCESS,,0,True,False,False,,
TX00968,C0736,3493.65,2026-07-19 08:43:44.245926,WALLET,FAILED,TIMEOUT,2,True,False,True,0.53,True
TX00969,C0225,11758.81,2026-07-11 18:33:44.245926,WALLET,SUCCESS,,0,True,False,False,,
TX00970,C0103,7739.15,2026-07-16 12:18:44.245926,NETBANKING,SUCCESS,,0,True,True,False,,
TX00971,C0820,10231.64,2026-07-16 11:43:44.245926,NETBANKING,SUCCESS,,0,True,False,False,,
TX00972,C0136,12879.87,2026-07-10 13:13:44.245926,WALLET,SUCCESS,,0,True,True,False,,
TX00973,C0981,10723.76,2026-06-16 20:49:44.245926,NETBANKING,SUCCESS,,0,True,False,False,,
TX00974,C0653,7425.96,2026-06-10 15:44:44.245926,WALLET,SUCCESS,,0,True,True,False,,
TX00975,C0449,10789.65,2026-07-14 06:54:44.245926,NETBANKING,SUCCESS,,0,True,True,False,,
TX00976,C0279,12670.97,2026-06-19 23:20:44.245926,NETBANKING,FAILED,EXPIRED_CARD,2,True,False,True,0.01,False
TX00977,C0251,1440.5,2026-08-12 22:46:44.245926,NETBANKING,SUCCESS,,0,True,True,False,,
TX00978,C0225,6777.67,2026-06-20 15:23:44.245926,WALLET,SUCCESS,,0,True,True,False,,
TX00979,C0121,10223.15,2026-06-24 02:54:44.245926,NETBANKING,SUCCESS,,0,True,False,False,,
TX00980,C0554,9631.42,2026-07-22 00:55:44.245926,UPI,SUCCESS,,0,True,False,False,,
TX00981,C0542,13486.05,2026-07-10 00:00:44.245926,WALLET,SUCCESS,,0,True,False,False,,
TX00982,C0338,9093.62,2026-06-08 20:59:44.245926,UPI,SUCCESS,,0,True,False,False,,
TX00983,C0767,13953.66,2026-07-08 13:06:44.245926,CARD,SUCCESS,,0,True,False,False,,
TX00984,C0616,535.77,2026-06-06 23:43:44.245926,WALLET,SUCCESS,,0,True,False,False,,
TX00985,C0570,3124.63,2026-08-04 08:01:44.245926,UPI,SUCCESS,,0,True,True,False,,
TX00986,C0060,1720.07,2026-08-19 11:36:44.245926,NETBANKING,FAILED,EXPIRED_CARD,0,True,False,True,0.28,True
TX00987,C0612,5043.39,2026-07-31 11:55:44.245926,NETBANKING,FAILED,NETWORK_ERROR,0,False,False,True,0.9,True
TX00988,C0425,1856.51,2026-07-03 21:05:44.245926,UPI,SUCCESS,,0,True,True,False,,
TX00989,C0452,4948.73,2026-07-09 20:52:44.245926,WALLET,SUCCESS,,0,True,True,False,,
TX00990,C0501,9972.04,2026-06-29 18:58:44.245926,CARD,SUCCESS,,0,True,False,False,,
TX00991,C0955,1289.77,2026-06-24 08:08:44.245926,WALLET,SUCCESS,,0,True,False,False,,
TX00992,C0678,7643.77,2026-06-13 17:05:44.245926,CARD,SUCCESS,,0,True,False,False,,
TX00993,C0672,13856.69,2026-07-26 06:07:44.245926,CARD,SUCCESS,,0,True,True,False,,
TX00994,C0878,9118.05,2026-09-01 18:37:44.245926,UPI,FAILED,BANK_DECLINE,1,True,False,True,0.33000000000000007,False
TX00995,C0757,9639.7,2026-08-23 21:44:44.245926,UPI,SUCCESS,,0,True,False,False,,
TX00996,C0175,10095.65,2026-06-10 14:10:44.245926,NETBANKING,FAILED,TIMEOUT,2,False,False,True,0.53,True
TX00997,C0669,7700.27,2026-08-07 13:58:44.245926,CARD,SUCCESS,,0,True,False,False,,
TX00998,C0118,9360.33,2026-08-25 01:43:44.245926,WALLET,SUCCESS,,0,True,True,False,,
TX00999,C0288,6598.92,2026-06-26 14:43:44.245926,NETBANKING,SUCCESS,,0,True,False,False,,
TX01000,C0065,5805.5,2026-07-01 10:38:44.245926,CARD,SUCCESS,,0,True,True,False,,
TX01001,C0359,9737.97,2026-06-26 02:44:44.245926,WALLET,SUCCESS,,0,True,False,False,,
TX01002,C0687,14204.38,2026-08-10 17:36:44.245926,NETBANKING,SUCCESS,,0,True,False,False,,
TX01003,C0920,4967.82,2026-08-15 01:50:44.245926,WALLET,SUCCESS,,0,True,False,False,,
TX01004,C0943,14670.24,2026-08-02 10:21:44.245926,WALLET,SUCCESS,,0,True,False,False,,
TX01005,C0178,3666.45,2026-08-10 03:40:44.245926,UPI,SUCCESS,,0,True,False,False,,
TX01006,C0572,8227.88,2026-08-25 23:15:44.245926,CARD,SUCCESS,,0,True,False,False,,
TX01007,C0846,12081.34,2026-08-06 19:43:44.245926,NETBANKING,FAILED,INSUFFICIENT_FUNDS,2,False,True,True,0.33,False
TX01008,C1000,1249.87,2026-07-19 04:41:44.245926,CARD,FAILED,NETWORK_ERROR,0,True,False,True,0.78,False
TX01009,C0819,2853.03,2026-07-24 09:39:44.245926,WALLET,SUCCESS,,0,True,False,False,,
TX01010,C0525,3773.76,2026-06-11 13:26:44.245926,UPI,FAILED,TIMEOUT,1,True,True,True,0.75,True
TX01011,C0690,3959.85,2026-06-30 10:02:44.245926,NETBANKING,SUCCESS,,0,True,False,False,,
TX01012,C0423,3260.59,2026-08-21 22:40:44.245926,UPI,FAILED,INSUFFICIENT_FUNDS,0,False,False,True,0.45,True
TX01013,C0182,6513.65,2026-07-29 21:55:44.245926,CARD,SUCCESS,,0,True,False,False,,
TX01014,C0023,12348.18,2026-08-15 16:14:44.245926,WALLET,SUCCESS,,0,True,False,False,,
TX01015,C0488,6582.74,2026-06-12 00:30:44.245926,WALLET,SUCCESS,,0,True,False,False,,
TX01016,C0588,9049.2,2026-06-18 08:28:44.245926,WALLET,FAILED,BANK_DECLINE,0,True,False,True,0.55,True
TX01017,C0183,9208.57,2026-06-10 23:50:44.245926,CARD,SUCCESS,,0,True,False,False,,
TX01018,C0589,3177.02,2026-08-26 20:00:44.245926,WALLET,SUCCESS,,0,True,True,False,,
TX01019,C0567,7660.29,2026-08-09 11:13:44.245926,CARD,SUCCESS,,0,True,False,False,,
TX01020,C0732,6412.56,2026-07-10 08:48:44.245926,NETBANKING,SUCCESS,,0,True,False,False,,
TX01021,C0374,7496.4,2026-08-01 19:04:44.245926,WALLET,SUCCESS,,0,True,False,False,,
TX01022,C0004,13309.49,2026-08-27 07:57:44.245926,CARD,SUCCESS,,0,True,True,False,,
TX01023,C0062,2686.73,2026-08-12 21:22:44.245926,UPI,FAILED,TIMEOUT,1,True,False,True,0.83,True
TX01024,C0780,9634.2,2026-07-07 22:59:44.245926,CARD,FAILED,INSUFFICIENT_FUNDS,2,True,True,True,0.13,False
TX01025,C0593,13845.59,2026-07-07 08:12:44.245926,NETBANKING,SUCCESS,,0,True,False,False,,
TX01026,C0881,10552.83,2026-08-02 04:26:44.245926,CARD,SUCCESS,,0,True,True,False,,
TX01027,C0673,14180.7,2026-06-17 20:36:44.245926,CARD,SUCCESS,,0,True,False,False,,
TX01028,C0825,14291.14,2026-08-20 01:00:44.245926,CARD,SUCCESS,,0,True,True,False,,
TX01029,C0185,1656.9,2026-08-08 05:13:44.245926,WALLET,SUCCESS,,0,True,False,False,,
TX01030,C0120,8916.56,2026-08-25 10:56:44.245926,UPI,SUCCESS,,0,True,True,False,,
TX01031,C0445,13177.29,2026-06-19 12:55:44.245926,UPI,SUCCESS,,0,True,False,False,,
TX01032,C0855,4742.63,2026-08-31 12:37:44.245926,WALLET,SUCCESS,,0,True,False,False,,
TX01033,C0266,8915.37,2026-08-10 05:59:44.245926,UPI,FAILED,TIMEOUT,2,False,False,True,0.53,True
TX01034,C0055,12269.15,2026-06-28 22:22:44.245926,UPI,SUCCESS,,0,True,False,False,,
TX01035,C0199,6150.16,2026-07-02 11:44:44.245926,NETBANKING,FAILED,NETWORK_ERROR,0,True,True,True,0.98,True
TX01036,C0592,8016.94,2026-08-03 00:30:44.245926,CARD,SUCCESS,,0,True,False,False,,
TX01037,C0263,2893.1,2026-06-21 09:52:44.245926,WALLET,SUCCESS,,0,True,False,False,,
TX01038,C0179,2975.17,2026-08-29 18:40:44.245926,NETBANKING,SUCCESS,,0,True,True,False,,
TX01039,C0462,3424.83,2026-06-22 17:38:44.245926,WALLET,SUCCESS,,0,True,True,False,,
TX01040,C0370,11459.72,2026-06-28 01:14:44.245926,UPI,SUCCESS,,0,True,False,False,,
TX01041,C0573,6778.74,2026-08-26 13:05:44.245926,CARD,FAILED,BANK_DECLINE,2,True,False,True,0.35000000000000003,True
TX01042,C0513,5329.63,2026-07-27 18:02:44.245926,WALLET,SUCCESS,,0,True,True,False,,
TX01043,C0795,11479.84,2026-06-05 07:27:44.245926,NETBANKING,SUCCESS,,0,True,True,False,,
TX01044,C0990,406.23,2026-07-27 11:03:44.245926,UPI,FAILED,INSUFFICIENT_FUNDS,0,True,True,True,0.33,False
TX01045,C0256,14807.38,2026-08-12 17:54:44.245926,CARD,SUCCESS,,0,True,False,False,,
TX01046,C0461,11426.6,2026-07-29 10:57:44.245926,CARD,SUCCESS,,0,True,False,False,,
TX01047,C0413,13385.24,2026-07-03 03:18:44.245926,CARD,SUCCESS,,0,True,False,False,,
TX01048,C0359,10076.65,2026-07-08 21:23:44.245926,WALLET,FAILED,BANK_DECLINE,1,False,True,True,0.53,False
TX01049,C0329,6206.58,2026-08-19 11:41:44.245926,CARD,SUCCESS,,0,True,False,False,,
TX01050,C0897,9148.06,2026-08-22 13:03:44.245926,NETBANKING,SUCCESS,,0,True,False,False,,
TX01051,C0011,11346.16,2026-06-27 01:37:44.245926,NETBANKING,FAILED,TIMEOUT,2,True,False,True,0.6499999999999999,False
TX01052,C0569,346.0,2026-08-01 12:34:44.245926,CARD,FAILED,FRAUD_SUSPECTED,1,True,True,False,0.01,False
TX01053,C0916,5085.22,2026-07-14 21:17:44.245926,NETBANKING,FAILED,NETWORK_ERROR,1,True,True,True,0.8,True
TX01054,C0920,13992.81,2026-08-28 04:08:44.245926,WALLET,SUCCESS,,0,True,False,False,,
TX01055,C0792,10582.65,2026-06-13 14:07:44.245926,WALLET,FAILED,INSUFFICIENT_FUNDS,1,True,False,True,0.23,False
TX01056,C0676,11837.47,2026-08-08 16:15:44.245926,WALLET,FAILED,BANK_DECLINE,0,True,False,True,0.43000000000000005,True
TX01057,C0680,14812.13,2026-07-16 22:25:44.245926,WALLET,FAILED,NETWORK_ERROR,1,False,False,True,0.88,True
TX01058,C0391,2805.37,2026-08-29 09:20:44.245926,UPI,SUCCESS,,0,True,False,False,,
TX01059,C0943,6692.93,2026-08-08 14:17:44.245926,WALLET,SUCCESS,,0,True,True,False,,
TX01060,C0433,5099.56,2026-07-09 08:25:44.245926,NETBANKING,FAILED,INSUFFICIENT_FUNDS,0,True,False,True,0.45,False
TX01061,C0514,10082.5,2026-08-27 10:25:44.245926,WALLET,FAILED,BANK_DECLINE,2,True,False,True,0.23000000000000004,False
TX01062,C0242,8766.79,2026-08-27 12:51:44.245926,CARD,SUCCESS,,0,True,False,False,,
TX01063,C0550,5842.05,2026-08-08 17:57:44.245926,UPI,SUCCESS,,0,True,False,False,,
TX01064,C0670,9912.62,2026-08-14 21:43:44.245926,WALLET,SUCCESS,,0,True,False,False,,
TX01065,C0145,12184.18,2026-06-24 19:02:44.245926,UPI,FAILED,TIMEOUT,1,True,False,True,0.75,True
TX01066,C0931,11245.88,2026-06-15 00:19:44.245926,CARD,FAILED,BANK_DECLINE,0,False,False,True,0.63,False
TX01067,C0250,1209.71,2026-07-23 04:43:44.245926,WALLET,SUCCESS,,0,True,True,False,,
TX01068,C0263,6528.37,2026-08-13 15:34:44.245926,WALLET,SUCCESS,,0,True,False,False,,
TX01069,C0474,12009.51,2026-07-21 18:05:44.245926,UPI,SUCCESS,,0,True,False,False,,
TX01070,C0769,1866.81,2026-06-05 06:45:44.245926,NETBANKING,SUCCESS,,0,True,False,False,,
TX01071,C0853,2427.1,2026-08-29 06:27:44.245926,WALLET,SUCCESS,,0,True,False,False,,
TX01072,C0437,10295.72,2026-06-17 20:44:44.245926,WALLET,SUCCESS,,0,True,False,False,,
TX01073,C0017,10080.66,2026-08-16 09:07:44.245926,CARD,SUCCESS,,0,True,False,False,,
TX01074,C0430,5006.05,2026-07-20 04:08:44.245926,UPI,SUCCESS,,0,True,False,False,,
TX01075,C0971,14953.67,2026-08-07 18:06:44.245926,WALLET,SUCCESS,,0,True,False,False,,
TX01076,C0647,3470.86,2026-06-30 23:27:44.245926,WALLET,FAILED,INSUFFICIENT_FUNDS,1,True,True,True,0.23,False
TX01077,C0319,12766.63,2026-08-28 11:58:44.245926,NETBANKING,SUCCESS,,0,True,False,False,,
TX01078,C0562,1072.72,2026-08-22 05:14:44.245926,CARD,SUCCESS,,0,True,False,False,,
TX01079,C0842,10992.71,2026-07-01 16:04:44.245926,UPI,FAILED,FRAUD_SUSPECTED,2,False,True,False,0.01,False
TX01080,C0690,6509.83,2026-07-17 12:53:44.245926,NETBANKING,SUCCESS,,0,True,False,False,,
TX01081,C0779,6048.63,2026-07-22 11:46:44.245926,NETBANKING,SUCCESS,,0,True,False,False,,
TX01082,C0728,13869.04,2026-08-07 06:16:44.245926,NETBANKING,SUCCESS,,0,True,False,False,,
TX01083,C0612,2224.24,2026-08-11 22:02:44.245926,NETBANKING,SUCCESS,,0,True,False,False,,
TX01084,C0471,1095.61,2026-08-28 12:17:44.245926,UPI,FAILED,INSUFFICIENT_FUNDS,1,True,False,True,0.35,False
TX01085,C0227,13489.11,2026-06-23 12:55:44.245926,WALLET,SUCCESS,,0,True,True,False,,
TX01086,C0216,11109.19,2026-06-05 06:38:44.245926,UPI,SUCCESS,,0,True,False,False,,
TX01087,C0546,1798.63,2026-08-14 22:37:44.245926,UPI,FAILED,FRAUD_SUSPECTED,0,True,False,False,0.03,False
TX01088,C0178,1128.07,2026-07-06 19:28:44.245926,UPI,SUCCESS,,0,True,False,False,,
TX01089,C0536,1071.34,2026-09-01 16:07:44.245926,UPI,SUCCESS,,0,True,False,False,,
TX01090,C0925,6677.18,2026-06-17 23:14:44.245926,UPI,SUCCESS,,0,True,False,False,,
TX01091,C0605,799.69,2026-06-26 08:50:44.245926,WALLET,SUCCESS,,0,True,False,False,,
TX01092,C0394,9063.49,2026-06-20 03:29:44.245926,CARD,SUCCESS,,0,True,False,False,,
TX01093,C0758,10469.38,2026-08-15 20:05:44.245926,NETBANKING,SUCCESS,,0,True,False,False,,
TX01094,C0921,7116.0,2026-08-17 22:03:44.245926,CARD,SUCCESS,,0,True,False,False,,
TX01095,C0293,9901.97,2026-07-07 21:06:44.245926,NETBANKING,SUCCESS,,0,True,True,False,,
TX01096,C0290,2094.16,2026-08-01 19:51:44.245926,WALLET,SUCCESS,,0,True,False,False,,
TX01097,C0142,638.49,2026-07-26 14:22:44.245926,UPI,SUCCESS,,0,True,False,False,,
TX01098,C0837,10497.77,2026-06-13 01:14:44.245926,UPI,SUCCESS,,0,True,False,False,,
TX01099,C0616,7417.61,2026-08-02 02:49:44.245926,WALLET,SUCCESS,,0,True,False,False,,
TX01100,C0079,2140.98,2026-07-04 01:09:44.245926,NETBANKING,SUCCESS,,0,True,True,False,,
TX01101,C0695,11989.8,2026-06-21 06:34:44.245926,CARD,SUCCESS,,0,True,False,False,,
TX01102,C0278,6088.81,2026-08-17 20:27:44.245926,WALLET,SUCCESS,,0,True,False,False,,
TX01103,C0813,7481.88,2026-07-21 16:14:44.245926,CARD,SUCCESS,,0,True,False,False,,
TX01104,C0437,12336.77,2026-08-02 18:20:44.245926,WALLET,SUCCESS,,0,True,True,False,,
TX01105,C0439,14495.51,2026-08-25 03:31:44.245926,WALLET,SUCCESS,,0,True,True,False,,
TX01106,C0926,10519.67,2026-06-04 22:18:44.245926,WALLET,FAILED,BANK_DECLINE,1,True,True,True,0.33000000000000007,True
TX01107,C0315,8568.69,2026-08-20 22:42:44.245926,NETBANKING,SUCCESS,,0,True,False,False,,
TX01108,C0553,2133.34,2026-07-01 14:56:44.245926,CARD,SUCCESS,,0,True,False,False,,
TX01109,C0877,6518.85,2026-08-29 11:33:44.245926,NETBANKING,SUCCESS,,0,True,False,False,,
TX01110,C0437,978.64,2026-08-29 12:48:44.245926,WALLET,SUCCESS,,0,True,False,False,,
TX01111,C0031,9989.62,2026-07-14 22:37:44.245926,WALLET,SUCCESS,,0,True,True,False,,
TX01112,C0471,4900.16,2026-08-26 08:19:44.245926,UPI,SUCCESS,,0,True,False,False,,
TX01113,C0449,8211.68,2026-06-23 13:05:44.245926,NETBANKING,SUCCESS,,0,True,False,False,,
TX01114,C0666,957.61,2026-06-07 18:55:44.245926,NETBANKING,SUCCESS,,0,True,True,False,,
TX01115,C0928,12539.63,2026-08-30 14:12:44.245926,WALLET,SUCCESS,,0,True,True,False,,
TX01116,C0783,8999.21,2026-06-29 16:39:44.245926,WALLET,SUCCESS,,0,True,True,False,,
TX01117,C0581,1393.09,2026-06-27 15:40:44.245926,NETBANKING,SUCCESS,,0,True,False,False,,
TX01118,C0274,2700.79,2026-07-15 22:58:44.245926,CARD,SUCCESS,,0,True,True,False,,
TX01119,C0680,6552.55,2026-08-06 15:52:44.245926,WALLET,SUCCESS,,0,True,True,False,,
TX01120,C0401,9554.65,2026-06-28 23:11:44.245926,CARD,SUCCESS,,0,True,False,False,,
TX01121,C0714,3131.62,2026-07-08 07:38:44.245926,UPI,SUCCESS,,0,True,False,False,,
TX01122,C0158,7817.98,2026-06-19 09:02:44.245926,WALLET,SUCCESS,,0,True,False,False,,
TX01123,C0130,14889.0,2026-07-13 21:57:44.245926,WALLET,SUCCESS,,0,True,False,False,,
TX01124,C0428,3938.22,2026-06-29 00:46:44.245926,WALLET,FAILED,NETWORK_ERROR,0,True,False,True,0.78,True
TX01125,C0733,13665.91,2026-08-14 06:24:44.245926,CARD,SUCCESS,,0,True,False,False,,
TX01126,C0749,3618.75,2026-06-05 08:13:44.245926,WALLET,SUCCESS,,0,True,True,False,,
TX01127,C0285,3566.72,2026-08-30 01:53:44.245926,CARD,FAILED,NETWORK_ERROR,0,True,False,True,0.9,True
TX01128,C0942,7497.39,2026-07-22 14:12:44.245926,NETBANKING,FAILED,TIMEOUT,2,False,False,True,0.6499999999999999,True
TX01129,C0459,2809.99,2026-08-29 14:21:44.245926,WALLET,SUCCESS,,0,True,False,False,,
TX01130,C0877,12149.45,2026-08-05 03:23:44.245926,NETBANKING,SUCCESS,,0,True,False,False,,
TX01131,C0176,9040.87,2026-08-20 18:43:44.245926,CARD,SUCCESS,,0,True,False,False,,
TX01132,C0306,4108.2,2026-08-05 22:42:44.245926,NETBANKING,SUCCESS,,0,True,False,False,,
TX01133,C0867,2157.61,2026-07-08 22:11:44.245926,NETBANKING,SUCCESS,,0,True,False,False,,
TX01134,C0438,13801.09,2026-08-01 15:01:44.245926,UPI,SUCCESS,,0,True,False,False,,
TX01135,C0586,3961.94,2026-07-29 20:24:44.245926,CARD,SUCCESS,,0,True,False,False,,
TX01136,C0269,6752.71,2026-07-06 16:00:44.245926,UPI,SUCCESS,,0,True,False,False,,
TX01137,C0054,4354.6,2026-07-13 09:09:44.245926,CARD,SUCCESS,,0,True,False,False,,
TX01138,C0957,13880.04,2026-06-25 06:25:44.245926,CARD,SUCCESS,,0,True,False,False,,
TX01139,C0958,14227.58,2026-07-11 10:43:44.245926,CARD,SUCCESS,,0,True,False,False,,
TX01140,C0256,9629.75,2026-06-11 10:13:44.245926,CARD,SUCCESS,,0,True,False,False,,
TX01141,C0174,2727.16,2026-06-09 16:06:44.245926,NETBANKING,FAILED,NETWORK_ERROR,1,True,False,True,0.88,True
TX01142,C0640,6532.56,2026-07-20 17:55:44.245926,CARD,FAILED,FRAUD_SUSPECTED,0,True,False,False,0.03,False
TX01143,C0262,10558.86,2026-07-11 08:26:44.245926,NETBANKING,FAILED,NETWORK_ERROR,0,False,False,True,0.78,True
TX01144,C0032,11320.12,2026-06-26 16:12:44.245926,NETBANKING,SUCCESS,,0,True,False,False,,
TX01145,C0389,13830.75,2026-08-23 13:47:44.245926,UPI,SUCCESS,,0,True,False,False,,
TX01146,C0249,922.63,2026-07-15 06:46:44.245926,CARD,SUCCESS,,0,True,False,False,,
TX01147,C0608,13264.38,2026-07-22 02:19:44.245926,UPI,SUCCESS,,0,True,False,False,,
TX01148,C0038,5695.65,2026-06-16 13:55:44.245926,UPI,SUCCESS,,0,True,False,False,,
TX01149,C0546,6514.02,2026-07-08 22:49:44.245926,UPI,FAILED,NETWORK_ERROR,0,True,False,True,0.9,True
TX01150,C0816,12909.75,2026-06-30 20:20:44.245926,UPI,FAILED,TIMEOUT,1,True,False,True,0.75,True
TX01151,C0690,13868.93,2026-08-28 00:21:44.245926,NETBANKING,SUCCESS,,0,True,False,False,,
TX01152,C0222,12438.19,2026-06-07 16:04:44.245926,UPI,SUCCESS,,0,True,False,False,,
TX01153,C0056,12770.77,2026-06-09 16:17:44.245926,UPI,FAILED,TIMEOUT,2,True,True,True,0.6499999999999999,True
TX01154,C0099,10919.77,2026-07-11 01:00:44.245926,NETBANKING,SUCCESS,,0,True,False,False,,
TX01155,C1000,7533.08,2026-06-12 03:48:44.245926,CARD,SUCCESS,,0,True,False,False,,
TX01156,C0616,6337.57,2026-08-26 13:24:44.245926,WALLET,FAILED,BANK_DECLINE,0,True,False,True,0.55,True
TX01157,C0851,5658.09,2026-08-24 15:42:44.245926,NETBANKING,SUCCESS,,0,True,True,False,,
TX01158,C0851,1897.82,2026-07-14 08:45:44.245926,NETBANKING,SUCCESS,,0,True,False,False,,
TX01159,C0336,2356.15,2026-08-11 10:43:44.245926,WALLET,SUCCESS,,0,True,False,False,,
TX01160,C0339,13096.56,2026-06-22 12:14:44.245926,NETBANKING,SUCCESS,,0,True,True,False,,
TX01161,C0359,2265.1,2026-07-12 18:29:44.245926,WALLET,SUCCESS,,0,True,False,False,,
TX01162,C0473,2656.59,2026-06-22 13:23:44.245926,CARD,FAILED,FRAUD_SUSPECTED,2,False,False,False,0.01,False
TX01163,C0555,10321.53,2026-06-16 01:04:44.245926,NETBANKING,SUCCESS,,0,True,False,False,,
TX01164,C0590,13261.97,2026-07-20 03:00:44.245926,NETBANKING,SUCCESS,,0,True,False,False,,
TX01165,C0774,12436.9,2026-06-16 09:46:44.245926,WALLET,SUCCESS,,0,True,True,False,,
TX01166,C0478,610.94,2026-06-18 14:28:44.245926,NETBANKING,SUCCESS,,0,True,False,False,,
TX01167,C0862,10361.23,2026-06-09 04:21:44.245926,NETBANKING,SUCCESS,,0,True,False,False,,
TX01168,C0293,14653.65,2026-08-10 13:37:44.245926,NETBANKING,SUCCESS,,0,True,True,False,,
TX01169,C0350,4448.68,2026-06-11 23:09:44.245926,UPI,SUCCESS,,0,True,False,False,,
TX01170,C0677,2541.69,2026-07-20 23:30:44.245926,WALLET,SUCCESS,,0,True,True,False,,
TX01171,C0335,1990.79,2026-06-28 10:22:44.245926,NETBANKING,SUCCESS,,0,True,False,False,,
TX01172,C0379,12362.96,2026-06-22 12:07:44.245926,NETBANKING,SUCCESS,,0,True,False,False,,
TX01173,C0597,1815.05,2026-08-09 22:23:44.245926,WALLET,SUCCESS,,0,True,False,False,,
TX01174,C0807,14890.51,2026-07-28 06:10:44.245926,NETBANKING,SUCCESS,,0,True,False,False,,
TX01175,C0965,2070.78,2026-07-10 23:17:44.245926,UPI,SUCCESS,,0,True,True,False,,
TX01176,C1000,13957.75,2026-07-13 05:57:44.245926,CARD,FAILED,NETWORK_ERROR,0,True,False,True,0.78,True
TX01177,C0682,9609.66,2026-06-25 12:14:44.245926,UPI,SUCCESS,,0,True,True,False,,
TX01178,C0860,1201.84,2026-07-13 07:38:44.245926,CARD,SUCCESS,,0,True,False,False,,
TX01179,C0042,4257.92,2026-06-29 23:34:44.245926,CARD,SUCCESS,,0,True,False,False,,
TX01180,C0859,3930.44,2026-08-24 22:04:44.245926,UPI,FAILED,NETWORK_ERROR,0,True,False,True,0.78,True
TX01181,C0300,4418.34,2026-07-29 15:39:44.245926,UPI,SUCCESS,,0,True,True,False,,
TX01182,C0845,14240.42,2026-07-07 12:56:44.245926,CARD,SUCCESS,,0,True,False,False,,
TX01183,C0508,10133.53,2026-08-05 14:38:44.245926,UPI,SUCCESS,,0,True,False,False,,
TX01184,C0373,5168.81,2026-08-10 22:03:44.245926,CARD,FAILED,EXPIRED_CARD,2,True,False,True,0.01,False
TX01185,C0024,3387.49,2026-07-09 09:39:44.245926,NETBANKING,SUCCESS,,0,True,True,False,,
TX01186,C0467,9554.51,2026-07-29 05:24:44.245926,NETBANKING,SUCCESS,,0,True,True,False,,
TX01187,C0336,13709.0,2026-08-03 00:08:44.245926,WALLET,SUCCESS,,0,True,False,False,,
TX01188,C0116,6852.82,2026-06-13 10:09:44.245926,WALLET,SUCCESS,,0,True,True,False,,
TX01189,C0892,5340.6,2026-08-09 11:14:44.245926,CARD,SUCCESS,,0,True,False,False,,
TX01190,C0566,8143.3,2026-06-18 10:23:44.245926,WALLET,SUCCESS,,0,True,True,False,,
TX01191,C0366,8392.29,2026-06-27 10:20:44.245926,UPI,SUCCESS,,0,True,False,False,,
TX01192,C0655,12737.49,2026-07-25 10:46:44.245926,NETBANKING,SUCCESS,,0,True,False,False,,
TX01193,C0618,6892.69,2026-08-08 17:42:44.245926,CARD,FAILED,NETWORK_ERROR,1,True,False,True,0.8,True
TX01194,C0449,621.56,2026-07-28 23:33:44.245926,NETBANKING,SUCCESS,,0,True,False,False,,
TX01195,C0967,4557.95,2026-08-30 10:40:44.245926,UPI,FAILED,BANK_DECLINE,2,True,False,True,0.35000000000000003,False
TX01196,C0553,7848.27,2026-06-11 06:29:44.245926,CARD,SUCCESS,,0,True,True,False,,
TX01197,C0761,5947.01,2026-08-14 09:14:44.245926,WALLET,SUCCESS,,0,True,False,False,,
TX01198,C0684,3341.79,2026-06-04 18:32:44.245926,NETBANKING,SUCCESS,,0,True,True,False,,
TX01199,C0190,10541.81,2026-08-23 11:13:44.245926,WALLET,SUCCESS,,0,True,False,False,,
TX01200,C0499,7706.12,2026-08-09 00:48:44.245926,NETBANKING,SUCCESS,,0,True,False,False,,
TX01201,C0828,3538.94,2026-08-07 21:53:44.245926,NETBANKING,SUCCESS,,0,True,False,False,,
TX01202,C0904,3591.76,2026-07-23 00:16:44.245926,NETBANKING,SUCCESS,,0,True,True,False,,
TX01203,C0507,2477.65,2026-08-23 20:56:44.245926,CARD,SUCCESS,,0,True,False,False,,
TX01204,C0516,13138.73,2026-06-09 03:13:44.245926,CARD,SUCCESS,,0,True,False,False,,
TX01205,C0977,12404.13,2026-07-23 02:31:44.245926,WALLET,SUCCESS,,0,True,True,False,,
TX01206,C0527,9600.44,2026-08-31 22:31:44.245926,WALLET,SUCCESS,,0,True,False,False,,
TX01207,C0605,10670.29,2026-07-24 10:35:44.245926,WALLET,SUCCESS,,0,True,False,False,,
TX01208,C0597,13505.54,2026-07-01 06:53:44.245926,WALLET,SUCCESS,,0,True,False,False,,
TX01209,C0580,12294.06,2026-08-18 10:35:44.245926,WALLET,SUCCESS,,0,True,False,False,,
TX01210,C0149,4411.44,2026-06-27 17:53:44.245926,UPI,SUCCESS,,0,True,False,False,,
TX01211,C0250,14687.81,2026-08-14 06:39:44.245926,WALLET,SUCCESS,,0,True,False,False,,
TX01212,C0206,10922.25,2026-08-06 01:53:44.245926,WALLET,SUCCESS,,0,True,False,False,,
TX01213,C0869,13089.38,2026-08-01 04:20:44.245926,WALLET,SUCCESS,,0,True,False,False,,
TX01214,C0952,6800.12,2026-07-03 23:02:44.245926,CARD,SUCCESS,,0,True,False,False,,
TX01215,C0822,12173.67,2026-08-11 23:24:44.245926,CARD,SUCCESS,,0,True,False,False,,
TX01216,C0498,11028.24,2026-07-13 22:33:44.245926,WALLET,SUCCESS,,0,True,False,False,,
TX01217,C0225,1677.26,2026-06-20 23:12:44.245926,WALLET,FAILED,BANK_DECLINE,0,True,False,True,0.55,True
TX01218,C0262,609.4,2026-06-19 06:35:44.245926,NETBANKING,FAILED,EXPIRED_CARD,1,True,True,True,0.01,False
TX01219,C0321,6988.86,2026-08-02 03:58:44.245926,UPI,SUCCESS,,0,True,False,False,,
TX01220,C0534,8043.64,2026-08-09 14:19:44.245926,WALLET,SUCCESS,,0,True,False,False,,
TX01221,C0506,1766.03,2026-07-09 09:31:44.245926,UPI,SUCCESS,,0,True,True,False,,
TX01222,C0460,11522.65,2026-08-02 02:34:44.245926,CARD,FAILED,FRAUD_SUSPECTED,0,True,True,False,0.01,False
TX01223,C0907,498.4,2026-08-31 09:43:44.245926,CARD,SUCCESS,,0,True,True,False,,
TX01224,C0940,8272.84,2026-08-17 22:11:44.245926,UPI,SUCCESS,,0,True,False,False,,
TX01225,C0744,3274.13,2026-07-18 04:11:44.245926,UPI,SUCCESS,,0,True,False,False,,
TX01226,C0042,12287.33,2026-07-02 10:10:44.245926,CARD,FAILED,TIMEOUT,0,True,False,True,0.73,True
TX01227,C0916,611.76,2026-06-08 11:57:44.245926,NETBANKING,SUCCESS,,0,True,True,False,,
TX01228,C0420,7819.67,2026-08-19 14:00:44.245926,WALLET,SUCCESS,,0,True,False,False,,
TX01229,C0504,3597.4,2026-06-25 01:51:44.245926,CARD,SUCCESS,,0,True,False,False,,
TX01230,C0227,9933.86,2026-06-25 00:08:44.245926,WALLET,SUCCESS,,0,True,False,False,,
TX01231,C0038,10395.46,2026-08-08 12:17:44.245926,UPI,SUCCESS,,0,True,False,False,,
TX01232,C0328,2792.52,2026-06-14 11:16:44.245926,WALLET,SUCCESS,,0,True,True,False,,
TX01233,C0305,4442.67,2026-06-11 09:20:44.245926,UPI,FAILED,BANK_DECLINE,0,True,True,True,0.55,False
TX01234,C0754,2521.21,2026-07-13 11:02:44.245926,WALLET,SUCCESS,,0,True,False,False,,
TX01235,C0940,10287.67,2026-06-18 02:50:44.245926,UPI,SUCCESS,,0,True,False,False,,
TX01236,C0622,9483.95,2026-06-30 13:39:44.245926,UPI,SUCCESS,,0,True,False,False,,
TX01237,C0559,13768.65,2026-08-03 16:15:44.245926,UPI,SUCCESS,,0,True,False,False,,
TX01238,C0564,13632.67,2026-08-16 03:26:44.245926,WALLET,SUCCESS,,0,True,True,False,,
TX01239,C0514,14016.5,2026-06-17 23:23:44.245926,WALLET,SUCCESS,,0,True,False,False,,
TX01240,C0244,2472.37,2026-07-15 02:30:44.245926,CARD,SUCCESS,,0,True,False,False,,
TX01241,C0992,7332.95,2026-06-10 13:43:44.245926,CARD,FAILED,NETWORK_ERROR,1,False,True,True,0.68,True
TX01242,C0704,2973.52,2026-07-09 11:46:44.245926,NETBANKING,FAILED,TIMEOUT,1,True,False,True,0.63,False
TX01243,C0643,5201.94,2026-08-16 10:59:44.245926,UPI,SUCCESS,,0,True,False,False,,
TX01244,C0306,5932.82,2026-07-24 10:43:44.245926,NETBANKING,FAILED,BANK_DECLINE,2,True,True,True,0.43,False
TX01245,C0299,10809.34,2026-07-22 09:48:44.245926,WALLET,SUCCESS,,0,True,False,False,,
TX01246,C0016,11299.77,2026-08-07 10:36:44.245926,NETBANKING,SUCCESS,,0,True,True,False,,
TX01247,C0019,3288.21,2026-08-20 20:50:44.245926,CARD,SUCCESS,,0,True,True,False,,
TX01248,C0664,14376.95,2026-08-27 06:25:44.245926,WALLET,SUCCESS,,0,True,True,False,,
TX01249,C0929,5604.62,2026-08-20 18:04:44.245926,WALLET,FAILED,EXPIRED_CARD,0,True,False,True,0.2,True
TX01250,C0235,13720.42,2026-06-26 12:25:44.245926,NETBANKING,FAILED,NETWORK_ERROR,0,True,False,True,0.78,True
TX01251,C0015,5848.67,2026-06-06 20:14:44.245926,NETBANKING,SUCCESS,,0,True,False,False,,
TX01252,C0360,1095.03,2026-06-14 02:15:44.245926,CARD,SUCCESS,,0,True,False,False,,
TX01253,C0968,12610.33,2026-08-22 16:16:44.245926,WALLET,SUCCESS,,0,True,True,False,,
TX01254,C0229,2376.78,2026-06-26 17:59:44.245926,CARD,SUCCESS,,0,True,True,False,,
TX01255,C0962,12261.56,2026-06-18 01:44:44.245926,WALLET,SUCCESS,,0,True,False,False,,
TX01256,C0987,2359.65,2026-07-22 10:54:44.245926,UPI,SUCCESS,,0,True,False,False,,
TX01257,C0083,6349.38,2026-07-05 03:36:44.245926,WALLET,SUCCESS,,0,True,False,False,,
TX01258,C0691,494.18,2026-06-14 13:44:44.245926,NETBANKING,SUCCESS,,0,True,True,False,,
TX01259,C0180,772.15,2026-08-11 19:33:44.245926,WALLET,SUCCESS,,0,True,True,False,,
TX01260,C0314,6126.94,2026-07-13 00:05:44.245926,NETBANKING,SUCCESS,,0,True,False,False,,
TX01261,C0071,8446.09,2026-08-18 22:47:44.245926,UPI,FAILED,TIMEOUT,2,True,False,True,0.6499999999999999,False
TX01262,C0393,14604.9,2026-07-21 21:55:44.245926,UPI,SUCCESS,,0,True,False,False,,
TX01263,C0882,11224.08,2026-07-10 21:22:44.245926,UPI,FAILED,BANK_DECLINE,0,True,False,True,0.63,False
TX01264,C0892,1434.98,2026-08-06 11:18:44.245926,CARD,FAILED,BANK_DECLINE,1,True,False,True,0.33000000000000007,False
TX01265,C0713,5760.73,2026-07-13 01:24:44.245926,CARD,SUCCESS,,0,True,True,False,,
TX01266,C0184,1443.79,2026-07-29 08:22:44.245926,CARD,SUCCESS,,0,True,False,False,,
TX01267,C0864,3821.09,2026-06-19 06:14:44.245926,WALLET,SUCCESS,,0,True,False,False,,
TX01268,C0019,9077.53,2026-08-12 07:19:44.245926,CARD,SUCCESS,,0,True,False,False,,
TX01269,C0026,3265.37,2026-08-28 00:33:44.245926,UPI,SUCCESS,,0,True,True,False,,
TX01270,C0527,14656.95,2026-07-25 20:30:44.245926,WALLET,SUCCESS,,0,True,True,False,,
TX01271,C0118,7411.96,2026-06-08 19:38:44.245926,WALLET,FAILED,TIMEOUT,1,True,False,True,0.63,True
TX01272,C0750,3164.79,2026-08-11 21:06:44.245926,CARD,SUCCESS,,0,True,False,False,,
TX01273,C0038,2203.9,2026-08-04 20:33:44.245926,UPI,SUCCESS,,0,True,True,False,,
TX01274,C0526,11199.33,2026-06-13 15:19:44.245926,CARD,SUCCESS,,0,True,False,False,,
TX01275,C0457,648.17,2026-08-15 21:43:44.245926,NETBANKING,SUCCESS,,0,True,False,False,,
TX01276,C0466,12824.8,2026-06-30 20:27:44.245926,NETBANKING,SUCCESS,,0,True,True,False,,
TX01277,C0035,1457.67,2026-07-31 10:05:44.245926,UPI,SUCCESS,,0,True,True,False,,
TX01278,C0347,13300.71,2026-08-16 22:38:44.245926,NETBANKING,SUCCESS,,0,True,False,False,,
TX01279,C0568,10862.75,2026-08-31 03:50:44.245926,UPI,SUCCESS,,0,True,False,False,,
TX01280,C0387,9248.46,2026-07-22 01:49:44.245926,WALLET,FAILED,FRAUD_SUSPECTED,1,True,False,False,0.01,False
TX01281,C0443,14120.07,2026-06-08 02:05:44.245926,NETBANKING,SUCCESS,,0,True,False,False,,
TX01282,C0336,5998.22,2026-06-23 10:51:44.245926,WALLET,SUCCESS,,0,True,False,False,,
TX01283,C0200,14382.83,2026-07-26 01:05:44.245926,UPI,SUCCESS,,0,True,False,False,,
TX01284,C0965,12129.48,2026-06-17 10:14:44.245926,UPI,SUCCESS,,0,True,False,False,,
TX01285,C0948,13052.75,2026-08-16 00:35:44.245926,NETBANKING,SUCCESS,,0,True,False,False,,
TX01286,C0922,1683.48,2026-07-03 00:00:44.245926,CARD,SUCCESS,,0,True,True,False,,
TX01287,C0821,1301.98,2026-07-26 22:05:44.245926,WALLET,SUCCESS,,0,True,False,False,,
TX01288,C0013,2934.04,2026-08-13 17:00:44.245926,CARD,SUCCESS,,0,True,False,False,,
TX01289,C0839,14683.71,2026-08-12 21:48:44.245926,WALLET,FAILED,EXPIRED_CARD,2,False,False,True,0.01,False
TX01290,C0429,5643.04,2026-06-30 12:49:44.245926,WALLET,SUCCESS,,0,True,False,False,,
TX01291,C0273,13781.96,2026-06-16 04:27:44.245926,WALLET,SUCCESS,,0,True,False,False,,
TX01292,C0561,9482.09,2026-07-02 23:51:44.245926,WALLET,SUCCESS,,0,True,False,False,,
TX01293,C0164,7737.35,2026-06-28 08:50:44.245926,NETBANKING,SUCCESS,,0,True,False,False,,
TX01294,C0871,927.33,2026-09-01 09:54:44.245926,UPI,FAILED,BANK_DECLINE,2,True,False,True,0.35000000000000003,False
TX01295,C0350,1847.88,2026-07-08 15:40:44.245926,UPI,SUCCESS,,0,True,True,False,,
TX01296,C0808,1372.79,2026-07-09 18:46:44.245926,UPI,SUCCESS,,0,True,False,False,,
TX01297,C0760,5429.39,2026-07-17 02:06:44.245926,NETBANKING,SUCCESS,,0,True,False,False,,
TX01298,C0020,7133.34,2026-06-12 06:09:44.245926,CARD,FAILED,NETWORK_ERROR,0,False,False,True,0.9,False
TX01299,C0317,5132.19,2026-07-03 07:48:44.245926,UPI,SUCCESS,,0,True,False,False,,
TX01300,C0352,3425.74,2026-08-10 22:02:44.245926,UPI,SUCCESS,,0,True,False,False,,
TX01301,C0323,862.75,2026-06-18 14:54:44.245926,UPI,SUCCESS,,0,True,False,False,,
TX01302,C0990,3438.01,2026-07-26 03:56:44.245926,UPI,SUCCESS,,0,True,True,False,,
TX01303,C0717,5890.19,2026-08-28 16:24:44.245926,WALLET,FAILED,EXPIRED_CARD,1,False,True,True,0.01,False
TX01304,C0335,11451.66,2026-07-12 22:34:44.245926,NETBANKING,SUCCESS,,0,True,False,False,,
TX01305,C0031,1528.79,2026-06-10 17:58:44.245926,WALLET,SUCCESS,,0,True,False,False,,
TX01306,C0459,13144.51,2026-07-15 12:49:44.245926,WALLET,SUCCESS,,0,True,False,False,,
TX01307,C0475,10143.77,2026-06-28 01:27:44.245926,WALLET,SUCCESS,,0,True,True,False,,
TX01308,C0815,13455.86,2026-07-13 10:49:44.245926,CARD,SUCCESS,,0,True,False,False,,
TX01309,C0998,2718.64,2026-07-06 05:41:44.245926,CARD,FAILED,FRAUD_SUSPECTED,1,True,True,False,0.01,False
TX01310,C0512,5513.98,2026-08-06 12:20:44.245926,UPI,FAILED,BANK_DECLINE,0,True,True,True,0.43000000000000005,False
TX01311,C0734,8803.79,2026-06-17 14:36:44.245926,UPI,SUCCESS,,0,True,False,False,,
TX01312,C0788,14102.85,2026-08-11 01:26:44.245926,UPI,FAILED,EXPIRED_CARD,2,True,False,True,0.01,False
TX01313,C0614,13005.23,2026-06-14 18:51:44.245926,CARD,SUCCESS,,0,True,False,False,,
TX01314,C0298,4163.2,2026-08-09 04:32:44.245926,NETBANKING,SUCCESS,,0,True,True,False,,
TX01315,C0325,12537.91,2026-06-15 21:19:44.245926,WALLET,SUCCESS,,0,True,False,False,,
TX01316,C0082,8802.14,2026-06-07 18:23:44.245926,NETBANKING,SUCCESS,,0,True,True,False,,
TX01317,C0939,6476.59,2026-07-24 03:37:44.245926,UPI,FAILED,INSUFFICIENT_FUNDS,2,True,False,True,0.25,False
TX01318,C0779,8779.5,2026-06-05 18:04:44.245926,NETBANKING,FAILED,TIMEOUT,1,True,False,True,0.75,False
TX01319,C0396,10579.96,2026-08-02 12:15:44.245926,UPI,FAILED,FRAUD_SUSPECTED,1,True,False,False,0.01,False
TX01320,C0265,11546.69,2026-06-14 18:21:44.245926,WALLET,SUCCESS,,0,True,False,False,,
TX01321,C0057,5784.89,2026-07-24 18:11:44.245926,CARD,SUCCESS,,0,True,False,False,,
TX01322,C0176,5908.98,2026-08-20 08:48:44.245926,CARD,SUCCESS,,0,True,False,False,,
TX01323,C0562,9621.38,2026-08-07 08:25:44.245926,CARD,SUCCESS,,0,True,False,False,,
TX01324,C0725,12897.86,2026-06-12 10:05:44.245926,WALLET,FAILED,EXPIRED_CARD,0,True,False,True,0.2,True
TX01325,C0075,11324.17,2026-07-31 05:27:44.245926,UPI,SUCCESS,,0,True,False,False,,
TX01326,C0608,6828.32,2026-07-27 08:24:44.245926,UPI,SUCCESS,,0,True,False,False,,
TX01327,C0720,12820.07,2026-06-23 17:31:44.245926,CARD,SUCCESS,,0,True,True,False,,
TX01328,C0217,5901.87,2026-06-22 05:53:44.245926,NETBANKING,SUCCESS,,0,True,False,False,,
TX01329,C0303,5454.02,2026-08-15 16:39:44.245926,WALLET,FAILED,EXPIRED_CARD,1,False,False,True,0.1,False
TX01330,C0124,14112.37,2026-08-14 15:25:44.245926,CARD,SUCCESS,,0,True,True,False,,
TX01331,C0063,13230.23,2026-06-28 12:29:44.245926,NETBANKING,SUCCESS,,0,True,False,False,,
TX01332,C0895,13667.26,2026-08-04 17:31:44.245926,NETBANKING,FAILED,NETWORK_ERROR,1,True,False,True,0.8,True
TX01333,C0014,7928.76,2026-08-10 21:57:44.245926,UPI,FAILED,BANK_DECLINE,1,True,False,True,0.45000000000000007,False
TX01334,C0374,6053.03,2026-07-30 12:56:44.245926,WALLET,SUCCESS,,0,True,False,False,,
TX01335,C0764,12079.58,2026-07-27 01:01:44.245926,NETBANKING,FAILED,TIMEOUT,2,True,False,True,0.6499999999999999,False
TX01336,C0622,2629.12,2026-06-25 11:14:44.245926,UPI,SUCCESS,,0,True,True,False,,
TX01337,C0625,7712.58,2026-07-31 22:05:44.245926,CARD,SUCCESS,,0,True,False,False,,
TX01338,C0943,11503.93,2026-08-26 21:10:44.245926,WALLET,SUCCESS,,0,True,False,False,,
TX01339,C0524,14245.89,2026-06-22 23:48:44.245926,WALLET,SUCCESS,,0,True,True,False,,
TX01340,C0777,469.61,2026-08-13 12:50:44.245926,UPI,SUCCESS,,0,True,False,False,,
TX01341,C0941,10701.37,2026-08-27 05:45:44.245926,CARD,SUCCESS,,0,True,False,False,,
TX01342,C0254,671.76,2026-08-10 06:30:44.245926,NETBANKING,SUCCESS,,0,True,True,False,,
TX01343,C0981,9583.08,2026-07-07 01:00:44.245926,NETBANKING,SUCCESS,,0,True,True,False,,
TX01344,C0737,3559.8,2026-06-22 02:06:44.245926,CARD,SUCCESS,,0,True,False,False,,
TX01345,C0498,11766.43,2026-08-14 23:49:44.245926,WALLET,SUCCESS,,0,True,False,False,,
TX01346,C0805,1060.71,2026-06-11 23:55:44.245926,UPI,SUCCESS,,0,True,False,False,,
TX01347,C0518,9684.28,2026-07-27 04:18:44.245926,WALLET,SUCCESS,,0,True,False,False,,
TX01348,C0370,13929.83,2026-06-15 14:41:44.245926,UPI,SUCCESS,,0,True,True,False,,
TX01349,C0495,13450.69,2026-06-12 21:21:44.245926,WALLET,SUCCESS,,0,True,True,False,,
TX01350,C0565,13716.97,2026-06-23 09:00:44.245926,NETBANKING,FAILED,TIMEOUT,1,True,False,True,0.75,True
TX01351,C0617,3391.35,2026-07-12 15:59:44.245926,NETBANKING,SUCCESS,,0,True,False,False,,
TX01352,C0773,13652.05,2026-08-17 00:59:44.245926,WALLET,SUCCESS,,0,True,True,False,,
TX01353,C0629,13583.48,2026-08-03 11:44:44.245926,WALLET,SUCCESS,,0,True,False,False,,
TX01354,C0118,762.32,2026-09-01 06:36:44.245926,WALLET,FAILED,TIMEOUT,1,True,False,True,0.63,True
TX01355,C0451,11202.94,2026-08-27 18:50:44.245926,NETBANKING,SUCCESS,,0,True,True,False,,
TX01356,C0251,8178.53,2026-07-21 14:15:44.245926,NETBANKING,SUCCESS,,0,True,False,False,,
TX01357,C0834,13043.05,2026-06-14 21:26:44.245926,UPI,SUCCESS,,0,True,False,False,,
TX01358,C0947,2336.91,2026-06-12 00:58:44.245926,UPI,SUCCESS,,0,True,False,False,,
TX01359,C0340,4233.58,2026-07-18 06:41:44.245926,CARD,FAILED,NETWORK_ERROR,0,True,False,True,0.9,True
TX01360,C0968,7588.29,2026-07-21 02:35:44.245926,WALLET,SUCCESS,,0,True,False,False,,
TX01361,C0205,3976.37,2026-06-22 10:57:44.245926,UPI,FAILED,INSUFFICIENT_FUNDS,2,True,False,True,0.25,False
TX01362,C0898,4880.3,2026-08-15 17:25:44.245926,UPI,SUCCESS,,0,True,True,False,,
TX01363,C0236,6672.03,2026-07-15 01:19:44.245926,UPI,SUCCESS,,0,True,False,False,,
TX01364,C0306,12293.62,2026-07-31 03:27:44.245926,NETBANKING,SUCCESS,,0,True,True,False,,
TX01365,C0311,3235.9,2026-07-06 13:38:44.245926,UPI,SUCCESS,,0,True,False,False,,
TX01366,C0635,1244.71,2026-06-19 16:02:44.245926,WALLET,SUCCESS,,0,True,False,False,,
TX01367,C0680,4020.04,2026-07-11 17:55:44.245926,WALLET,FAILED,TIMEOUT,2,False,False,True,0.73,True
TX01368,C0820,12192.89,2026-07-13 12:41:44.245926,NETBANKING,SUCCESS,,0,True,False,False,,
TX01369,C0591,1367.81,2026-08-03 05:49:44.245926,CARD,SUCCESS,,0,True,False,False,,
TX01370,C0504,4922.46,2026-06-05 07:43:44.245926,CARD,SUCCESS,,0,True,False,False,,
TX01371,C0157,5134.38,2026-07-16 19:18:44.245926,NETBANKING,SUCCESS,,0,True,False,False,,
TX01372,C0173,3719.94,2026-06-10 11:22:44.245926,CARD,SUCCESS,,0,True,False,False,,
TX01373,C0610,8050.76,2026-06-13 19:30:44.245926,WALLET,SUCCESS,,0,True,False,False,,
TX01374,C0471,14210.18,2026-08-16 22:32:44.245926,UPI,SUCCESS,,0,True,False,False,,
TX01375,C0491,13422.16,2026-07-12 20:00:44.245926,NETBANKING,SUCCESS,,0,True,False,False,,
TX01376,C0688,12256.9,2026-06-22 11:32:44.245926,CARD,SUCCESS,,0,True,True,False,,
TX01377,C0814,7630.17,2026-06-29 10:09:44.245926,NETBANKING,FAILED,TIMEOUT,0,True,False,True,0.85,True
TX01378,C0622,612.65,2026-06-06 01:38:44.245926,UPI,SUCCESS,,0,True,False,False,,
TX01379,C0203,14822.94,2026-08-26 10:11:44.245926,WALLET,FAILED,BANK_DECLINE,0,True,False,True,0.43000000000000005,True
TX01380,C0691,875.07,2026-08-02 03:13:44.245926,NETBANKING,FAILED,NETWORK_ERROR,1,True,False,True,0.8,False
TX01381,C0525,11379.28,2026-07-10 21:14:44.245926,UPI,SUCCESS,,0,True,True,False,,
TX01382,C0612,7559.13,2026-06-08 17:30:44.245926,NETBANKING,SUCCESS,,0,True,False,False,,
TX01383,C0254,6982.35,2026-08-20 16:38:44.245926,NETBANKING,FAILED,BANK_DECLINE,0,True,True,True,0.43000000000000005,False
TX01384,C0713,12434.21,2026-06-17 01:45:44.245926,CARD,SUCCESS,,0,True,True,False,,
TX01385,C0902,10407.7,2026-07-14 02:26:44.245926,CARD,SUCCESS,,0,True,True,False,,
TX01386,C0013,10944.39,2026-08-17 09:08:44.245926,CARD,SUCCESS,,0,True,False,False,,
TX01387,C0157,14846.61,2026-08-28 11:16:44.245926,NETBANKING,FAILED,INSUFFICIENT_FUNDS,0,True,True,True,0.45,False
TX01388,C0271,1403.12,2026-07-04 10:06:44.245926,WALLET,FAILED,INSUFFICIENT_FUNDS,1,True,True,True,0.23,True
TX01389,C0910,2156.44,2026-08-21 21:31:44.245926,NETBANKING,SUCCESS,,0,True,True,False,,
TX01390,C0648,12797.26,2026-08-24 22:52:44.245926,CARD,SUCCESS,,0,True,False,False,,
TX01391,C0671,2098.89,2026-07-22 11:13:44.245926,CARD,SUCCESS,,0,True,True,False,,
TX01392,C0378,7504.53,2026-06-29 23:32:44.245926,CARD,SUCCESS,,0,True,False,False,,
TX01393,C0128,3619.71,2026-06-28 10:59:44.245926,CARD,SUCCESS,,0,True,False,False,,
TX01394,C0792,5489.24,2026-08-19 11:57:44.245926,WALLET,FAILED,EXPIRED_CARD,2,True,False,True,0.01,False
TX01395,C0997,7570.7,2026-06-23 18:50:44.245926,NETBANKING,SUCCESS,,0,True,True,False,,
TX01396,C0671,12332.12,2026-06-21 13:11:44.245926,CARD,SUCCESS,,0,True,False,False,,
TX01397,C0740,12265.73,2026-08-12 18:25:44.245926,UPI,SUCCESS,,0,True,False,False,,
TX01398,C0899,11479.17,2026-07-02 19:52:44.245926,WALLET,FAILED,INSUFFICIENT_FUNDS,2,True,False,True,0.13,False
TX01399,C0627,5645.56,2026-09-01 04:44:44.245926,CARD,SUCCESS,,0,True,False,False,,
TX01400,C0835,3284.4,2026-07-10 20:56:44.245926,UPI,SUCCESS,,0,True,True,False,,
TX01401,C0246,2713.69,2026-07-02 09:39:44.245926,NETBANKING,SUCCESS,,0,True,False,False,,
TX01402,C0058,1800.35,2026-07-16 09:39:44.245926,WALLET,SUCCESS,,0,True,False,False,,
TX01403,C0925,3836.27,2026-08-24 19:52:44.245926,UPI,SUCCESS,,0,True,False,False,,
TX01404,C0750,7300.73,2026-07-22 18:25:44.245926,CARD,SUCCESS,,0,True,False,False,,
TX01405,C0094,13925.84,2026-06-12 02:19:44.245926,WALLET,SUCCESS,,0,True,False,False,,
TX01406,C0043,6134.84,2026-07-13 15:53:44.245926,NETBANKING,SUCCESS,,0,True,False,False,,
TX01407,C0098,4307.06,2026-06-13 08:21:44.245926,UPI,SUCCESS,,0,True,True,False,,
TX01408,C0742,13941.89,2026-06-22 02:20:44.245926,UPI,SUCCESS,,0,True,False,False,,
TX01409,C0965,9032.52,2026-07-22 15:31:44.245926,UPI,SUCCESS,,0,True,False,False,,
TX01410,C0462,1905.01,2026-06-08 23:37:44.245926,WALLET,SUCCESS,,0,True,False,False,,
TX01411,C0565,3527.82,2026-06-09 06:45:44.245926,NETBANKING,FAILED,EXPIRED_CARD,2,True,True,True,0.01,False
TX01412,C0999,9417.24,2026-08-08 14:25:44.245926,NETBANKING,SUCCESS,,0,True,False,False,,
TX01413,C0445,3532.36,2026-08-18 10:53:44.245926,UPI,SUCCESS,,0,True,False,False,,
TX01414,C0173,3323.87,2026-08-14 23:07:44.245926,CARD,SUCCESS,,0,True,True,False,,
TX01415,C0207,10676.04,2026-06-30 15:46:44.245926,UPI,SUCCESS,,0,True,False,False,,
TX01416,C0455,7697.63,2026-08-07 04:53:44.245926,NETBANKING,SUCCESS,,0,True,False,False,,
TX01417,C0048,12832.69,2026-08-06 01:30:44.245926,CARD,SUCCESS,,0,True,True,False,,
TX01418,C0628,1320.98,2026-06-21 11:56:44.245926,CARD,SUCCESS,,0,True,False,False,,
TX01419,C0736,14444.97,2026-08-04 01:39:44.245926,WALLET,SUCCESS,,0,True,False,False,,
TX01420,C0197,2909.47,2026-06-28 11:02:44.245926,WALLET,SUCCESS,,0,True,False,False,,
TX01421,C0794,11475.83,2026-06-05 07:56:44.245926,UPI,SUCCESS,,0,True,False,False,,
TX01422,C0106,8872.44,2026-07-18 21:24:44.245926,WALLET,FAILED,EXPIRED_CARD,1,True,False,True,0.1,False
TX01423,C0069,12579.78,2026-07-22 06:09:44.245926,NETBANKING,FAILED,BANK_DECLINE,0,True,False,True,0.43000000000000005,True
TX01424,C0350,7512.73,2026-07-06 08:58:44.245926,UPI,SUCCESS,,0,True,False,False,,
TX01425,C0582,7451.45,2026-07-07 14:29:44.245926,WALLET,SUCCESS,,0,True,False,False,,
TX01426,C0900,4726.67,2026-07-04 19:44:44.245926,UPI,FAILED,EXPIRED_CARD,2,False,False,True,0.01,False
TX01427,C0487,10381.03,2026-08-09 17:29:44.245926,CARD,SUCCESS,,0,True,False,False,,
TX01428,C0320,6331.69,2026-06-24 11:50:44.245926,UPI,SUCCESS,,0,True,False,False,,
TX01429,C0311,7618.13,2026-06-26 16:30:44.245926,UPI,SUCCESS,,0,True,False,False,,
TX01430,C0323,6631.59,2026-06-23 05:22:44.245926,UPI,SUCCESS,,0,True,False,False,,
TX01431,C0647,14335.77,2026-08-01 14:01:44.245926,WALLET,SUCCESS,,0,True,True,False,,
TX01432,C0261,9515.31,2026-07-24 01:04:44.245926,NETBANKING,SUCCESS,,0,True,False,False,,
TX01433,C0475,14387.1,2026-07-22 09:43:44.245926,WALLET,SUCCESS,,0,True,True,False,,
TX01434,C0678,5428.02,2026-07-04 14:11:44.245926,CARD,FAILED,TIMEOUT,1,False,True,True,0.75,True
TX01435,C0540,10616.98,2026-08-19 08:57:44.245926,WALLET,SUCCESS,,0,True,False,False,,
TX01436,C0259,6988.91,2026-08-31 13:38:44.245926,WALLET,SUCCESS,,0,True,False,False,,
TX01437,C0630,1919.8,2026-06-05 04:53:44.245926,NETBANKING,SUCCESS,,0,True,False,False,,
TX01438,C0502,7154.87,2026-06-18 02:51:44.245926,NETBANKING,SUCCESS,,0,True,False,False,,
TX01439,C0050,8504.67,2026-06-19 05:54:44.245926,CARD,SUCCESS,,0,True,False,False,,
TX01440,C0637,12056.84,2026-06-05 20:44:44.245926,WALLET,SUCCESS,,0,True,False,False,,
TX01441,C0666,12434.42,2026-06-15 16:19:44.245926,NETBANKING,SUCCESS,,0,True,True,False,,
TX01442,C0905,6625.75,2026-08-03 13:01:44.245926,CARD,SUCCESS,,0,True,False,False,,
TX01443,C0005,2324.47,2026-08-23 10:16:44.245926,CARD,SUCCESS,,0,True,False,False,,
TX01444,C0989,10080.29,2026-08-13 10:20:44.245926,CARD,FAILED,BANK_DECLINE,0,True,False,True,0.55,True
TX01445,C0264,13798.42,2026-06-30 21:57:44.245926,CARD,SUCCESS,,0,True,True,False,,
TX01446,C0731,5513.09,2026-08-17 07:53:44.245926,UPI,SUCCESS,,0,True,False,False,,
TX01447,C0486,6166.97,2026-08-25 17:51:44.245926,WALLET,SUCCESS,,0,True,True,False,,
TX01448,C0812,4739.73,2026-07-02 17:29:44.245926,WALLET,SUCCESS,,0,True,True,False,,
TX01449,C0172,13176.21,2026-08-16 15:52:44.245926,UPI,SUCCESS,,0,True,False,False,,
TX01450,C0720,3232.75,2026-06-16 19:06:44.245926,CARD,SUCCESS,,0,True,False,False,,
TX01451,C0696,4783.44,2026-07-01 12:13:44.245926,CARD,SUCCESS,,0,True,False,False,,
TX01452,C0035,8323.71,2026-07-08 15:59:44.245926,UPI,SUCCESS,,0,True,False,False,,
TX01453,C0234,1711.82,2026-07-22 08:59:44.245926,NETBANKING,FAILED,TIMEOUT,1,True,False,True,0.75,True
TX01454,C0639,7158.32,2026-08-30 22:59:44.245926,WALLET,SUCCESS,,0,True,False,False,,
TX01455,C0641,8515.96,2026-08-30 14:21:44.245926,WALLET,SUCCESS,,0,True,False,False,,
TX01456,C0763,2366.61,2026-08-25 23:43:44.245926,NETBANKING,SUCCESS,,0,True,False,False,,
TX01457,C0971,7829.44,2026-06-16 00:43:44.245926,WALLET,SUCCESS,,0,True,False,False,,
TX01458,C0682,13203.74,2026-06-09 07:38:44.245926,UPI,FAILED,INSUFFICIENT_FUNDS,1,True,False,True,0.35,False
TX01459,C0666,7914.72,2026-08-19 19:56:44.245926,NETBANKING,SUCCESS,,0,True,True,False,,
TX01460,C0539,12499.45,2026-08-02 14:22:44.245926,UPI,SUCCESS,,0,True,True,False,,
TX01461,C0903,12382.52,2026-07-25 21:54:44.245926,WALLET,SUCCESS,,0,True,False,False,,
TX01462,C0224,1194.71,2026-08-10 20:16:44.245926,NETBANKING,SUCCESS,,0,True,False,False,,
TX01463,C0335,10839.19,2026-08-07 07:17:44.245926,NETBANKING,SUCCESS,,0,True,True,False,,
TX01464,C0473,11184.23,2026-07-19 12:41:44.245926,CARD,SUCCESS,,0,True,True,False,,
TX01465,C0567,9703.12,2026-06-18 12:47:44.245926,CARD,FAILED,TIMEOUT,1,True,False,True,0.63,False
TX01466,C0814,3250.29,2026-06-10 13:21:44.245926,NETBANKING,SUCCESS,,0,True,True,False,,
TX01467,C0065,2079.21,2026-06-13 06:17:44.245926,CARD,SUCCESS,,0,True,True,False,,
TX01468,C0088,662.45,2026-07-20 11:37:44.245926,WALLET,SUCCESS,,0,True,False,False,,
TX01469,C0095,2090.63,2026-07-11 06:27:44.245926,CARD,SUCCESS,,0,True,False,False,,
TX01470,C0060,3753.44,2026-08-20 14:34:44.245926,NETBANKING,SUCCESS,,0,True,False,False,,
TX01471,C0358,10315.41,2026-08-21 15:52:44.245926,NETBANKING,FAILED,INSUFFICIENT_FUNDS,0,True,True,True,0.45,False
TX01472,C0258,9964.74,2026-06-19 23:44:44.245926,CARD,FAILED,BANK_DECLINE,2,True,False,True,0.35000000000000003,False
TX01473,C0166,14398.64,2026-07-19 07:34:44.245926,CARD,SUCCESS,,0,True,False,False,,
TX01474,C0672,5971.57,2026-08-16 05:59:44.245926,CARD,SUCCESS,,0,True,True,False,,
TX01475,C0764,6545.04,2026-06-06 23:47:44.245926,NETBANKING,SUCCESS,,0,True,False,False,,
TX01476,C0609,6024.61,2026-07-27 06:53:44.245926,WALLET,SUCCESS,,0,True,False,False,,
TX01477,C0859,13430.35,2026-07-30 20:49:44.245926,UPI,FAILED,TIMEOUT,1,False,False,True,0.63,True
TX01478,C0208,14731.78,2026-07-07 00:11:44.245926,UPI,SUCCESS,,0,True,False,False,,
TX01479,C0998,3398.47,2026-08-25 14:20:44.245926,CARD,FAILED,INSUFFICIENT_FUNDS,1,True,True,True,0.23,True
TX01480,C0212,8578.27,2026-07-16 06:26:44.245926,NETBANKING,SUCCESS,,0,True,False,False,,
TX01481,C0547,4391.6,2026-08-12 20:37:44.245926,WALLET,SUCCESS,,0,True,False,False,,
TX01482,C0384,1302.69,2026-08-19 20:13:44.245926,NETBANKING,FAILED,BANK_DECLINE,1,False,True,True,0.33000000000000007,False
TX01483,C0948,7752.61,2026-08-03 10:05:44.245926,NETBANKING,FAILED,BANK_DECLINE,0,True,False,True,0.43000000000000005,False
TX01484,C0010,12499.33,2026-06-10 14:17:44.245926,WALLET,SUCCESS,,0,True,True,False,,
TX01485,C0975,2639.94,2026-06-13 05:34:44.245926,UPI,FAILED,INSUFFICIENT_FUNDS,1,False,False,True,0.35,False
TX01486,C0029,12185.77,2026-08-10 03:10:44.245926,UPI,FAILED,INSUFFICIENT_FUNDS,0,False,False,True,0.45,True
TX01487,C0042,6474.83,2026-06-10 07:18:44.245926,CARD,FAILED,NETWORK_ERROR,1,True,True,True,0.68,False
TX01488,C0789,9216.04,2026-08-19 23:10:44.245926,WALLET,SUCCESS,,0,True,True,False,,
TX01489,C0947,1882.62,2026-07-15 08:39:44.245926,UPI,SUCCESS,,0,True,False,False,,
TX01490,C0974,8734.56,2026-06-22 15:00:44.245926,UPI,FAILED,NETWORK_ERROR,1,True,True,True,0.68,True
TX01491,C0242,12263.41,2026-08-17 01:15:44.245926,CARD,SUCCESS,,0,True,False,False,,
TX01492,C0047,656.37,2026-08-30 19:28:44.245926,UPI,SUCCESS,,0,True,False,False,,
TX01493,C0586,12207.13,2026-08-24 18:06:44.245926,CARD,SUCCESS,,0,True,True,False,,
TX01494,C0167,8653.94,2026-08-22 03:11:44.245926,WALLET,SUCCESS,,0,True,True,False,,
TX01495,C0340,11030.66,2026-08-26 08:46:44.245926,CARD,SUCCESS,,0,True,False,False,,
TX01496,C0483,3095.01,2026-06-23 07:55:44.245926,WALLET,SUCCESS,,0,True,False,False,,
TX01497,C0734,5475.96,2026-07-30 17:46:44.245926,UPI,SUCCESS,,0,True,False,False,,
TX01498,C0635,12083.46,2026-07-14 09:25:44.245926,WALLET,FAILED,TIMEOUT,1,False,True,True,0.75,True
TX01499,C0516,1783.42,2026-07-19 20:08:44.245926,CARD,SUCCESS,,0,True,True,False,,
TX01500,C0603,5164.52,2026-06-24 20:03:44.245926,CARD,FAILED,EXPIRED_CARD,1,False,False,True,0.01,False
TX01501,C0962,13110.66,2026-08-31 13:33:44.245926,WALLET,SUCCESS,,0,True,False,False,,
TX01502,C0381,3848.56,2026-07-21 13:44:44.245926,WALLET,SUCCESS,,0,True,False,False,,
TX01503,C0543,6168.53,2026-06-09 14:25:44.245926,WALLET,SUCCESS,,0,True,False,False,,
TX01504,C0515,8866.76,2026-08-28 17:25:44.245926,CARD,SUCCESS,,0,True,False,False,,
TX01505,C0703,740.68,2026-07-05 05:09:44.245926,WALLET,SUCCESS,,0,True,False,False,,
TX01506,C0951,13354.01,2026-06-09 20:25:44.245926,UPI,SUCCESS,,0,True,True,False,,
TX01507,C0824,11087.93,2026-08-27 13:34:44.245926,UPI,SUCCESS,,0,True,False,False,,
TX01508,C0877,1216.23,2026-07-19 08:52:44.245926,NETBANKING,FAILED,NETWORK_ERROR,2,False,False,True,0.7,False
TX01509,C0953,14721.52,2026-08-29 21:47:44.245926,NETBANKING,SUCCESS,,0,True,False,False,,
TX01510,C0632,13961.64,2026-08-24 05:29:44.245926,CARD,SUCCESS,,0,True,False,False,,
TX01511,C0104,4276.47,2026-06-08 05:52:44.245926,NETBANKING,FAILED,NETWORK_ERROR,1,True,False,True,0.8,True
TX01512,C0558,12792.55,2026-08-31 20:52:44.245926,CARD,SUCCESS,,0,True,True,False,,
TX01513,C0906,687.4,2026-08-14 14:36:44.245926,NETBANKING,FAILED,EXPIRED_CARD,2,True,False,True,0.08000000000000002,False
TX01514,C0023,7387.95,2026-07-09 16:22:44.245926,WALLET,SUCCESS,,0,True,False,False,,
TX01515,C0136,6616.86,2026-07-13 07:06:44.245926,WALLET,SUCCESS,,0,True,False,False,,
TX01516,C0174,2034.49,2026-07-30 11:35:44.245926,NETBANKING,SUCCESS,,0,True,False,False,,
TX01517,C0345,3146.59,2026-07-14 04:17:44.245926,WALLET,SUCCESS,,0,True,False,False,,
TX01518,C0256,1652.26,2026-06-05 08:38:44.245926,CARD,SUCCESS,,0,True,True,False,,
TX01519,C0536,13358.53,2026-08-15 15:24:44.245926,UPI,SUCCESS,,0,True,False,False,,
TX01520,C0737,12085.98,2026-08-22 22:20:44.245926,CARD,SUCCESS,,0,True,False,False,,
TX01521,C0568,1426.19,2026-06-15 23:29:44.245926,UPI,SUCCESS,,0,True,False,False,,
TX01522,C0841,4917.65,2026-07-29 06:40:44.245926,NETBANKING,SUCCESS,,0,True,False,False,,
TX01523,C0538,4598.47,2026-07-29 14:46:44.245926,UPI,SUCCESS,,0,True,False,False,,
TX01524,C0112,9951.88,2026-06-11 09:32:44.245926,NETBANKING,SUCCESS,,0,True,False,False,,
TX01525,C0659,7575.46,2026-08-10 08:47:44.245926,UPI,SUCCESS,,0,True,False,False,,
TX01526,C0781,12923.77,2026-07-14 19:36:44.245926,CARD,FAILED,INSUFFICIENT_FUNDS,1,True,False,True,0.23,False
TX01527,C0957,4232.77,2026-08-06 22:59:44.245926,CARD,SUCCESS,,0,True,False,False,,
TX01528,C0841,5395.54,2026-07-11 20:09:44.245926,NETBANKING,SUCCESS,,0,True,False,False,,
TX01529,C0138,4412.82,2026-06-22 23:21:44.245926,UPI,FAILED,EXPIRED_CARD,2,True,True,True,0.01,False
TX01530,C0541,12300.78,2026-06-17 08:48:44.245926,CARD,SUCCESS,,0,True,True,False,,
TX01531,C0660,6772.08,2026-08-13 00:05:44.245926,WALLET,SUCCESS,,0,True,False,False,,
TX01532,C0671,7633.94,2026-06-07 12:25:44.245926,CARD,SUCCESS,,0,True,False,False,,
TX01533,C0985,4716.07,2026-08-31 06:58:44.245926,UPI,SUCCESS,,0,True,True,False,,
TX01534,C0534,9263.29,2026-07-19 12:48:44.245926,WALLET,SUCCESS,,0,True,True,False,,
TX01535,C0677,6827.09,2026-06-24 20:59:44.245926,WALLET,SUCCESS,,0,True,True,False,,
TX01536,C0485,6636.95,2026-06-09 04:50:44.245926,CARD,SUCCESS,,0,True,False,False,,
TX01537,C0916,11516.05,2026-08-28 18:04:44.245926,NETBANKING,SUCCESS,,0,True,True,False,,
TX01538,C0608,13429.59,2026-08-27 10:20:44.245926,UPI,SUCCESS,,0,True,False,False,,
TX01539,C0195,11373.78,2026-06-24 03:43:44.245926,CARD,SUCCESS,,0,True,False,False,,
TX01540,C0868,12489.82,2026-07-13 22:56:44.245926,WALLET,SUCCESS,,0,True,False,False,,
TX01541,C0498,13949.93,2026-08-11 22:19:44.245926,WALLET,SUCCESS,,0,True,True,False,,
TX01542,C0063,6005.23,2026-08-09 02:22:44.245926,NETBANKING,SUCCESS,,0,True,False,False,,
TX01543,C0352,14866.1,2026-07-23 02:53:44.245926,UPI,SUCCESS,,0,True,False,False,,
TX01544,C0153,8654.05,2026-07-21 16:15:44.245926,NETBANKING,SUCCESS,,0,True,False,False,,
TX01545,C0039,7169.79,2026-08-27 14:38:44.245926,CARD,FAILED,NETWORK_ERROR,0,True,False,True,0.9,True
TX01546,C0190,11638.69,2026-07-01 08:55:44.245926,WALLET,FAILED,TIMEOUT,1,True,False,True,0.83,True
TX01547,C0198,9899.56,2026-08-13 16:11:44.245926,WALLET,SUCCESS,,0,True,False,False,,
TX01548,C0005,8656.08,2026-07-03 15:53:44.245926,CARD,SUCCESS,,0,True,False,False,,
TX01549,C0843,6823.99,2026-06-06 00:24:44.245926,CARD,FAILED,TIMEOUT,1,True,False,True,0.75,True
TX01550,C0023,6306.58,2026-07-27 04:46:44.245926,WALLET,SUCCESS,,0,True,False,False,,
TX01551,C0422,9271.83,2026-07-03 00:41:44.245926,CARD,SUCCESS,,0,True,False,False,,
TX01552,C0661,4092.7,2026-08-15 01:20:44.245926,NETBANKING,SUCCESS,,0,True,False,False,,
TX01553,C0161,2170.17,2026-07-31 19:40:44.245926,WALLET,SUCCESS,,0,True,True,False,,
TX01554,C0052,9942.88,2026-06-25 14:57:44.245926,UPI,FAILED,NETWORK_ERROR,0,True,False,True,0.9,True
TX01555,C0122,8435.09,2026-06-25 04:39:44.245926,WALLET,SUCCESS,,0,True,True,False,,
TX01556,C0402,4108.1,2026-06-27 21:04:44.245926,CARD,SUCCESS,,0,True,True,False,,
TX01557,C0586,12786.29,2026-07-23 15:17:44.245926,CARD,FAILED,INSUFFICIENT_FUNDS,2,True,False,True,0.25,True
TX01558,C0120,1438.52,2026-06-23 00:25:44.245926,UPI,SUCCESS,,0,True,False,False,,
TX01559,C0326,12393.59,2026-07-12 07:22:44.245926,NETBANKING,SUCCESS,,0,True,True,False,,
TX01560,C0964,4461.34,2026-06-06 16:37:44.245926,CARD,SUCCESS,,0,True,False,False,,
TX01561,C0401,5224.29,2026-07-11 14:16:44.245926,CARD,SUCCESS,,0,True,False,False,,
TX01562,C0959,14154.45,2026-07-01 05:04:44.245926,WALLET,SUCCESS,,0,True,False,False,,
TX01563,C0885,955.78,2026-08-28 02:58:44.245926,UPI,SUCCESS,,0,True,True,False,,
TX01564,C0501,1861.61,2026-06-23 16:40:44.245926,CARD,SUCCESS,,0,True,False,False,,
TX01565,C0360,11778.84,2026-07-20 16:49:44.245926,CARD,SUCCESS,,0,True,False,False,,
TX01566,C0170,14117.12,2026-07-08 22:16:44.245926,NETBANKING,SUCCESS,,0,True,False,False,,
TX01567,C0368,10976.02,2026-07-09 03:11:44.245926,CARD,SUCCESS,,0,True,False,False,,
TX01568,C0789,14341.14,2026-08-30 16:49:44.245926,WALLET,SUCCESS,,0,True,False,False,,
TX01569,C0173,7701.39,2026-07-26 17:33:44.245926,CARD,SUCCESS,,0,True,False,False,,
TX01570,C0952,8222.82,2026-06-15 11:32:44.245926,CARD,SUCCESS,,0,True,False,False,,
TX01571,C0993,1056.04,2026-07-17 10:30:44.245926,CARD,SUCCESS,,0,True,False,False,,
TX01572,C0418,4959.01,2026-06-22 04:43:44.245926,UPI,SUCCESS,,0,True,False,False,,
TX01573,C0182,3887.23,2026-06-26 13:41:44.245926,CARD,SUCCESS,,0,True,False,False,,
TX01574,C0992,3694.09,2026-07-03 02:24:44.245926,CARD,FAILED,INSUFFICIENT_FUNDS,0,True,False,True,0.33,False
TX01575,C0185,1471.44,2026-07-25 11:01:44.245926,WALLET,SUCCESS,,0,True,False,False,,
TX01576,C0900,9903.95,2026-07-29 12:48:44.245926,UPI,FAILED,NETWORK_ERROR,1,True,False,True,0.8,False
TX01577,C0462,3900.68,2026-08-26 05:00:44.245926,WALLET,FAILED,TIMEOUT,2,True,False,True,0.6499999999999999,True
TX01578,C0153,2034.07,2026-07-11 15:04:44.245926,NETBANKING,SUCCESS,,0,True,False,False,,
TX01579,C0191,8767.37,2026-08-01 00:41:44.245926,NETBANKING,FAILED,EXPIRED_CARD,0,False,True,True,0.28,False
TX01580,C0683,4171.63,2026-07-24 22:10:44.245926,WALLET,SUCCESS,,0,True,False,False,,
TX01581,C0946,1784.63,2026-08-22 14:02:44.245926,UPI,SUCCESS,,0,True,True,False,,
TX01582,C0880,10443.68,2026-06-11 02:11:44.245926,CARD,SUCCESS,,0,True,True,False,,
TX01583,C0825,13803.76,2026-08-25 18:04:44.245926,CARD,SUCCESS,,0,True,False,False,,
TX01584,C0609,10544.85,2026-06-26 10:06:44.245926,WALLET,SUCCESS,,0,True,False,False,,
TX01585,C0154,13492.17,2026-08-25 05:10:44.245926,NETBANKING,SUCCESS,,0,True,False,False,,
TX01586,C0794,1884.25,2026-08-09 04:18:44.245926,UPI,SUCCESS,,0,True,True,False,,
TX01587,C0038,5517.88,2026-07-15 07:18:44.245926,UPI,SUCCESS,,0,True,False,False,,
TX01588,C0802,11188.25,2026-07-14 02:27:44.245926,UPI,SUCCESS,,0,True,False,False,,
TX01589,C0435,2278.7,2026-06-21 03:26:44.245926,NETBANKING,SUCCESS,,0,True,False,False,,
TX01590,C0871,12355.56,2026-07-20 19:25:44.245926,UPI,SUCCESS,,0,True,True,False,,
TX01591,C0619,9025.23,2026-07-08 02:41:44.245926,WALLET,SUCCESS,,0,True,False,False,,
TX01592,C0103,5010.42,2026-06-20 12:44:44.245926,NETBANKING,SUCCESS,,0,True,False,False,,
TX01593,C0552,14188.09,2026-06-13 06:21:44.245926,UPI,SUCCESS,,0,True,True,False,,
TX01594,C0015,1009.83,2026-07-21 13:34:44.245926,NETBANKING,SUCCESS,,0,True,False,False,,
TX01595,C0863,12707.76,2026-07-13 06:48:44.245926,UPI,SUCCESS,,0,True,False,False,,
TX01596,C0151,11432.31,2026-08-30 05:39:44.245926,CARD,SUCCESS,,0,True,True,False,,
TX01597,C0253,11099.0,2026-08-09 23:32:44.245926,UPI,FAILED,NETWORK_ERROR,2,True,False,True,0.7,False
TX01598,C0223,2734.21,2026-06-30 15:29:44.245926,WALLET,SUCCESS,,0,True,False,False,,
TX01599,C0108,13314.63,2026-06-30 16:52:44.245926,UPI,SUCCESS,,0,True,False,False,,
TX01600,C0111,9210.7,2026-06-14 02:30:44.245926,UPI,SUCCESS,,0,True,False,False,,
TX01601,C0613,2372.75,2026-06-23 06:32:44.245926,WALLET,SUCCESS,,0,True,False,False,,
TX01602,C0613,2782.13,2026-07-28 21:53:44.245926,WALLET,SUCCESS,,0,True,False,False,,
TX01603,C0650,8235.5,2026-08-16 04:06:44.245926,NETBANKING,FAILED,NETWORK_ERROR,1,True,True,True,0.8,True
TX01604,C0343,8696.13,2026-08-10 01:57:44.245926,WALLET,FAILED,TIMEOUT,0,True,True,True,0.85,True
TX01605,C0637,12717.74,2026-07-14 21:30:44.245926,WALLET,SUCCESS,,0,True,False,False,,
TX01606,C0749,1576.9,2026-06-16 21:34:44.245926,WALLET,SUCCESS,,0,True,False,False,,
TX01607,C0594,2012.0,2026-07-06 15:23:44.245926,WALLET,SUCCESS,,0,True,False,False,,
TX01608,C0351,3569.89,2026-06-11 05:06:44.245926,CARD,SUCCESS,,0,True,False,False,,
TX01609,C0195,4358.79,2026-07-31 20:18:44.245926,CARD,SUCCESS,,0,True,False,False,,
TX01610,C0724,1389.1,2026-08-06 01:30:44.245926,UPI,SUCCESS,,0,True,False,False,,
TX01611,C0422,6670.65,2026-08-28 07:28:44.245926,CARD,FAILED,INSUFFICIENT_FUNDS,2,True,False,True,0.25,False
TX01612,C0952,823.85,2026-08-01 04:45:44.245926,CARD,SUCCESS,,0,True,False,False,,
TX01613,C0044,8919.25,2026-08-22 19:50:44.245926,CARD,SUCCESS,,0,True,False,False,,
TX01614,C0469,4199.7,2026-06-18 05:29:44.245926,NETBANKING,SUCCESS,,0,True,False,False,,
TX01615,C0534,7601.88,2026-06-16 10:35:44.245926,WALLET,SUCCESS,,0,True,True,False,,
TX01616,C0607,14277.24,2026-08-21 11:10:44.245926,NETBANKING,FAILED,INSUFFICIENT_FUNDS,0,True,False,True,0.45,True
TX01617,C0258,2918.29,2026-07-12 12:09:44.245926,CARD,SUCCESS,,0,True,False,False,,
TX01618,C0834,9576.09,2026-06-25 19:25:44.245926,UPI,SUCCESS,,0,True,False,False,,
TX01619,C0359,9957.03,2026-06-20 20:02:44.245926,WALLET,SUCCESS,,0,True,False,False,,
TX01620,C0286,13163.07,2026-08-04 05:53:44.245926,CARD,FAILED,BANK_DECLINE,2,True,False,True,0.35000000000000003,False
TX01621,C0413,1951.8,2026-08-23 15:01:44.245926,CARD,SUCCESS,,0,True,False,False,,
TX01622,C0021,6468.03,2026-07-15 03:32:44.245926,NETBANKING,FAILED,TIMEOUT,2,True,False,True,0.53,True
TX01623,C0470,5409.41,2026-07-10 16:19:44.245926,WALLET,SUCCESS,,0,True,False,False,,
TX01624,C0913,7410.96,2026-08-16 16:37:44.245926,CARD,SUCCESS,,0,True,False,False,,
TX01625,C0170,10402.16,2026-06-07 01:57:44.245926,NETBANKING,SUCCESS,,0,True,False,False,,
TX01626,C0040,13380.22,2026-08-14 16:47:44.245926,CARD,SUCCESS,,0,True,False,False,,
TX01627,C0557,5050.92,2026-08-04 21:13:44.245926,CARD,SUCCESS,,0,True,False,False,,
TX01628,C0405,6796.69,2026-07-10 17:36:44.245926,CARD,SUCCESS,,0,True,False,False,,
TX01629,C0434,7436.93,2026-06-24 08:58:44.245926,CARD,SUCCESS,,0,True,False,False,,
TX01630,C0621,4835.11,2026-07-11 17:55:44.245926,WALLET,FAILED,NETWORK_ERROR,0,True,True,True,0.9,True
TX01631,C0507,9278.05,2026-06-16 04:57:44.245926,CARD,FAILED,BANK_DECLINE,0,False,False,True,0.43000000000000005,True
TX01632,C0513,5199.33,2026-07-06 13:10:44.245926,WALLET,FAILED,INSUFFICIENT_FUNDS,2,True,True,True,0.13,True
TX01633,C0299,14782.69,2026-08-19 17:38:44.245926,WALLET,SUCCESS,,0,True,False,False,,
TX01634,C0232,3671.22,2026-08-16 09:07:44.245926,CARD,SUCCESS,,0,True,True,False,,
TX01635,C0684,6376.91,2026-07-24 18:37:44.245926,NETBANKING,SUCCESS,,0,True,False,False,,
TX01636,C0650,830.3,2026-06-06 06:26:44.245926,NETBANKING,FAILED,INSUFFICIENT_FUNDS,2,True,False,True,0.25,False
TX01637,C0908,4731.56,2026-06-25 09:08:44.245926,CARD,SUCCESS,,0,True,False,False,,
TX01638,C0218,796.54,2026-08-11 16:53:44.245926,WALLET,SUCCESS,,0,True,True,False,,
TX01639,C0422,9932.56,2026-06-16 09:16:44.245926,CARD,SUCCESS,,0,True,False,False,,
TX01640,C0658,12971.16,2026-06-11 09:51:44.245926,CARD,FAILED,NETWORK_ERROR,2,True,True,True,0.5800000000000001,False
TX01641,C0654,8262.96,2026-08-27 02:12:44.245926,NETBANKING,SUCCESS,,0,True,True,False,,
TX01642,C0859,11951.51,2026-06-22 03:06:44.245926,UPI,FAILED,EXPIRED_CARD,1,True,False,True,0.01,False
TX01643,C0209,7045.91,2026-06-13 12:26:44.245926,UPI,SUCCESS,,0,True,False,False,,
TX01644,C0030,7229.59,2026-06-30 22:54:44.245926,NETBANKING,SUCCESS,,0,True,False,False,,
TX01645,C0702,6273.06,2026-06-29 19:12:44.245926,UPI,SUCCESS,,0,True,False,False,,
TX01646,C0450,8138.1,2026-06-26 17:03:44.245926,UPI,FAILED,TIMEOUT,1,True,False,True,0.75,False
TX01647,C0338,6948.37,2026-07-27 01:04:44.245926,UPI,SUCCESS,,0,True,False,False,,
TX01648,C0765,3712.1,2026-07-08 02:34:44.245926,NETBANKING,SUCCESS,,0,True,False,False,,
TX01649,C0120,4865.96,2026-06-17 12:45:44.245926,UPI,SUCCESS,,0,True,False,False,,
TX01650,C0689,1702.22,2026-06-19 20:25:44.245926,CARD,FAILED,NETWORK_ERROR,1,True,False,True,0.8,True
TX01651,C0904,7994.06,2026-08-19 20:55:44.245926,NETBANKING,FAILED,BANK_DECLINE,0,True,False,True,0.43000000000000005,False
TX01652,C0126,12564.55,2026-06-07 18:26:44.245926,NETBANKING,SUCCESS,,0,True,False,False,,
TX01653,C0034,6276.05,2026-06-04 22:51:44.245926,CARD,SUCCESS,,0,True,False,False,,
TX01654,C0059,8567.42,2026-07-18 22:19:44.245926,WALLET,SUCCESS,,0,True,False,False,,
TX01655,C0431,9884.53,2026-07-03 17:44:44.245926,UPI,SUCCESS,,0,True,False,False,,
TX01656,C0301,8455.67,2026-08-10 18:32:44.245926,CARD,SUCCESS,,0,True,False,False,,
TX01657,C0094,1844.14,2026-08-07 02:13:44.245926,WALLET,SUCCESS,,0,True,True,False,,
TX01658,C0902,500.28,2026-07-21 18:30:44.245926,CARD,SUCCESS,,0,True,False,False,,
TX01659,C0830,6732.74,2026-08-31 21:52:44.245926,UPI,SUCCESS,,0,True,True,False,,
TX01660,C0023,7579.21,2026-07-31 10:33:44.245926,WALLET,SUCCESS,,0,True,False,False,,
TX01661,C0378,11310.2,2026-07-24 05:48:44.245926,CARD,SUCCESS,,0,True,False,False,,
TX01662,C0798,2028.47,2026-07-01 05:25:44.245926,UPI,SUCCESS,,0,True,False,False,,
TX01663,C0986,4285.28,2026-07-03 18:56:44.245926,CARD,FAILED,BANK_DECLINE,1,True,False,True,0.33000000000000007,True
TX01664,C0871,12101.36,2026-08-30 02:20:44.245926,UPI,SUCCESS,,0,True,False,False,,
TX01665,C0047,3993.22,2026-07-16 13:51:44.245926,UPI,SUCCESS,,0,True,True,False,,
TX01666,C0422,11277.43,2026-08-21 00:46:44.245926,CARD,SUCCESS,,0,True,False,False,,
TX01667,C0849,10811.7,2026-07-17 13:52:44.245926,NETBANKING,SUCCESS,,0,True,True,False,,
TX01668,C0342,2510.13,2026-06-10 13:09:44.245926,WALLET,SUCCESS,,0,True,False,False,,
TX01669,C0636,10611.53,2026-06-22 13:59:44.245926,CARD,SUCCESS,,0,True,False,False,,
TX01670,C0930,5166.22,2026-06-10 00:10:44.245926,CARD,SUCCESS,,0,True,False,False,,
TX01671,C0327,1281.55,2026-08-01 08:47:44.245926,NETBANKING,SUCCESS,,0,True,False,False,,
TX01672,C0035,9543.68,2026-08-27 21:40:44.245926,UPI,SUCCESS,,0,True,True,False,,
TX01673,C0611,13699.21,2026-07-13 05:39:44.245926,NETBANKING,SUCCESS,,0,True,False,False,,
TX01674,C0757,9480.16,2026-07-11 03:38:44.245926,UPI,SUCCESS,,0,True,False,False,,
TX01675,C0733,9731.51,2026-06-22 21:14:44.245926,CARD,SUCCESS,,0,True,True,False,,
TX01676,C0350,11040.67,2026-06-29 22:19:44.245926,UPI,SUCCESS,,0,True,True,False,,
TX01677,C0232,2162.55,2026-07-21 23:42:44.245926,CARD,SUCCESS,,0,True,False,False,,
TX01678,C0282,5153.35,2026-08-13 17:05:44.245926,UPI,SUCCESS,,0,True,False,False,,
TX01679,C0445,14509.89,2026-08-10 13:15:44.245926,UPI,SUCCESS,,0,True,False,False,,
TX01680,C0935,7259.08,2026-06-19 17:54:44.245926,WALLET,SUCCESS,,0,True,True,False,,
TX01681,C0825,3481.72,2026-08-28 01:18:44.245926,CARD,SUCCESS,,0,True,False,False,,
TX01682,C0249,2722.83,2026-08-23 01:18:44.245926,CARD,SUCCESS,,0,True,True,False,,
TX01683,C0041,14556.68,2026-06-16 21:54:44.245926,CARD,SUCCESS,,0,True,False,False,,
TX01684,C0067,10073.18,2026-07-04 05:13:44.245926,UPI,SUCCESS,,0,True,False,False,,
TX01685,C0840,3839.36,2026-07-10 05:44:44.245926,CARD,SUCCESS,,0,True,False,False,,
TX01686,C0583,7274.83,2026-07-02 19:44:44.245926,CARD,SUCCESS,,0,True,False,False,,
TX01687,C0878,1449.54,2026-07-29 13:09:44.245926,UPI,SUCCESS,,0,True,False,False,,
TX01688,C0807,14198.7,2026-08-19 07:43:44.245926,NETBANKING,FAILED,TIMEOUT,0,True,False,True,0.85,True
TX01689,C0767,10374.9,2026-07-25 05:26:44.245926,CARD,SUCCESS,,0,True,False,False,,
TX01690,C0522,2916.78,2026-08-22 06:47:44.245926,UPI,FAILED,TIMEOUT,1,True,False,True,0.63,True
TX01691,C0593,13181.53,2026-08-27 05:46:44.245926,NETBANKING,SUCCESS,,0,True,False,False,,
TX01692,C0908,2931.38,2026-08-11 11:54:44.245926,CARD,SUCCESS,,0,True,False,False,,
TX01693,C0577,5606.57,2026-06-22 04:25:44.245926,NETBANKING,SUCCESS,,0,True,True,False,,
TX01694,C0541,1683.39,2026-07-08 00:29:44.245926,CARD,SUCCESS,,0,True,False,False,,
TX01695,C0431,491.02,2026-06-29 07:07:44.245926,UPI,SUCCESS,,0,True,True,False,,
TX01696,C0559,7337.4,2026-06-08 10:37:44.245926,UPI,SUCCESS,,0,True,False,False,,
TX01697,C0148,4330.36,2026-06-09 15:41:44.245926,UPI,SUCCESS,,0,True,False,False,,
TX01698,C0550,12988.82,2026-08-27 21:00:44.245926,UPI,SUCCESS,,0,True,False,False,,
TX01699,C0052,6980.87,2026-06-20 06:17:44.245926,UPI,SUCCESS,,0,True,False,False,,
TX01700,C0387,11333.62,2026-08-16 22:32:44.245926,WALLET,FAILED,NETWORK_ERROR,1,True,True,True,0.8,False
TX01701,C0879,13102.42,2026-06-16 10:16:44.245926,UPI,SUCCESS,,0,True,True,False,,
TX01702,C0833,2055.57,2026-07-14 19:15:44.245926,CARD,FAILED,BANK_DECLINE,0,True,False,True,0.55,False
TX01703,C0867,9930.05,2026-08-10 13:40:44.245926,NETBANKING,FAILED,NETWORK_ERROR,2,True,False,True,0.5800000000000001,True
TX01704,C0096,8926.66,2026-08-29 09:32:44.245926,NETBANKING,SUCCESS,,0,True,False,False,,
TX01705,C0522,10068.08,2026-07-12 08:16:44.245926,UPI,SUCCESS,,0,True,False,False,,
TX01706,C0227,1254.84,2026-08-18 13:01:44.245926,WALLET,SUCCESS,,0,True,False,False,,
TX01707,C0373,4219.55,2026-06-20 03:42:44.245926,CARD,SUCCESS,,0,True,False,False,,
TX01708,C0134,3220.65,2026-07-20 10:53:44.245926,CARD,SUCCESS,,0,True,False,False,,
TX01709,C0973,12679.22,2026-08-29 02:31:44.245926,UPI,SUCCESS,,0,True,True,False,,
TX01710,C0292,5455.07,2026-07-05 12:35:44.245926,WALLET,SUCCESS,,0,True,False,False,,
TX01711,C0936,1565.6,2026-08-28 02:53:44.245926,CARD,SUCCESS,,0,True,False,False,,
TX01712,C0274,1631.26,2026-08-09 20:24:44.245926,CARD,SUCCESS,,0,True,True,False,,
TX01713,C0973,9511.39,2026-06-06 06:36:44.245926,UPI,SUCCESS,,0,True,False,False,,
TX01714,C0123,3497.63,2026-07-08 12:51:44.245926,CARD,FAILED,BANK_DECLINE,2,False,False,True,0.23000000000000004,False
TX01715,C0157,13009.41,2026-08-11 11:25:44.245926,NETBANKING,FAILED,INSUFFICIENT_FUNDS,0,True,False,True,0.45,True
TX01716,C0789,8606.09,2026-07-12 03:02:44.245926,WALLET,SUCCESS,,0,True,True,False,,
TX01717,C0703,13288.46,2026-06-20 13:35:44.245926,WALLET,SUCCESS,,0,True,False,False,,
TX01718,C0491,6762.1,2026-06-12 20:33:44.245926,NETBANKING,SUCCESS,,0,True,False,False,,
TX01719,C0617,5428.23,2026-08-01 20:46:44.245926,NETBANKING,SUCCESS,,0,True,False,False,,
TX01720,C0503,10399.49,2026-06-19 23:05:44.245926,CARD,FAILED,NETWORK_ERROR,2,True,True,True,0.7,True
TX01721,C0306,5399.75,2026-08-17 06:08:44.245926,NETBANKING,SUCCESS,,0,True,False,False,,
TX01722,C0845,5330.06,2026-08-31 14:22:44.245926,CARD,SUCCESS,,0,True,False,False,,
TX01723,C0009,11976.14,2026-06-12 16:56:44.245926,NETBANKING,SUCCESS,,0,True,False,False,,
TX01724,C0043,3508.35,2026-06-28 04:30:44.245926,NETBANKING,SUCCESS,,0,True,True,False,,
TX01725,C0969,9977.48,2026-06-21 09:56:44.245926,WALLET,SUCCESS,,0,True,False,False,,
TX01726,C0186,5047.97,2026-07-25 18:15:44.245926,NETBANKING,SUCCESS,,0,True,False,False,,
TX01727,C0013,797.59,2026-08-07 06:40:44.245926,CARD,SUCCESS,,0,True,True,False,,
TX01728,C0561,13545.05,2026-06-18 21:28:44.245926,WALLET,SUCCESS,,0,True,False,False,,
TX01729,C0403,9823.86,2026-06-13 13:35:44.245926,WALLET,SUCCESS,,0,True,True,False,,
TX01730,C0539,2692.36,2026-07-24 05:08:44.245926,UPI,SUCCESS,,0,True,True,False,,
TX01731,C0535,12195.55,2026-07-15 23:48:44.245926,UPI,SUCCESS,,0,True,False,False,,
TX01732,C0108,11045.04,2026-07-17 13:13:44.245926,UPI,SUCCESS,,0,True,False,False,,
TX01733,C0700,5786.26,2026-07-05 04:47:44.245926,UPI,SUCCESS,,0,True,False,False,,
TX01734,C0902,889.9,2026-08-28 00:05:44.245926,CARD,SUCCESS,,0,True,False,False,,
TX01735,C0677,13542.72,2026-07-20 14:09:44.245926,WALLET,SUCCESS,,0,True,True,False,,
TX01736,C0817,4259.61,2026-07-27 00:13:44.245926,UPI,SUCCESS,,0,True,False,False,,
TX01737,C0965,7829.4,2026-08-27 09:35:44.245926,UPI,SUCCESS,,0,True,False,False,,
TX01738,C0309,10555.18,2026-07-22 03:33:44.245926,NETBANKING,SUCCESS,,0,True,True,False,,
TX01739,C0723,11352.2,2026-06-16 06:26:44.245926,CARD,FAILED,INSUFFICIENT_FUNDS,0,False,False,True,0.33,True
TX01740,C0876,7043.09,2026-06-19 11:52:44.245926,WALLET,SUCCESS,,0,True,False,False,,
TX01741,C0788,3245.98,2026-06-20 02:34:44.245926,UPI,SUCCESS,,0,True,False,False,,
TX01742,C0840,3771.9,2026-06-22 22:50:44.245926,CARD,SUCCESS,,0,True,False,False,,
TX01743,C0588,2565.83,2026-07-24 23:51:44.245926,WALLET,SUCCESS,,0,True,False,False,,
TX01744,C0914,7316.96,2026-07-05 19:43:44.245926,WALLET,SUCCESS,,0,True,True,False,,
TX01745,C0874,6092.5,2026-06-23 18:52:44.245926,NETBANKING,SUCCESS,,0,True,False,False,,
TX01746,C0257,12520.8,2026-08-07 17:27:44.245926,NETBANKING,SUCCESS,,0,True,True,False,,
TX01747,C0785,5997.34,2026-07-03 10:08:44.245926,CARD,SUCCESS,,0,True,False,False,,
TX01748,C0970,11666.93,2026-08-25 04:26:44.245926,UPI,SUCCESS,,0,True,False,False,,
TX01749,C0236,13128.45,2026-07-28 18:42:44.245926,UPI,SUCCESS,,0,True,False,False,,
TX01750,C0279,7478.15,2026-08-10 20:10:44.245926,NETBANKING,SUCCESS,,0,True,False,False,,
TX01751,C0043,13318.15,2026-06-20 15:52:44.245926,NETBANKING,SUCCESS,,0,True,False,False,,
TX01752,C0050,5295.81,2026-08-18 09:04:44.245926,CARD,SUCCESS,,0,True,True,False,,
TX01753,C0652,6153.26,2026-06-11 11:28:44.245926,CARD,SUCCESS,,0,True,False,False,,
TX01754,C0880,3063.17,2026-06-23 16:07:44.245926,CARD,SUCCESS,,0,True,False,False,,
TX01755,C0507,5945.78,2026-06-20 19:37:44.245926,CARD,SUCCESS,,0,True,False,False,,
TX01756,C0462,5986.19,2026-08-18 04:47:44.245926,WALLET,SUCCESS,,0,True,False,False,,
TX01757,C0593,14338.75,2026-06-20 18:50:44.245926,NETBANKING,SUCCESS,,0,True,True,False,,
TX01758,C0121,12563.22,2026-07-16 18:19:44.245926,NETBANKING,SUCCESS,,0,True,False,False,,
TX01759,C0263,11070.26,2026-08-03 03:27:44.245926,WALLET,SUCCESS,,0,True,False,False,,
TX01760,C0323,479.7,2026-07-03 11:36:44.245926,UPI,FAILED,NETWORK_ERROR,2,True,False,True,0.7,True
TX01761,C0892,6205.04,2026-08-13 15:44:44.245926,CARD,FAILED,NETWORK_ERROR,1,True,False,True,0.68,True
TX01762,C0766,6918.97,2026-07-08 09:07:44.245926,WALLET,SUCCESS,,0,True,False,False,,
TX01763,C0154,12709.28,2026-08-31 21:32:44.245926,NETBANKING,SUCCESS,,0,True,False,False,,
TX01764,C0499,14716.8,2026-07-22 20:13:44.245926,NETBANKING,SUCCESS,,0,True,False,False,,
TX01765,C0717,1476.13,2026-06-05 01:52:44.245926,WALLET,FAILED,TIMEOUT,2,True,False,True,0.53,True
TX01766,C0965,6988.34,2026-06-08 20:43:44.245926,UPI,FAILED,BANK_DECLINE,0,True,False,True,0.43000000000000005,False
TX01767,C0316,10389.9,2026-06-27 09:53:44.245926,CARD,FAILED,TIMEOUT,2,True,False,True,0.53,False
TX01768,C0769,5546.21,2026-06-06 00:57:44.245926,NETBANKING,SUCCESS,,0,True,False,False,,
TX01769,C0020,823.54,2026-06-14 14:39:44.245926,CARD,SUCCESS,,0,True,False,False,,
TX01770,C0168,11158.6,2026-06-27 01:49:44.245926,WALLET,SUCCESS,,0,True,True,False,,
TX01771,C0387,2153.0,2026-06-17 14:39:44.245926,WALLET,SUCCESS,,0,True,False,False,,
TX01772,C0215,4338.03,2026-08-31 21:43:44.245926,WALLET,SUCCESS,,0,True,False,False,,
TX01773,C0844,13805.99,2026-08-25 16:35:44.245926,NETBANKING,SUCCESS,,0,True,False,False,,
TX01774,C0758,7996.31,2026-07-16 04:06:44.245926,NETBANKING,FAILED,NETWORK_ERROR,1,True,False,True,0.68,True
TX01775,C0547,13265.94,2026-07-09 04:59:44.245926,WALLET,SUCCESS,,0,True,False,False,,
TX01776,C0930,5265.26,2026-08-01 09:39:44.245926,CARD,SUCCESS,,0,True,False,False,,
TX01777,C0017,629.04,2026-08-29 22:46:44.245926,CARD,SUCCESS,,0,True,False,False,,
TX01778,C0209,11217.47,2026-06-11 15:52:44.245926,UPI,FAILED,EXPIRED_CARD,1,False,False,True,0.01,False
TX01779,C0070,9349.05,2026-07-23 12:29:44.245926,NETBANKING,FAILED,EXPIRED_CARD,0,True,False,True,0.28,True
TX01780,C0830,14051.53,2026-06-29 10:57:44.245926,UPI,SUCCESS,,0,True,False,False,,
TX01781,C0873,4369.75,2026-08-04 13:27:44.245926,CARD,FAILED,NETWORK_ERROR,1,False,False,True,0.68,True
TX01782,C0062,575.17,2026-07-12 03:47:44.245926,UPI,SUCCESS,,0,True,False,False,,
TX01783,C0588,7097.89,2026-08-15 09:01:44.245926,WALLET,SUCCESS,,0,True,False,False,,
TX01784,C0056,3553.46,2026-06-06 02:09:44.245926,UPI,SUCCESS,,0,True,False,False,,
TX01785,C0324,9287.38,2026-08-09 17:22:44.245926,WALLET,SUCCESS,,0,True,False,False,,
TX01786,C0435,8942.34,2026-08-01 05:21:44.245926,NETBANKING,SUCCESS,,0,True,False,False,,
TX01787,C0720,7291.36,2026-07-25 04:54:44.245926,CARD,SUCCESS,,0,True,True,False,,
TX01788,C0775,5391.58,2026-07-14 21:27:44.245926,CARD,SUCCESS,,0,True,True,False,,
TX01789,C0167,7634.93,2026-07-22 21:22:44.245926,WALLET,FAILED,INSUFFICIENT_FUNDS,2,True,False,True,0.25,False
TX01790,C0013,1455.55,2026-07-18 17:32:44.245926,CARD,SUCCESS,,0,True,False,False,,
TX01791,C0462,3351.0,2026-09-02 02:09:44.245926,WALLET,SUCCESS,,0,True,False,False,,
TX01792,C0884,11337.61,2026-07-15 12:59:44.245926,NETBANKING,SUCCESS,,0,True,False,False,,
TX01793,C0359,9485.48,2026-06-19 14:55:44.245926,WALLET,SUCCESS,,0,True,False,False,,
TX01794,C0327,6406.28,2026-08-13 01:43:44.245926,NETBANKING,SUCCESS,,0,True,True,False,,
TX01795,C0517,8479.66,2026-07-19 02:45:44.245926,CARD,FAILED,FRAUD_SUSPECTED,1,False,False,False,0.01,False
TX01796,C0089,1725.6,2026-06-24 07:34:44.245926,CARD,FAILED,NETWORK_ERROR,0,True,True,True,0.78,True
TX01797,C0161,11096.57,2026-07-10 22:56:44.245926,WALLET,SUCCESS,,0,True,False,False,,
TX01798,C0716,3500.96,2026-08-25 09:45:44.245926,NETBANKING,SUCCESS,,0,True,False,False,,
TX01799,C0683,5638.67,2026-06-14 01:27:44.245926,WALLET,SUCCESS,,0,True,False,False,,
TX01800,C0307,9606.9,2026-08-01 08:30:44.245926,NETBANKING,FAILED,TIMEOUT,2,True,False,True,0.53,True
TX01801,C0551,4508.37,2026-08-27 14:23:44.245926,UPI,SUCCESS,,0,True,False,False,,
TX01802,C0281,2911.11,2026-06-30 16:43:44.245926,WALLET,FAILED,NETWORK_ERROR,1,True,False,True,0.88,True
TX01803,C0245,8828.32,2026-07-12 12:02:44.245926,NETBANKING,SUCCESS,,0,True,False,False,,
TX01804,C0963,9655.33,2026-07-30 18:38:44.245926,NETBANKING,SUCCESS,,0,True,True,False,,
TX01805,C0063,7699.41,2026-06-11 18:33:44.245926,NETBANKING,SUCCESS,,0,True,False,False,,
TX01806,C0587,14198.69,2026-07-04 00:42:44.245926,WALLET,SUCCESS,,0,True,False,False,,
TX01807,C0293,9494.78,2026-08-05 17:41:44.245926,NETBANKING,SUCCESS,,0,True,True,False,,
TX01808,C0243,11221.59,2026-08-23 20:44:44.245926,WALLET,SUCCESS,,0,True,False,False,,
TX01809,C0954,7816.63,2026-06-22 00:22:44.245926,NETBANKING,SUCCESS,,0,True,False,False,,
TX01810,C0765,5725.25,2026-08-23 01:23:44.245926,NETBANKING,SUCCESS,,0,True,True,False,,
TX01811,C0628,10778.05,2026-06-22 15:07:44.245926,CARD,SUCCESS,,0,True,False,False,,
TX01812,C0705,13448.35,2026-06-23 06:53:44.245926,WALLET,SUCCESS,,0,True,False,False,,
TX01813,C0808,10349.97,2026-07-14 19:51:44.245926,UPI,SUCCESS,,0,True,False,False,,
TX01814,C0700,14600.24,2026-07-19 23:25:44.245926,UPI,SUCCESS,,0,True,False,False,,
TX01815,C0402,12616.77,2026-08-22 19:46:44.245926,CARD,SUCCESS,,0,True,False,False,,
TX01816,C0816,7094.52,2026-08-31 01:14:44.245926,UPI,SUCCESS,,0,True,True,False,,
TX01817,C0887,10325.75,2026-07-11 10:21:44.245926,CARD,FAILED,EXPIRED_CARD,1,False,False,True,0.01,False
TX01818,C0976,10824.86,2026-06-15 10:58:44.245926,NETBANKING,SUCCESS,,0,True,False,False,,
TX01819,C0113,14841.37,2026-08-08 12:06:44.245926,NETBANKING,SUCCESS,,0,True,True,False,,
TX01820,C0121,10972.67,2026-07-01 02:40:44.245926,NETBANKING,SUCCESS,,0,True,False,False,,
TX01821,C0954,10959.71,2026-06-08 01:51:44.245926,NETBANKING,FAILED,TIMEOUT,2,False,False,True,0.53,False
TX01822,C0841,1823.26,2026-08-20 13:08:44.245926,NETBANKING,SUCCESS,,0,True,False,False,,
TX01823,C0434,11377.59,2026-06-14 14:52:44.245926,CARD,FAILED,INSUFFICIENT_FUNDS,1,True,False,True,0.35,True
TX01824,C0701,3388.25,2026-06-13 06:51:44.245926,WALLET,FAILED,TIMEOUT,2,True,False,True,0.53,False
TX01825,C0689,4121.99,2026-07-01 07:45:44.245926,CARD,SUCCESS,,0,True,False,False,,
TX01826,C0839,6920.53,2026-06-27 22:07:44.245926,WALLET,SUCCESS,,0,True,False,False,,
TX01827,C0143,11491.44,2026-06-17 22:02:44.245926,NETBANKING,SUCCESS,,0,True,False,False,,
TX01828,C0576,13238.51,2026-07-25 17:45:44.245926,WALLET,SUCCESS,,0,True,False,False,,
TX01829,C0450,14188.44,2026-06-18 20:30:44.245926,UPI,SUCCESS,,0,True,False,False,,
TX01830,C0094,10782.26,2026-08-04 17:28:44.245926,WALLET,SUCCESS,,0,True,False,False,,
TX01831,C0466,10517.71,2026-06-17 18:46:44.245926,NETBANKING,SUCCESS,,0,True,False,False,,
TX01832,C0543,4082.39,2026-06-25 04:34:44.245926,WALLET,FAILED,NETWORK_ERROR,0,True,True,True,0.9,True
TX01833,C0872,7776.3,2026-08-22 15:44:44.245926,NETBANKING,SUCCESS,,0,True,False,False,,
TX01834,C0741,9391.36,2026-06-19 22:56:44.245926,CARD,SUCCESS,,0,True,False,False,,
TX01835,C0808,8930.89,2026-07-20 01:20:44.245926,UPI,FAILED,TIMEOUT,1,True,False,True,0.63,False
TX01836,C0321,7386.17,2026-07-18 11:59:44.245926,UPI,SUCCESS,,0,True,False,False,,
TX01837,C0486,14220.14,2026-07-05 14:35:44.245926,WALLET,SUCCESS,,0,True,True,False,,
TX01838,C0001,2506.3,2026-07-29 20:16:44.245926,CARD,SUCCESS,,0,True,False,False,,
TX01839,C0339,9854.95,2026-07-06 21:28:44.245926,NETBANKING,SUCCESS,,0,True,False,False,,
TX01840,C0631,9687.96,2026-06-05 13:20:44.245926,CARD,SUCCESS,,0,True,False,False,,
TX01841,C0036,11811.39,2026-07-22 03:38:44.245926,NETBANKING,FAILED,EXPIRED_CARD,2,True,False,True,0.01,False
TX01842,C0489,5143.87,2026-06-10 13:28:44.245926,WALLET,SUCCESS,,0,True,False,False,,
TX01843,C0632,12745.1,2026-07-23 09:22:44.245926,CARD,FAILED,EXPIRED_CARD,0,True,True,True,0.2,False
TX01844,C0362,2985.46,2026-08-28 16:08:44.245926,WALLET,SUCCESS,,0,True,False,False,,
TX01845,C0108,10437.67,2026-07-15 22:58:44.245926,UPI,SUCCESS,,0,True,True,False,,
TX01846,C0345,4206.72,2026-06-29 16:50:44.245926,WALLET,FAILED,NETWORK_ERROR,0,True,False,True,0.78,False
TX01847,C0611,4750.58,2026-06-23 08:28:44.245926,NETBANKING,SUCCESS,,0,True,True,False,,
TX01848,C0255,8844.68,2026-07-16 16:53:44.245926,NETBANKING,SUCCESS,,0,True,True,False,,
TX01849,C0009,1050.92,2026-08-15 08:29:44.245926,NETBANKING,SUCCESS,,0,True,False,False,,
TX01850,C0572,2011.17,2026-06-12 00:50:44.245926,CARD,SUCCESS,,0,True,False,False,,
TX01851,C0185,8963.83,2026-07-28 21:40:44.245926,WALLET,SUCCESS,,0,True,False,False,,
TX01852,C0082,8851.19,2026-08-21 19:52:44.245926,NETBANKING,SUCCESS,,0,True,False,False,,
TX01853,C0122,6806.83,2026-08-01 22:31:44.245926,WALLET,FAILED,NETWORK_ERROR,2,True,True,True,0.5800000000000001,True
TX01854,C0748,9139.91,2026-07-19 06:47:44.245926,UPI,SUCCESS,,0,True,False,False,,
TX01855,C0140,7404.21,2026-06-30 06:33:44.245926,CARD,SUCCESS,,0,True,False,False,,
TX01856,C0315,13048.74,2026-06-27 02:40:44.245926,NETBANKING,SUCCESS,,0,True,False,False,,
TX01857,C0444,7695.02,2026-07-31 10:01:44.245926,NETBANKING,FAILED,TIMEOUT,0,True,False,True,0.73,True
TX01858,C0872,2698.02,2026-06-10 09:54:44.245926,NETBANKING,SUCCESS,,0,True,False,False,,
TX01859,C0310,1690.15,2026-08-21 21:48:44.245926,CARD,SUCCESS,,0,True,False,False,,
TX01860,C0570,8217.27,2026-06-21 01:42:44.245926,UPI,SUCCESS,,0,True,True,False,,
TX01861,C0316,3707.5,2026-07-02 09:46:44.245926,CARD,SUCCESS,,0,True,False,False,,
TX01862,C0699,8096.87,2026-06-13 19:30:44.245926,NETBANKING,SUCCESS,,0,True,False,False,,
TX01863,C0203,3391.29,2026-08-04 14:26:44.245926,WALLET,FAILED,NETWORK_ERROR,0,True,True,True,0.78,True
TX01864,C0559,10040.08,2026-07-04 02:08:44.245926,UPI,SUCCESS,,0,True,False,False,,
TX01865,C0672,9906.31,2026-08-15 05:43:44.245926,CARD,FAILED,TIMEOUT,2,True,False,True,0.6499999999999999,False
TX01866,C0647,4763.19,2026-06-17 15:24:44.245926,WALLET,FAILED,TIMEOUT,2,True,False,True,0.53,False
TX01867,C0470,6085.07,2026-07-12 09:54:44.245926,WALLET,SUCCESS,,0,True,True,False,,
TX01868,C0477,1113.02,2026-07-11 15:41:44.245926,WALLET,FAILED,TIMEOUT,0,False,True,True,0.85,True
TX01869,C0670,3366.55,2026-08-08 16:16:44.245926,WALLET,SUCCESS,,0,True,False,False,,
TX01870,C0768,648.08,2026-07-13 08:34:44.245926,CARD,FAILED,INSUFFICIENT_FUNDS,1,True,False,True,0.35,False
TX01871,C0220,6769.52,2026-06-29 09:09:44.245926,CARD,SUCCESS,,0,True,True,False,,
TX01872,C0817,5084.6,2026-07-18 02:33:44.245926,UPI,SUCCESS,,0,True,False,False,,
TX01873,C0896,14295.07,2026-08-29 14:47:44.245926,NETBANKING,SUCCESS,,0,True,True,False,,
TX01874,C0972,10410.67,2026-08-26 04:10:44.245926,WALLET,FAILED,INSUFFICIENT_FUNDS,0,True,False,True,0.33,False
TX01875,C0724,9702.54,2026-06-29 13:42:44.245926,UPI,SUCCESS,,0,True,False,False,,
TX01876,C0580,4478.26,2026-07-17 09:26:44.245926,WALLET,SUCCESS,,0,True,True,False,,
TX01877,C0864,5070.82,2026-08-14 00:13:44.245926,WALLET,SUCCESS,,0,True,False,False,,
TX01878,C0074,13147.07,2026-07-28 03:08:44.245926,CARD,FAILED,TIMEOUT,0,True,False,True,0.73,True
TX01879,C0775,10012.15,2026-07-25 02:45:44.245926,CARD,SUCCESS,,0,True,False,False,,
TX01880,C0423,621.22,2026-08-13 17:21:44.245926,UPI,SUCCESS,,0,True,False,False,,
TX01881,C0285,10578.99,2026-08-10 17:10:44.245926,CARD,FAILED,TIMEOUT,1,False,False,True,0.75,True
TX01882,C0985,7184.4,2026-07-16 09:19:44.245926,UPI,SUCCESS,,0,True,False,False,,
TX01883,C0006,14580.15,2026-06-28 00:32:44.245926,UPI,SUCCESS,,0,True,False,False,,
TX01884,C0735,640.13,2026-06-15 07:03:44.245926,UPI,SUCCESS,,0,True,False,False,,
TX01885,C0764,12149.15,2026-08-16 02:09:44.245926,NETBANKING,SUCCESS,,0,True,True,False,,
TX01886,C0519,13720.84,2026-07-21 01:44:44.245926,UPI,SUCCESS,,0,True,False,False,,
TX01887,C0900,14936.12,2026-08-30 19:22:44.245926,UPI,SUCCESS,,0,True,False,False,,
TX01888,C0143,11915.02,2026-07-19 05:29:44.245926,NETBANKING,SUCCESS,,0,True,False,False,,
TX01889,C0467,1286.51,2026-06-11 07:43:44.245926,NETBANKING,SUCCESS,,0,True,False,False,,
TX01890,C0131,11774.65,2026-07-22 20:20:44.245926,UPI,FAILED,NETWORK_ERROR,2,True,False,True,0.7,True
TX01891,C0324,14896.36,2026-08-11 21:15:44.245926,WALLET,SUCCESS,,0,True,True,False,,
TX01892,C0415,12321.01,2026-07-16 20:03:44.245926,WALLET,SUCCESS,,0,True,False,False,,
TX01893,C0993,11162.37,2026-08-02 15:35:44.245926,CARD,FAILED,TIMEOUT,0,True,False,True,0.85,True
TX01894,C0859,12357.07,2026-07-13 19:16:44.245926,UPI,FAILED,EXPIRED_CARD,1,True,False,True,0.01,True
TX01895,C0607,3610.88,2026-07-13 07:48:44.245926,NETBANKING,SUCCESS,,0,True,True,False,,
TX01896,C0024,8890.33,2026-08-13 07:55:44.245926,NETBANKING,SUCCESS,,0,True,False,False,,
TX01897,C0415,10081.41,2026-08-13 12:36:44.245926,WALLET,SUCCESS,,0,True,False,False,,
TX01898,C0424,13430.68,2026-08-08 12:24:44.245926,NETBANKING,FAILED,EXPIRED_CARD,0,True,False,True,0.2,True
TX01899,C0631,8141.3,2026-08-29 09:57:44.245926,CARD,SUCCESS,,0,True,False,False,,
TX01900,C0836,8239.12,2026-08-30 08:10:44.245926,CARD,SUCCESS,,0,True,True,False,,
TX01901,C0029,13948.44,2026-08-03 08:28:44.245926,UPI,FAILED,NETWORK_ERROR,1,True,True,True,0.8,False
TX01902,C0547,11653.48,2026-06-06 22:18:44.245926,WALLET,FAILED,NETWORK_ERROR,1,True,True,True,0.8,False
TX01903,C0407,12856.57,2026-06-23 10:20:44.245926,UPI,FAILED,TIMEOUT,1,True,False,True,0.63,True
TX01904,C0301,2132.34,2026-08-31 16:01:44.245926,CARD,SUCCESS,,0,True,True,False,,
TX01905,C0924,10950.42,2026-06-15 12:32:44.245926,UPI,SUCCESS,,0,True,True,False,,
TX01906,C0481,14128.23,2026-08-10 20:38:44.245926,UPI,SUCCESS,,0,True,False,False,,
TX01907,C0216,4958.13,2026-06-21 19:53:44.245926,UPI,SUCCESS,,0,True,True,False,,
TX01908,C0998,7751.58,2026-07-17 22:50:44.245926,CARD,SUCCESS,,0,True,False,False,,
TX01909,C0650,7017.22,2026-06-05 02:32:44.245926,NETBANKING,SUCCESS,,0,True,False,False,,
TX01910,C0513,14435.06,2026-06-13 13:16:44.245926,WALLET,SUCCESS,,0,True,False,False,,
TX01911,C0479,12597.06,2026-07-13 23:05:44.245926,NETBANKING,FAILED,FRAUD_SUSPECTED,2,True,True,False,0.01,False
TX01912,C0001,6028.39,2026-07-17 08:23:44.245926,CARD,SUCCESS,,0,True,True,False,,
TX01913,C0726,11025.55,2026-08-25 02:55:44.245926,UPI,FAILED,TIMEOUT,0,True,True,True,0.85,True
TX01914,C0027,2361.24,2026-07-17 05:00:44.245926,CARD,SUCCESS,,0,True,False,False,,
TX01915,C0024,12094.99,2026-08-22 07:14:44.245926,NETBANKING,SUCCESS,,0,True,False,False,,
TX01916,C0111,9378.06,2026-08-18 09:06:44.245926,UPI,SUCCESS,,0,True,True,False,,
TX01917,C0292,14063.49,2026-08-31 07:24:44.245926,WALLET,SUCCESS,,0,True,True,False,,
TX01918,C0572,10129.42,2026-07-07 16:11:44.245926,CARD,FAILED,EXPIRED_CARD,0,True,True,True,0.2,True
TX01919,C0973,5785.81,2026-08-20 00:48:44.245926,UPI,SUCCESS,,0,True,False,False,,
TX01920,C0585,11814.05,2026-07-04 15:02:44.245926,UPI,SUCCESS,,0,True,True,False,,
TX01921,C0715,11103.78,2026-06-17 14:00:44.245926,CARD,SUCCESS,,0,True,False,False,,
TX01922,C0142,5842.44,2026-07-28 22:08:44.245926,UPI,SUCCESS,,0,True,False,False,,
TX01923,C0656,1771.69,2026-07-06 04:21:44.245926,CARD,SUCCESS,,0,True,False,False,,
TX01924,C0169,14826.42,2026-06-14 16:14:44.245926,NETBANKING,SUCCESS,,0,True,False,False,,
TX01925,C0662,6401.63,2026-08-25 04:42:44.245926,UPI,SUCCESS,,0,True,False,False,,
TX01926,C0383,9168.09,2026-08-01 09:54:44.245926,NETBANKING,SUCCESS,,0,True,True,False,,
TX01927,C0963,13523.37,2026-06-27 19:48:44.245926,NETBANKING,SUCCESS,,0,True,True,False,,
TX01928,C0821,5674.07,2026-07-30 07:08:44.245926,WALLET,SUCCESS,,0,True,False,False,,
TX01929,C0438,7544.19,2026-08-19 02:13:44.245926,UPI,SUCCESS,,0,True,False,False,,
TX01930,C0597,3523.87,2026-06-16 06:15:44.245926,WALLET,SUCCESS,,0,True,False,False,,
TX01931,C0139,9990.39,2026-08-11 02:11:44.245926,WALLET,SUCCESS,,0,True,True,False,,
TX01932,C0577,13337.69,2026-06-14 00:33:44.245926,NETBANKING,SUCCESS,,0,True,True,False,,
TX01933,C0932,11031.45,2026-07-01 20:27:44.245926,UPI,SUCCESS,,0,True,False,False,,
TX01934,C0444,10124.84,2026-07-21 18:27:44.245926,NETBANKING,FAILED,BANK_DECLINE,1,True,False,True,0.33000000000000007,True
TX01935,C0440,8816.72,2026-08-28 12:24:44.245926,CARD,SUCCESS,,0,True,False,False,,
TX01936,C0305,12056.64,2026-07-31 23:02:44.245926,UPI,SUCCESS,,0,True,True,False,,
TX01937,C0849,2977.94,2026-06-17 10:58:44.245926,NETBANKING,SUCCESS,,0,True,False,False,,
TX01938,C0158,3796.09,2026-07-10 13:25:44.245926,WALLET,FAILED,TIMEOUT,2,True,True,True,0.6499999999999999,False
TX01939,C0455,14570.46,2026-07-11 08:51:44.245926,NETBANKING,FAILED,BANK_DECLINE,0,True,False,True,0.55,True
TX01940,C0956,9935.27,2026-07-21 06:36:44.245926,WALLET,SUCCESS,,0,True,False,False,,
TX01941,C0305,13420.14,2026-06-27 16:21:44.245926,UPI,SUCCESS,,0,True,False,False,,
TX01942,C0403,11648.51,2026-07-15 23:31:44.245926,WALLET,FAILED,INSUFFICIENT_FUNDS,2,False,False,True,0.13,False
TX01943,C0336,6569.76,2026-06-06 18:12:44.245926,WALLET,SUCCESS,,0,True,False,False,,
TX01944,C0633,3638.74,2026-07-16 01:57:44.245926,NETBANKING,SUCCESS,,0,True,False,False,,
TX01945,C0831,10776.62,2026-06-15 22:35:44.245926,CARD,SUCCESS,,0,True,False,False,,
TX01946,C0272,6711.61,2026-09-02 00:56:44.245926,UPI,SUCCESS,,0,True,False,False,,
TX01947,C0015,14583.69,2026-06-21 01:36:44.245926,NETBANKING,FAILED,TIMEOUT,2,True,True,True,0.6499999999999999,False
TX01948,C0645,11081.16,2026-07-06 15:52:44.245926,NETBANKING,SUCCESS,,0,True,False,False,,
TX01949,C0362,8574.38,2026-07-22 17:42:44.245926,WALLET,SUCCESS,,0,True,False,False,,
TX01950,C0849,5631.05,2026-06-25 10:03:44.245926,NETBANKING,SUCCESS,,0,True,False,False,,
TX01951,C0242,2751.28,2026-06-18 21:28:44.245926,CARD,FAILED,NETWORK_ERROR,0,True,True,True,0.9,True
TX01952,C0932,10826.46,2026-07-23 16:07:44.245926,UPI,FAILED,FRAUD_SUSPECTED,2,True,True,False,0.01,False
TX01953,C0321,6192.83,2026-07-09 22:09:44.245926,UPI,FAILED,EXPIRED_CARD,1,False,True,True,0.18000000000000002,False
TX01954,C0597,305.2,2026-06-27 07:43:44.245926,WALLET,FAILED,INSUFFICIENT_FUNDS,2,True,False,True,0.33,False
TX01955,C0690,1170.57,2026-07-11 19:09:44.245926,NETBANKING,FAILED,NETWORK_ERROR,1,True,False,True,0.68,False
TX01956,C0260,3864.21,2026-08-15 00:24:44.245926,NETBANKING,FAILED,NETWORK_ERROR,1,True,False,True,0.88,True
TX01957,C0619,14461.35,2026-06-29 14:05:44.245926,WALLET,SUCCESS,,0,True,True,False,,
TX01958,C0652,10971.89,2026-07-27 18:39:44.245926,CARD,SUCCESS,,0,True,False,False,,
TX01959,C0688,6817.71,2026-08-04 15:12:44.245926,CARD,SUCCESS,,0,True,False,False,,
TX01960,C0144,9660.32,2026-07-21 19:59:44.245926,UPI,SUCCESS,,0,True,False,False,,
TX01961,C0671,9539.62,2026-07-17 07:50:44.245926,CARD,SUCCESS,,0,True,True,False,,
TX01962,C0813,12386.93,2026-07-23 17:04:44.245926,CARD,SUCCESS,,0,True,False,False,,
TX01963,C0126,1334.92,2026-09-01 13:19:44.245926,NETBANKING,SUCCESS,,0,True,False,False,,
TX01964,C0873,13165.96,2026-08-29 20:52:44.245926,CARD,FAILED,FRAUD_SUSPECTED,1,True,False,False,0.01,False
TX01965,C0023,2776.3,2026-08-08 01:10:44.245926,WALLET,SUCCESS,,0,True,False,False,,
TX01966,C0475,11449.36,2026-06-24 21:24:44.245926,WALLET,SUCCESS,,0,True,False,False,,
TX01967,C0028,11056.86,2026-08-30 19:15:44.245926,WALLET,SUCCESS,,0,True,False,False,,
TX01968,C0390,13079.61,2026-08-03 23:12:44.245926,WALLET,SUCCESS,,0,True,False,False,,
TX01969,C0745,6657.42,2026-06-09 14:26:44.245926,NETBANKING,SUCCESS,,0,True,False,False,,
TX01970,C0377,4418.99,2026-08-09 08:23:44.245926,WALLET,FAILED,INSUFFICIENT_FUNDS,1,True,False,True,0.35,True
TX01971,C0733,5542.92,2026-06-05 14:55:44.245926,CARD,SUCCESS,,0,True,True,False,,
TX01972,C0426,3868.34,2026-07-19 11:58:44.245926,UPI,FAILED,NETWORK_ERROR,1,True,False,True,0.8,True
TX01973,C0398,8541.86,2026-08-19 16:02:44.245926,WALLET,SUCCESS,,0,True,False,False,,
TX01974,C0692,13094.78,2026-08-04 04:59:44.245926,UPI,SUCCESS,,0,True,False,False,,
TX01975,C0714,8978.04,2026-08-15 16:19:44.245926,UPI,SUCCESS,,0,True,False,False,,
TX01976,C0409,1695.23,2026-08-31 10:32:44.245926,NETBANKING,SUCCESS,,0,True,False,False,,
TX01977,C0817,10187.36,2026-08-25 17:02:44.245926,UPI,SUCCESS,,0,True,False,False,,
TX01978,C0347,10858.85,2026-06-08 01:46:44.245926,NETBANKING,FAILED,TIMEOUT,1,False,False,True,0.75,True
TX01979,C0762,12253.46,2026-07-31 14:49:44.245926,CARD,FAILED,INSUFFICIENT_FUNDS,1,True,False,True,0.23,True
TX01980,C0647,14205.46,2026-06-13 10:31:44.245926,WALLET,SUCCESS,,0,True,False,False,,
TX01981,C0848,717.11,2026-07-16 00:11:44.245926,NETBANKING,SUCCESS,,0,True,False,False,,
TX01982,C0836,12330.02,2026-07-05 18:16:44.245926,CARD,SUCCESS,,0,True,False,False,,
TX01983,C0745,4366.5,2026-08-14 18:43:44.245926,NETBANKING,FAILED,NETWORK_ERROR,1,True,False,True,0.88,True
TX01984,C0890,8509.62,2026-08-22 00:59:44.245926,NETBANKING,SUCCESS,,0,True,False,False,,
TX01985,C0797,6199.42,2026-07-06 04:04:44.245926,CARD,SUCCESS,,0,True,False,False,,
TX01986,C0143,7647.6,2026-06-12 12:49:44.245926,NETBANKING,SUCCESS,,0,True,False,False,,
TX01987,C0218,11175.93,2026-08-19 13:28:44.245926,WALLET,SUCCESS,,0,True,False,False,,
TX01988,C0592,4795.78,2026-08-26 15:43:44.245926,CARD,SUCCESS,,0,True,False,False,,
TX01989,C0645,4899.99,2026-07-19 16:49:44.245926,NETBANKING,SUCCESS,,0,True,False,False,,
TX01990,C0052,3271.59,2026-08-21 08:35:44.245926,UPI,SUCCESS,,0,True,False,False,,
TX01991,C0573,12146.69,2026-08-24 23:32:44.245926,CARD,SUCCESS,,0,True,False,False,,
TX01992,C0035,2777.58,2026-06-05 21:28:44.245926,UPI,SUCCESS,,0,True,True,False,,
TX01993,C0047,13659.81,2026-08-07 04:21:44.245926,UPI,SUCCESS,,0,True,False,False,,
TX01994,C0101,8530.84,2026-06-20 15:19:44.245926,CARD,SUCCESS,,0,True,False,False,,
TX01995,C0492,3219.71,2026-06-12 16:28:44.245926,NETBANKING,SUCCESS,,0,True,False,False,,
TX01996,C0842,10048.9,2026-08-21 00:21:44.245926,UPI,FAILED,TIMEOUT,2,True,True,True,0.6499999999999999,True
TX01997,C0952,12721.64,2026-08-10 11:07:44.245926,CARD,SUCCESS,,0,True,False,False,,
TX01998,C0409,4620.51,2026-07-26 08:06:44.245926,NETBANKING,FAILED,FRAUD_SUSPECTED,1,False,True,False,0.01,False
TX01999,C0018,10112.56,2026-06-29 08:46:44.245926,WALLET,SUCCESS,,0,True,True,False,,
TX02000,C0767,10517.66,2026-06-24 09:02:44.245926,CARD,SUCCESS,,0,True,True,False,,
TX02001,C0605,9824.06,2026-06-24 02:28:44.245926,WALLET,SUCCESS,,0,True,True,False,,
TX02002,C0443,14479.48,2026-08-21 11:59:44.245926,NETBANKING,SUCCESS,,0,True,False,False,,
TX02003,C0349,6393.53,2026-07-24 14:51:44.245926,WALLET,SUCCESS,,0,True,False,False,,
TX02004,C0226,3035.05,2026-07-21 15:31:44.245926,CARD,SUCCESS,,0,True,False,False,,
TX02005,C0092,13362.48,2026-09-01 13:37:44.245926,NETBANKING,FAILED,TIMEOUT,1,True,False,True,0.63,False
TX02006,C0608,5742.36,2026-08-25 08:52:44.245926,UPI,SUCCESS,,0,True,False,False,,
TX02007,C0998,8243.43,2026-06-11 10:58:44.245926,CARD,SUCCESS,,0,True,False,False,,
TX02008,C0792,12941.19,2026-09-02 05:11:44.245926,WALLET,SUCCESS,,0,True,False,False,,
TX02009,C0697,8810.69,2026-06-13 05:45:44.245926,WALLET,SUCCESS,,0,True,False,False,,
TX02010,C0171,7759.57,2026-07-17 17:56:44.245926,NETBANKING,SUCCESS,,0,True,False,False,,
TX02011,C0353,12446.52,2026-06-25 04:22:44.245926,NETBANKING,SUCCESS,,0,True,False,False,,
TX02012,C0936,9781.0,2026-07-24 21:04:44.245926,CARD,SUCCESS,,0,True,False,False,,
TX02013,C0199,4256.26,2026-08-19 14:17:44.245926,NETBANKING,SUCCESS,,0,True,True,False,,
TX02014,C0309,7607.85,2026-07-14 03:32:44.245926,NETBANKING,FAILED,NETWORK_ERROR,0,True,False,True,0.78,True
TX02015,C0740,7306.41,2026-08-07 17:38:44.245926,UPI,FAILED,NETWORK_ERROR,2,True,False,True,0.7,False
TX02016,C0008,13478.98,2026-06-06 22:55:44.245926,NETBANKING,SUCCESS,,0,True,False,False,,
TX02017,C0582,10652.0,2026-08-29 06:08:44.245926,WALLET,SUCCESS,,0,True,True,False,,
TX02018,C0891,10028.47,2026-07-02 15:30:44.245926,WALLET,SUCCESS,,0,True,False,False,,
TX02019,C0299,5158.84,2026-07-26 07:33:44.245926,WALLET,SUCCESS,,0,True,False,False,,
TX02020,C0286,6284.99,2026-08-13 04:41:44.245926,CARD,SUCCESS,,0,True,False,False,,
TX02021,C0938,4922.54,2026-06-05 01:29:44.245926,NETBANKING,SUCCESS,,0,True,False,False,,
TX02022,C0098,11390.65,2026-07-27 21:58:44.245926,UPI,SUCCESS,,0,True,True,False,,
TX02023,C0434,9323.6,2026-07-22 15:59:44.245926,CARD,FAILED,TIMEOUT,0,True,False,True,0.85,True
TX02024,C0241,2936.31,2026-06-20 22:36:44.245926,NETBANKING,SUCCESS,,0,True,True,False,,
TX02025,C0354,11011.41,2026-07-04 15:29:44.245926,CARD,FAILED,NETWORK_ERROR,1,True,False,True,0.68,False
TX02026,C0297,10537.3,2026-06-17 01:15:44.245926,NETBANKING,SUCCESS,,0,True,False,False,,
TX02027,C0203,4874.57,2026-06-20 14:14:44.245926,WALLET,SUCCESS,,0,True,False,False,,
TX02028,C0287,7645.32,2026-06-21 05:52:44.245926,CARD,FAILED,TIMEOUT,0,True,False,True,0.73,False
TX02029,C0886,11351.69,2026-07-22 03:05:44.245926,CARD,SUCCESS,,0,True,False,False,,
TX02030,C0745,1195.24,2026-07-25 03:44:44.245926,NETBANKING,SUCCESS,,0,True,True,False,,
TX02031,C0897,2777.14,2026-08-31 03:41:44.245926,NETBANKING,SUCCESS,,0,True,False,False,,
TX02032,C0831,5104.84,2026-07-02 07:43:44.245926,CARD,SUCCESS,,0,True,True,False,,
TX02033,C0661,8581.46,2026-08-21 15:58:44.245926,NETBANKING,FAILED,NETWORK_ERROR,0,True,True,True,0.9,True
TX02034,C0104,5375.15,2026-08-22 19:48:44.245926,NETBANKING,SUCCESS,,0,True,False,False,,
TX02035,C0508,5800.27,2026-06-20 13:11:44.245926,UPI,SUCCESS,,0,True,False,False,,
TX02036,C0956,13231.18,2026-06-20 14:25:44.245926,WALLET,SUCCESS,,0,True,False,False,,
TX02037,C0792,6843.06,2026-07-31 01:38:44.245926,WALLET,FAILED,NETWORK_ERROR,2,False,True,True,0.5800000000000001,False
TX02038,C0141,14044.98,2026-06-14 06:07:44.245926,WALLET,FAILED,TIMEOUT,0,True,True,True,0.85,True
TX02039,C0331,2582.21,2026-07-30 06:13:44.245926,UPI,SUCCESS,,0,True,False,False,,
TX02040,C0933,13950.52,2026-07-24 07:45:44.245926,UPI,FAILED,EXPIRED_CARD,1,False,True,True,0.1,False
TX02041,C0697,2378.31,2026-08-30 20:40:44.245926,WALLET,SUCCESS,,0,True,False,False,,
TX02042,C0697,6242.98,2026-07-07 01:26:44.245926,WALLET,SUCCESS,,0,True,True,False,,
TX02043,C0627,7362.22,2026-08-20 05:33:44.245926,CARD,FAILED,EXPIRED_CARD,2,True,False,True,0.01,False
TX02044,C0970,9925.62,2026-08-26 10:41:44.245926,UPI,SUCCESS,,0,True,False,False,,
TX02045,C0278,8119.31,2026-07-10 07:47:44.245926,WALLET,SUCCESS,,0,True,False,False,,
TX02046,C0756,4453.65,2026-06-16 18:38:44.245926,UPI,SUCCESS,,0,True,False,False,,
TX02047,C0028,14180.44,2026-07-13 05:59:44.245926,WALLET,SUCCESS,,0,True,False,False,,
TX02048,C0103,7509.84,2026-07-19 03:48:44.245926,NETBANKING,SUCCESS,,0,True,True,False,,
TX02049,C0473,9262.05,2026-07-02 06:55:44.245926,CARD,SUCCESS,,0,True,False,False,,
TX02050,C0876,4521.75,2026-08-05 17:01:44.245926,WALLET,SUCCESS,,0,True,False,False,,
TX02051,C0185,912.0,2026-08-29 14:57:44.245926,WALLET,SUCCESS,,0,True,True,False,,
TX02052,C0324,11293.42,2026-07-26 10:39:44.245926,WALLET,FAILED,BANK_DECLINE,2,True,True,True,0.35000000000000003,True
TX02053,C0989,5958.05,2026-07-06 11:07:44.245926,CARD,FAILED,FRAUD_SUSPECTED,0,True,False,False,0.03,False
TX02054,C0633,12783.55,2026-07-20 18:03:44.245926,NETBANKING,SUCCESS,,0,True,False,False,,
TX02055,C0742,13686.73,2026-06-13 10:11:44.245926,UPI,SUCCESS,,0,True,False,False,,
TX02056,C0587,3557.04,2026-07-03 14:24:44.245926,WALLET,SUCCESS,,0,True,True,False,,
TX02057,C0320,3339.03,2026-08-01 17:42:44.245926,UPI,SUCCESS,,0,True,False,False,,
TX02058,C0530,5907.88,2026-08-25 09:27:44.245926,UPI,SUCCESS,,0,True,False,False,,
TX02059,C0759,369.66,2026-06-26 07:49:44.245926,WALLET,FAILED,INSUFFICIENT_FUNDS,1,False,False,True,0.35,False
TX02060,C0135,12615.47,2026-06-08 12:27:44.245926,UPI,SUCCESS,,0,True,True,False,,
TX02061,C0385,9439.93,2026-06-27 22:41:44.245926,UPI,SUCCESS,,0,True,False,False,,
TX02062,C0212,8686.93,2026-08-22 01:33:44.245926,NETBANKING,SUCCESS,,0,True,False,False,,
TX02063,C0185,14122.01,2026-08-02 21:55:44.245926,WALLET,SUCCESS,,0,True,False,False,,
TX02064,C0392,10447.13,2026-07-12 07:12:44.245926,WALLET,SUCCESS,,0,True,False,False,,
TX02065,C0051,12686.72,2026-06-21 16:38:44.245926,WALLET,SUCCESS,,0,True,False,False,,
TX02066,C0197,9121.91,2026-07-31 11:22:44.245926,WALLET,SUCCESS,,0,True,False,False,,
TX02067,C0446,11576.76,2026-06-16 04:14:44.245926,CARD,SUCCESS,,0,True,False,False,,
TX02068,C0359,9672.68,2026-06-14 22:30:44.245926,WALLET,SUCCESS,,0,True,True,False,,
TX02069,C0928,1277.55,2026-07-23 07:38:44.245926,WALLET,FAILED,TIMEOUT,2,True,False,True,0.53,False
TX02070,C0701,8183.02,2026-06-30 08:37:44.245926,WALLET,SUCCESS,,0,True,False,False,,
TX02071,C0654,11486.54,2026-07-10 09:22:44.245926,NETBANKING,SUCCESS,,0,True,False,False,,
TX02072,C0991,14268.07,2026-07-24 22:33:44.245926,WALLET,FAILED,EXPIRED_CARD,0,True,False,True,0.2,False
TX02073,C0534,3661.08,2026-08-19 06:36:44.245926,WALLET,SUCCESS,,0,True,False,False,,
TX02074,C0689,10496.17,2026-06-10 13:55:44.245926,CARD,SUCCESS,,0,True,True,False,,
TX02075,C0565,6740.2,2026-06-17 10:32:44.245926,NETBANKING,SUCCESS,,0,True,False,False,,
TX02076,C0084,10044.29,2026-07-20 06:51:44.245926,CARD,SUCCESS,,0,True,False,False,,
TX02077,C0782,3393.34,2026-07-03 09:11:44.245926,NETBANKING,SUCCESS,,0,True,True,False,,
TX02078,C0446,2544.84,2026-08-21 16:15:44.245926,CARD,SUCCESS,,0,True,False,False,,
TX02079,C0796,5446.72,2026-06-22 17:00:44.245926,UPI,FAILED,EXPIRED_CARD,0,True,False,True,0.2,True
TX02080,C0777,3004.26,2026-06-22 03:13:44.245926,UPI,SUCCESS,,0,True,False,False,,
TX02081,C0762,672.05,2026-07-14 13:02:44.245926,CARD,FAILED,NETWORK_ERROR,0,True,True,True,0.78,True
TX02082,C0399,4968.04,2026-06-14 13:57:44.245926,NETBANKING,SUCCESS,,0,True,False,False,,
TX02083,C0017,8153.82,2026-07-30 18:00:44.245926,CARD,SUCCESS,,0,True,False,False,,
TX02084,C0922,5028.35,2026-06-07 22:38:44.245926,CARD,SUCCESS,,0,True,True,False,,
TX02085,C0058,3734.83,2026-07-09 03:27:44.245926,WALLET,SUCCESS,,0,True,True,False,,
TX02086,C0346,5996.65,2026-07-26 01:12:44.245926,NETBANKING,SUCCESS,,0,True,True,False,,
TX02087,C0611,9535.81,2026-07-25 17:58:44.245926,NETBANKING,SUCCESS,,0,True,False,False,,
TX02088,C0285,12412.78,2026-07-17 19:27:44.245926,CARD,SUCCESS,,0,True,False,False,,
TX02089,C0197,4452.29,2026-07-30 12:27:44.245926,WALLET,SUCCESS,,0,True,False,False,,
TX02090,C0226,3793.74,2026-07-19 02:19:44.245926,CARD,FAILED,BANK_DECLINE,1,False,False,True,0.33000000000000007,False
TX02091,C0845,6977.08,2026-08-23 11:51:44.245926,CARD,FAILED,TIMEOUT,0,True,False,True,0.73,False
TX02092,C0984,4081.0,2026-06-19 00:54:44.245926,WALLET,SUCCESS,,0,True,False,False,,
TX02093,C0445,12140.12,2026-06-17 13:13:44.245926,UPI,SUCCESS,,0,True,True,False,,
TX02094,C0915,13233.13,2026-08-20 23:12:44.245926,UPI,SUCCESS,,0,True,True,False,,
TX02095,C0483,12649.99,2026-07-06 13:41:44.245926,WALLET,SUCCESS,,0,True,True,False,,
TX02096,C0429,13289.24,2026-07-16 08:50:44.245926,WALLET,SUCCESS,,0,True,False,False,,
TX02097,C0163,6010.11,2026-07-07 12:53:44.245926,NETBANKING,SUCCESS,,0,True,False,False,,
TX02098,C0485,2256.79,2026-07-22 16:20:44.245926,CARD,SUCCESS,,0,True,True,False,,
TX02099,C0653,3107.19,2026-06-22 03:47:44.245926,WALLET,SUCCESS,,0,True,False,False,,
TX02100,C0543,11826.65,2026-07-07 12:34:44.245926,WALLET,SUCCESS,,0,True,False,False,,
TX02101,C0729,11530.46,2026-07-11 14:25:44.245926,WALLET,SUCCESS,,0,True,False,False,,
TX02102,C0879,6074.59,2026-07-17 05:55:44.245926,UPI,SUCCESS,,0,True,True,False,,
TX02103,C0762,4714.71,2026-08-19 06:09:44.245926,CARD,FAILED,FRAUD_SUSPECTED,2,True,False,False,0.01,False
TX02104,C0982,9996.88,2026-08-28 17:51:44.245926,NETBANKING,FAILED,BANK_DECLINE,0,False,True,True,0.55,True
TX02105,C0961,2833.41,2026-09-01 23:27:44.245926,CARD,SUCCESS,,0,True,False,False,,
TX02106,C0839,2591.08,2026-07-11 00:35:44.245926,WALLET,SUCCESS,,0,True,False,False,,
TX02107,C0471,2515.04,2026-07-03 06:04:44.245926,UPI,FAILED,BANK_DECLINE,2,True,False,True,0.35000000000000003,False
TX02108,C0783,9301.18,2026-08-10 09:00:44.245926,WALLET,FAILED,BANK_DECLINE,0,True,True,True,0.63,False
TX02109,C0980,12975.06,2026-06-09 05:55:44.245926,UPI,SUCCESS,,0,True,False,False,,
TX02110,C0196,13993.97,2026-07-06 21:53:44.245926,NETBANKING,SUCCESS,,0,True,True,False,,
TX02111,C0393,3431.27,2026-08-19 23:10:44.245926,UPI,SUCCESS,,0,True,True,False,,
TX02112,C0655,4937.85,2026-08-25 18:37:44.245926,NETBANKING,SUCCESS,,0,True,False,False,,
TX02113,C0091,10642.97,2026-06-30 19:37:44.245926,WALLET,SUCCESS,,0,True,False,False,,
TX02114,C0425,2649.24,2026-08-23 14:17:44.245926,UPI,FAILED,NETWORK_ERROR,1,True,False,True,0.8,False
TX02115,C0220,9541.63,2026-08-07 03:33:44.245926,CARD,SUCCESS,,0,True,False,False,,
TX02116,C0876,13583.68,2026-09-01 07:03:44.245926,WALLET,SUCCESS,,0,True,True,False,,
TX02117,C0128,13665.02,2026-06-13 06:44:44.245926,CARD,FAILED,INSUFFICIENT_FUNDS,0,False,False,True,0.53,True
TX02118,C0492,8916.78,2026-09-02 08:30:44.245926,NETBANKING,SUCCESS,,0,True,False,False,,
TX02119,C0544,8897.9,2026-06-20 23:54:44.245926,CARD,FAILED,TIMEOUT,0,False,False,True,0.85,False
TX02120,C0516,14820.88,2026-08-24 03:15:44.245926,CARD,FAILED,TIMEOUT,0,True,False,True,0.85,True
TX02121,C0953,14895.58,2026-08-15 10:34:44.245926,NETBANKING,SUCCESS,,0,True,False,False,,
TX02122,C0632,9623.07,2026-07-01 01:19:44.245926,CARD,SUCCESS,,0,True,False,False,,
TX02123,C0871,1521.17,2026-07-29 07:32:44.245926,UPI,FAILED,FRAUD_SUSPECTED,1,True,False,False,0.01,False
TX02124,C0459,12813.42,2026-06-21 22:09:44.245926,WALLET,SUCCESS,,0,True,False,False,,
TX02125,C0625,13592.91,2026-06-06 13:53:44.245926,CARD,FAILED,BANK_DECLINE,0,True,False,True,0.63,True
TX02126,C0616,6664.36,2026-06-08 03:03:44.245926,WALLET,SUCCESS,,0,True,False,False,,
TX02127,C0725,9953.39,2026-08-03 11:11:44.245926,WALLET,FAILED,NETWORK_ERROR,2,True,False,True,0.7,False
TX02128,C0765,8732.69,2026-07-01 23:57:44.245926,NETBANKING,SUCCESS,,0,True,False,False,,
TX02129,C0305,5886.25,2026-06-07 17:17:44.245926,UPI,FAILED,INSUFFICIENT_FUNDS,1,True,False,True,0.35,True
TX02130,C0927,11826.57,2026-07-11 12:12:44.245926,WALLET,FAILED,INSUFFICIENT_FUNDS,0,False,False,True,0.45,False
TX02131,C0031,4220.09,2026-08-26 13:56:44.245926,WALLET,SUCCESS,,0,True,False,False,,
TX02132,C0325,12140.49,2026-08-26 13:54:44.245926,WALLET,SUCCESS,,0,True,False,False,,
TX02133,C0193,1968.82,2026-08-17 05:48:44.245926,CARD,SUCCESS,,0,True,True,False,,
TX02134,C0992,3871.53,2026-06-20 13:34:44.245926,CARD,FAILED,TIMEOUT,0,True,True,True,0.73,True
TX02135,C0659,10929.67,2026-08-10 11:35:44.245926,UPI,SUCCESS,,0,True,False,False,,
TX02136,C0660,9376.67,2026-06-18 16:00:44.245926,WALLET,FAILED,BANK_DECLINE,1,True,False,True,0.45000000000000007,True
TX02137,C0894,1125.65,2026-06-17 01:42:44.245926,NETBANKING,SUCCESS,,0,True,True,False,,
TX02138,C0933,1492.99,2026-06-12 19:00:44.245926,UPI,SUCCESS,,0,True,False,False,,
TX02139,C0481,6664.65,2026-08-05 20:24:44.245926,UPI,SUCCESS,,0,True,True,False,,
TX02140,C0026,1467.36,2026-07-03 14:37:44.245926,UPI,SUCCESS,,0,True,False,False,,
TX02141,C0338,12318.0,2026-08-07 21:51:44.245926,UPI,SUCCESS,,0,True,False,False,,
TX02142,C0213,3035.15,2026-06-30 15:58:44.245926,WALLET,SUCCESS,,0,True,False,False,,
TX02143,C0944,12955.21,2026-07-14 17:22:44.245926,NETBANKING,SUCCESS,,0,True,True,False,,
TX02144,C0483,2885.01,2026-06-22 10:36:44.245926,WALLET,SUCCESS,,0,True,False,False,,
TX02145,C0444,8758.88,2026-06-21 16:18:44.245926,NETBANKING,FAILED,INSUFFICIENT_FUNDS,2,True,False,True,0.13,False
TX02146,C0887,3647.42,2026-07-10 08:50:44.245926,CARD,FAILED,BANK_DECLINE,2,True,False,True,0.23000000000000004,False
TX02147,C0810,3988.96,2026-07-05 19:49:44.245926,WALLET,SUCCESS,,0,True,False,False,,
TX02148,C0298,9926.18,2026-08-31 13:36:44.245926,NETBANKING,SUCCESS,,0,True,False,False,,
TX02149,C0312,2670.58,2026-06-10 01:17:44.245926,NETBANKING,SUCCESS,,0,True,True,False,,
TX02150,C0109,11073.84,2026-07-30 20:45:44.245926,NETBANKING,SUCCESS,,0,True,False,False,,
TX02151,C0370,10208.31,2026-08-25 05:47:44.245926,UPI,SUCCESS,,0,True,False,False,,
TX02152,C0810,11240.75,2026-06-12 11:25:44.245926,WALLET,SUCCESS,,0,True,False,False,,
TX02153,C0847,13742.81,2026-08-06 23:39:44.245926,NETBANKING,FAILED,INSUFFICIENT_FUNDS,2,False,False,True,0.13,False
TX02154,C0698,5564.25,2026-08-17 06:15:44.245926,UPI,SUCCESS,,0,True,False,False,,
TX02155,C0796,11522.16,2026-07-02 23:28:44.245926,UPI,SUCCESS,,0,True,False,False,,
TX02156,C0779,3653.24,2026-06-19 23:15:44.245926,NETBANKING,SUCCESS,,0,True,True,False,,
TX02157,C0058,7134.69,2026-07-16 11:09:44.245926,WALLET,SUCCESS,,0,True,False,False,,
TX02158,C0469,14194.63,2026-07-11 03:34:44.245926,NETBANKING,SUCCESS,,0,True,False,False,,
TX02159,C0667,6946.99,2026-06-17 09:04:44.245926,NETBANKING,FAILED,INSUFFICIENT_FUNDS,1,True,True,True,0.23,True
TX02160,C0220,14849.5,2026-07-31 23:43:44.245926,CARD,SUCCESS,,0,True,True,False,,
TX02161,C0724,6685.4,2026-08-17 20:19:44.245926,UPI,SUCCESS,,0,True,False,False,,
TX02162,C0713,9016.18,2026-06-21 04:26:44.245926,CARD,SUCCESS,,0,True,True,False,,
TX02163,C0055,7242.64,2026-06-29 02:27:44.245926,UPI,SUCCESS,,0,True,False,False,,
TX02164,C0780,6065.81,2026-07-02 01:44:44.245926,CARD,SUCCESS,,0,True,False,False,,
TX02165,C0009,4381.74,2026-06-21 17:37:44.245926,NETBANKING,SUCCESS,,0,True,False,False,,
TX02166,C0858,6662.99,2026-08-29 16:09:44.245926,CARD,SUCCESS,,0,True,False,False,,
TX02167,C0082,10087.1,2026-07-06 14:37:44.245926,NETBANKING,SUCCESS,,0,True,False,False,,
TX02168,C0997,5052.25,2026-07-17 20:03:44.245926,NETBANKING,SUCCESS,,0,True,False,False,,
TX02169,C0407,7925.81,2026-07-19 10:20:44.245926,UPI,SUCCESS,,0,True,False,False,,
TX02170,C0233,490.62,2026-07-02 11:32:44.245926,NETBANKING,SUCCESS,,0,True,False,False,,
TX02171,C0854,4866.0,2026-07-30 17:46:44.245926,UPI,SUCCESS,,0,True,False,False,,
TX02172,C0677,2202.59,2026-06-30 02:29:44.245926,WALLET,SUCCESS,,0,True,False,False,,
TX02173,C0840,10421.16,2026-06-16 02:35:44.245926,CARD,SUCCESS,,0,True,False,False,,
TX02174,C0022,1227.94,2026-07-15 03:20:44.245926,NETBANKING,FAILED,TIMEOUT,0,True,True,True,0.9299999999999999,True
TX02175,C0203,4894.29,2026-08-26 19:08:44.245926,WALLET,FAILED,EXPIRED_CARD,1,True,False,True,0.01,False
TX02176,C0705,3157.35,2026-06-16 00:24:44.245926,WALLET,SUCCESS,,0,True,False,False,,
TX02177,C0496,8712.44,2026-08-26 09:37:44.245926,CARD,FAILED,NETWORK_ERROR,2,True,True,True,0.5800000000000001,False
TX02178,C0589,13391.19,2026-07-02 23:26:44.245926,WALLET,SUCCESS,,0,True,False,False,,
TX02179,C0744,11327.83,2026-07-31 04:58:44.245926,UPI,SUCCESS,,0,True,False,False,,
TX02180,C0123,7101.53,2026-08-25 09:42:44.245926,CARD,SUCCESS,,0,True,False,False,,
TX02181,C0692,4210.31,2026-07-15 08:35:44.245926,UPI,FAILED,TIMEOUT,0,True,True,True,0.9299999999999999,True
TX02182,C0777,1167.61,2026-06-26 21:21:44.245926,UPI,SUCCESS,,0,True,True,False,,
TX02183,C0614,5535.68,2026-07-30 22:31:44.245926,CARD,SUCCESS,,0,True,False,False,,
TX02184,C0846,4309.54,2026-07-03 13:48:44.245926,NETBANKING,SUCCESS,,0,True,False,False,,
TX02185,C0319,13283.24,2026-06-22 15:43:44.245926,NETBANKING,SUCCESS,,0,True,False,False,,
TX02186,C0721,14378.57,2026-07-28 20:07:44.245926,CARD,SUCCESS,,0,True,False,False,,
TX02187,C0733,1190.28,2026-08-23 23:29:44.245926,CARD,SUCCESS,,0,True,True,False,,
TX02188,C0560,4452.11,2026-08-15 10:00:44.245926,NETBANKING,FAILED,TIMEOUT,2,True,False,True,0.53,True
TX02189,C0025,671.67,2026-08-02 18:12:44.245926,WALLET,SUCCESS,,0,True,False,False,,
TX02190,C0826,5718.89,2026-08-14 01:26:44.245926,CARD,SUCCESS,,0,True,False,False,,
TX02191,C0862,9500.58,2026-07-24 23:40:44.245926,NETBANKING,SUCCESS,,0,True,True,False,,
TX02192,C0208,4917.08,2026-08-28 17:22:44.245926,UPI,SUCCESS,,0,True,False,False,,
TX02193,C0260,10682.56,2026-07-15 17:00:44.245926,NETBANKING,SUCCESS,,0,True,False,False,,
TX02194,C0455,5045.21,2026-06-05 23:43:44.245926,NETBANKING,SUCCESS,,0,True,True,False,,
TX02195,C0064,8422.85,2026-07-08 00:23:44.245926,CARD,SUCCESS,,0,True,True,False,,
TX02196,C0800,5812.93,2026-06-06 18:18:44.245926,NETBANKING,FAILED,BANK_DECLINE,2,True,False,True,0.35000000000000003,True
TX02197,C0847,9761.23,2026-07-03 22:30:44.245926,NETBANKING,FAILED,BANK_DECLINE,2,True,False,True,0.23000000000000004,False
TX02198,C0966,7601.15,2026-08-27 19:38:44.245926,NETBANKING,SUCCESS,,0,True,True,False,,
TX02199,C0565,7984.87,2026-08-29 00:24:44.245926,NETBANKING,SUCCESS,,0,True,False,False,,
TX02200,C0310,5596.66,2026-07-06 22:44:44.245926,CARD,SUCCESS,,0,True,False,False,,
TX02201,C0639,11337.51,2026-07-19 06:28:44.245926,WALLET,SUCCESS,,0,True,False,False,,
TX02202,C0502,6420.39,2026-08-15 07:52:44.245926,NETBANKING,SUCCESS,,0,True,False,False,,
TX02203,C0558,12395.84,2026-08-17 13:41:44.245926,CARD,SUCCESS,,0,True,True,False,,
TX02204,C0894,11512.63,2026-08-22 12:18:44.245926,NETBANKING,SUCCESS,,0,True,False,False,,
TX02205,C0061,9777.95,2026-07-25 04:57:44.245926,WALLET,SUCCESS,,0,True,True,False,,
TX02206,C0950,10550.13,2026-07-18 00:24:44.245926,NETBANKING,FAILED,NETWORK_ERROR,0,True,False,True,0.78,False
TX02207,C0050,4996.05,2026-07-09 17:14:44.245926,CARD,SUCCESS,,0,True,False,False,,
TX02208,C0468,583.06,2026-08-13 03:01:44.245926,UPI,SUCCESS,,0,True,False,False,,
TX02209,C0438,10806.71,2026-07-12 05:07:44.245926,UPI,SUCCESS,,0,True,False,False,,
TX02210,C0318,8968.13,2026-06-23 10:53:44.245926,WALLET,SUCCESS,,0,True,True,False,,
TX02211,C0510,5435.91,2026-06-11 18:48:44.245926,WALLET,SUCCESS,,0,True,False,False,,
TX02212,C0433,13509.11,2026-06-19 09:20:44.245926,NETBANKING,SUCCESS,,0,True,False,False,,
TX02213,C0242,408.04,2026-07-31 13:52:44.245926,CARD,SUCCESS,,0,True,False,False,,
TX02214,C0776,8477.06,2026-07-20 22:43:44.245926,UPI,SUCCESS,,0,True,False,False,,
TX02215,C0915,11386.32,2026-06-27 18:31:44.245926,UPI,SUCCESS,,0,True,False,False,,
TX02216,C0577,4127.03,2026-06-15 07:00:44.245926,NETBANKING,SUCCESS,,0,True,False,False,,
TX02217,C0920,6849.49,2026-08-31 12:43:44.245926,WALLET,SUCCESS,,0,True,False,False,,
TX02218,C0105,6263.66,2026-06-21 06:27:44.245926,WALLET,SUCCESS,,0,True,True,False,,
TX02219,C0091,1868.93,2026-08-28 09:02:44.245926,WALLET,SUCCESS,,0,True,False,False,,
TX02220,C0848,8682.04,2026-08-11 11:07:44.245926,NETBANKING,SUCCESS,,0,True,False,False,,
TX02221,C0310,3450.83,2026-07-28 10:40:44.245926,CARD,SUCCESS,,0,True,False,False,,
TX02222,C0478,1099.2,2026-07-31 10:27:44.245926,NETBANKING,SUCCESS,,0,True,True,False,,
TX02223,C0481,12700.36,2026-06-24 04:18:44.245926,UPI,FAILED,BANK_DECLINE,1,True,False,True,0.33000000000000007,False
TX02224,C0554,14217.89,2026-07-09 19:31:44.245926,UPI,SUCCESS,,0,True,False,False,,
TX02225,C0597,6044.09,2026-08-12 01:30:44.245926,WALLET,SUCCESS,,0,True,True,False,,
TX02226,C0584,8544.2,2026-06-30 10:01:44.245926,UPI,SUCCESS,,0,True,False,False,,
TX02227,C0501,14086.03,2026-06-11 12:21:44.245926,CARD,SUCCESS,,0,True,False,False,,
TX02228,C0873,12834.42,2026-07-30 19:30:44.245926,CARD,FAILED,NETWORK_ERROR,0,False,False,True,0.78,False
TX02229,C0808,8651.23,2026-06-18 23:05:44.245926,UPI,SUCCESS,,0,True,True,False,,
TX02230,C0668,9792.85,2026-08-31 19:44:44.245926,CARD,SUCCESS,,0,True,False,False,,
TX02231,C0114,1418.66,2026-07-12 10:41:44.245926,UPI,SUCCESS,,0,True,False,False,,
TX02232,C0944,814.39,2026-06-15 08:59:44.245926,NETBANKING,SUCCESS,,0,True,False,False,,
TX02233,C0101,13972.85,2026-08-24 05:09:44.245926,CARD,SUCCESS,,0,True,False,False,,
TX02234,C0909,2068.78,2026-08-01 09:35:44.245926,WALLET,FAILED,INSUFFICIENT_FUNDS,2,True,False,True,0.25,False
TX02235,C0433,1955.03,2026-08-09 10:03:44.245926,NETBANKING,SUCCESS,,0,True,True,False,,
TX02236,C0013,8822.72,2026-07-25 04:26:44.245926,CARD,FAILED,TIMEOUT,0,True,False,True,0.85,True
TX02237,C0634,1257.82,2026-08-05 03:50:44.245926,CARD,SUCCESS,,0,True,False,False,,
TX02238,C0593,6657.57,2026-07-16 20:01:44.245926,NETBANKING,SUCCESS,,0,True,False,False,,
TX02239,C0735,8778.38,2026-06-08 10:52:44.245926,UPI,FAILED,INSUFFICIENT_FUNDS,1,True,True,True,0.43000000000000005,False
TX02240,C0637,10167.27,2026-08-31 02:48:44.245926,WALLET,SUCCESS,,0,True,False,False,,
TX02241,C0559,6885.44,2026-06-04 14:56:44.245926,UPI,SUCCESS,,0,True,False,False,,
TX02242,C0454,8579.22,2026-08-21 10:49:44.245926,NETBANKING,SUCCESS,,0,True,False,False,,
TX02243,C0889,7481.36,2026-06-25 12:26:44.245926,UPI,FAILED,INSUFFICIENT_FUNDS,2,True,False,True,0.25,False
TX02244,C0763,7245.39,2026-06-19 08:43:44.245926,NETBANKING,SUCCESS,,0,True,False,False,,
TX02245,C0788,10975.12,2026-07-23 16:00:44.245926,UPI,FAILED,NETWORK_ERROR,2,True,False,True,0.7,True
TX02246,C0627,14757.64,2026-08-13 06:54:44.245926,CARD,SUCCESS,,0,True,False,False,,
TX02247,C0243,11349.39,2026-07-19 10:57:44.245926,WALLET,SUCCESS,,0,True,False,False,,
TX02248,C0318,14432.38,2026-06-12 07:31:44.245926,WALLET,SUCCESS,,0,True,False,False,,
TX02249,C0147,5192.22,2026-07-07 02:12:44.245926,NETBANKING,FAILED,BANK_DECLINE,1,True,True,True,0.45000000000000007,False
TX02250,C0489,7743.39,2026-08-21 16:45:44.245926,WALLET,SUCCESS,,0,True,False,False,,
TX02251,C0070,5322.25,2026-08-01 00:49:44.245926,NETBANKING,SUCCESS,,0,True,False,False,,
TX02252,C0929,12041.41,2026-06-17 03:28:44.245926,WALLET,SUCCESS,,0,True,False,False,,
TX02253,C0342,12422.88,2026-07-10 12:31:44.245926,WALLET,SUCCESS,,0,True,True,False,,
TX02254,C0041,1944.64,2026-07-20 01:58:44.245926,CARD,SUCCESS,,0,True,False,False,,
TX02255,C0663,8759.33,2026-06-27 15:07:44.245926,NETBANKING,SUCCESS,,0,True,False,False,,
TX02256,C0267,2721.12,2026-06-25 02:05:44.245926,UPI,SUCCESS,,0,True,False,False,,
TX02257,C0638,7490.95,2026-07-04 01:43:44.245926,NETBANKING,FAILED,INSUFFICIENT_FUNDS,1,True,False,True,0.23,False
TX02258,C0778,8782.19,2026-08-11 16:42:44.245926,NETBANKING,SUCCESS,,0,True,False,False,,
TX02259,C0394,1864.47,2026-08-01 17:48:44.245926,CARD,SUCCESS,,0,True,False,False,,
TX02260,C0560,10500.96,2026-08-12 00:20:44.245926,NETBANKING,SUCCESS,,0,True,True,False,,
TX02261,C0507,11965.83,2026-07-20 08:48:44.245926,CARD,SUCCESS,,0,True,False,False,,
TX02262,C0361,13762.9,2026-08-06 16:47:44.245926,NETBANKING,SUCCESS,,0,True,False,False,,
TX02263,C0899,6269.96,2026-08-18 13:25:44.245926,WALLET,SUCCESS,,0,True,True,False,,
TX02264,C0499,14287.79,2026-06-21 19:56:44.245926,NETBANKING,SUCCESS,,0,True,True,False,,
TX02265,C0597,2079.81,2026-06-21 08:22:44.245926,WALLET,SUCCESS,,0,True,False,False,,
TX02266,C0578,1285.22,2026-07-15 15:24:44.245926,CARD,SUCCESS,,0,True,False,False,,
TX02267,C0808,5555.46,2026-07-11 03:03:44.245926,UPI,SUCCESS,,0,True,True,False,,
TX02268,C0442,5344.59,2026-07-08 13:41:44.245926,CARD,SUCCESS,,0,True,True,False,,
TX02269,C0264,8968.45,2026-07-17 23:51:44.245926,CARD,SUCCESS,,0,True,False,False,,
TX02270,C0687,10283.03,2026-09-01 09:00:44.245926,NETBANKING,SUCCESS,,0,True,True,False,,
TX02271,C0076,756.29,2026-08-07 05:14:44.245926,UPI,SUCCESS,,0,True,False,False,,
TX02272,C0790,11367.89,2026-08-13 12:18:44.245926,NETBANKING,FAILED,NETWORK_ERROR,2,True,False,True,0.5800000000000001,False
TX02273,C0324,14921.18,2026-07-09 00:44:44.245926,WALLET,SUCCESS,,0,True,True,False,,
TX02274,C0381,13616.37,2026-07-17 16:03:44.245926,WALLET,SUCCESS,,0,True,False,False,,
TX02275,C0749,3907.23,2026-08-19 01:13:44.245926,WALLET,SUCCESS,,0,True,False,False,,
TX02276,C0565,6983.89,2026-08-11 15:00:44.245926,NETBANKING,FAILED,TIMEOUT,2,False,False,True,0.6499999999999999,True
TX02277,C0227,12863.24,2026-06-24 03:45:44.245926,WALLET,SUCCESS,,0,True,False,False,,
TX02278,C0357,10352.21,2026-07-28 11:02:44.245926,NETBANKING,SUCCESS,,0,True,False,False,,
TX02279,C0199,14052.41,2026-07-14 21:33:44.245926,NETBANKING,SUCCESS,,0,True,True,False,,
TX02280,C0716,4338.69,2026-07-25 21:03:44.245926,NETBANKING,SUCCESS,,0,True,False,False,,
TX02281,C0068,9909.42,2026-06-08 21:06:44.245926,NETBANKING,FAILED,TIMEOUT,0,True,False,True,0.85,True
TX02282,C0309,2692.37,2026-06-30 20:49:44.245926,NETBANKING,SUCCESS,,0,True,False,False,,
TX02283,C0211,10396.07,2026-08-31 14:32:44.245926,WALLET,SUCCESS,,0,True,False,False,,
TX02284,C0617,7447.84,2026-06-04 23:07:44.245926,NETBANKING,SUCCESS,,0,True,False,False,,
TX02285,C0933,9911.91,2026-06-20 12:32:44.245926,UPI,SUCCESS,,0,True,False,False,,
TX02286,C0300,2985.36,2026-07-05 09:34:44.245926,UPI,SUCCESS,,0,True,False,False,,
TX02287,C0700,7552.26,2026-08-08 10:03:44.245926,UPI,SUCCESS,,0,True,False,False,,
TX02288,C0086,13701.33,2026-06-13 16:29:44.245926,UPI,SUCCESS,,0,True,True,False,,
TX02289,C0750,14688.31,2026-07-29 12:46:44.245926,CARD,SUCCESS,,0,True,False,False,,
TX02290,C0020,5690.13,2026-08-07 01:29:44.245926,CARD,SUCCESS,,0,True,False,False,,
TX02291,C0301,13496.04,2026-07-07 23:13:44.245926,CARD,FAILED,BANK_DECLINE,0,True,False,True,0.43000000000000005,True
TX02292,C0040,1284.0,2026-06-12 09:16:44.245926,CARD,SUCCESS,,0,True,False,False,,
TX02293,C0132,5557.35,2026-07-10 23:23:44.245926,WALLET,FAILED,BANK_DECLINE,0,False,True,True,0.43000000000000005,False
TX02294,C0738,8685.18,2026-08-03 22:36:44.245926,CARD,SUCCESS,,0,True,True,False,,
TX02295,C0923,8325.01,2026-07-25 04:16:44.245926,CARD,SUCCESS,,0,True,False,False,,
TX02296,C0606,11912.97,2026-06-21 07:56:44.245926,CARD,SUCCESS,,0,True,False,False,,
TX02297,C0160,884.41,2026-06-22 20:56:44.245926,WALLET,SUCCESS,,0,True,True,False,,
TX02298,C0249,10611.67,2026-06-05 11:08:44.245926,CARD,SUCCESS,,0,True,False,False,,
TX02299,C0084,478.83,2026-07-22 04:36:44.245926,CARD,SUCCESS,,0,True,False,False,,
TX02300,C0759,430.21,2026-08-23 13:54:44.245926,WALLET,SUCCESS,,0,True,False,False,,
TX02301,C0761,3882.04,2026-07-18 04:06:44.245926,WALLET,SUCCESS,,0,True,False,False,,
TX02302,C0608,7278.97,2026-07-18 00:29:44.245926,UPI,SUCCESS,,0,True,True,False,,
TX02303,C0526,8429.58,2026-07-31 12:27:44.245926,CARD,SUCCESS,,0,True,False,False,,
TX02304,C0415,2447.85,2026-06-16 00:01:44.245926,WALLET,FAILED,EXPIRED_CARD,0,False,False,True,0.2,True
TX02305,C0864,8622.51,2026-06-26 22:24:44.245926,WALLET,FAILED,BANK_DECLINE,1,True,True,True,0.45000000000000007,True
TX02306,C0801,1177.19,2026-07-13 18:07:44.245926,CARD,SUCCESS,,0,True,True,False,,
TX02307,C0146,6101.04,2026-06-21 23:26:44.245926,UPI,SUCCESS,,0,True,False,False,,
TX02308,C0527,6044.41,2026-07-29 15:27:44.245926,WALLET,FAILED,EXPIRED_CARD,0,True,False,True,0.28,True
TX02309,C0185,13364.54,2026-08-02 05:58:44.245926,WALLET,SUCCESS,,0,True,False,False,,
TX02310,C0868,3847.71,2026-07-21 21:23:44.245926,WALLET,SUCCESS,,0,True,False,False,,
TX02311,C0160,6661.3,2026-06-07 06:12:44.245926,WALLET,FAILED,TIMEOUT,2,True,True,True,0.53,False
TX02312,C0136,5731.96,2026-07-10 05:47:44.245926,WALLET,SUCCESS,,0,True,False,False,,
TX02313,C0446,14804.18,2026-07-05 12:39:44.245926,CARD,SUCCESS,,0,True,False,False,,
TX02314,C0608,5108.19,2026-07-02 11:49:44.245926,UPI,SUCCESS,,0,True,False,False,,
TX02315,C0088,7470.48,2026-08-12 09:17:44.245926,WALLET,SUCCESS,,0,True,False,False,,
TX02316,C0283,10520.17,2026-08-27 11:59:44.245926,CARD,SUCCESS,,0,True,False,False,,
TX02317,C0875,11851.5,2026-06-16 22:32:44.245926,UPI,SUCCESS,,0,True,False,False,,
TX02318,C0188,7498.23,2026-07-05 14:41:44.245926,NETBANKING,SUCCESS,,0,True,False,False,,
TX02319,C0499,1225.14,2026-07-31 17:01:44.245926,NETBANKING,SUCCESS,,0,True,False,False,,
TX02320,C0475,4547.52,2026-07-21 04:28:44.245926,WALLET,SUCCESS,,0,True,True,False,,
TX02321,C0707,5065.22,2026-06-26 05:41:44.245926,UPI,FAILED,BANK_DECLINE,1,False,False,True,0.53,True
TX02322,C0631,4394.28,2026-07-28 20:30:44.245926,CARD,SUCCESS,,0,True,False,False,,
TX02323,C0787,11594.22,2026-08-24 12:07:44.245926,UPI,SUCCESS,,0,True,False,False,,
TX02324,C0091,10418.48,2026-06-21 17:40:44.245926,WALLET,SUCCESS,,0,True,False,False,,
TX02325,C0126,8278.81,2026-07-03 16:13:44.245926,NETBANKING,SUCCESS,,0,True,True,False,,
TX02326,C0863,7945.66,2026-06-15 02:44:44.245926,UPI,SUCCESS,,0,True,False,False,,
TX02327,C0826,9687.35,2026-06-23 04:06:44.245926,CARD,FAILED,BANK_DECLINE,2,True,False,True,0.35000000000000003,True
TX02328,C0172,3910.82,2026-07-18 12:44:44.245926,UPI,SUCCESS,,0,True,False,False,,
TX02329,C0116,7048.46,2026-07-05 12:28:44.245926,WALLET,FAILED,NETWORK_ERROR,2,True,False,True,0.7,True
TX02330,C0626,6078.29,2026-06-10 12:03:44.245926,NETBANKING,SUCCESS,,0,True,True,False,,
TX02331,C0944,13938.74,2026-07-15 20:07:44.245926,NETBANKING,FAILED,FRAUD_SUSPECTED,2,True,False,False,0.01,False
TX02332,C0369,1049.6,2026-07-13 09:01:44.245926,UPI,SUCCESS,,0,True,False,False,,
TX02333,C0364,1888.76,2026-07-14 05:42:44.245926,CARD,SUCCESS,,0,True,False,False,,
TX02334,C0439,2962.24,2026-07-07 08:01:44.245926,WALLET,SUCCESS,,0,True,False,False,,
TX02335,C0524,903.21,2026-06-10 20:12:44.245926,WALLET,FAILED,TIMEOUT,2,True,True,True,0.6499999999999999,True
TX02336,C0128,6521.98,2026-06-08 01:55:44.245926,CARD,SUCCESS,,0,True,False,False,,
TX02337,C0645,444.88,2026-07-05 04:11:44.245926,NETBANKING,SUCCESS,,0,True,False,False,,
TX02338,C0129,4477.57,2026-06-26 08:27:44.245926,NETBANKING,SUCCESS,,0,True,True,False,,
TX02339,C0606,8688.07,2026-06-28 17:22:44.245926,CARD,FAILED,FRAUD_SUSPECTED,1,True,False,False,0.01,False
TX02340,C0468,3532.12,2026-08-16 18:47:44.245926,UPI,SUCCESS,,0,True,False,False,,
TX02341,C0405,8263.16,2026-06-06 00:46:44.245926,CARD,SUCCESS,,0,True,False,False,,
TX02342,C0301,11184.7,2026-09-01 12:37:44.245926,CARD,SUCCESS,,0,True,False,False,,
TX02343,C0188,2131.08,2026-06-26 20:30:44.245926,NETBANKING,FAILED,EXPIRED_CARD,0,True,False,True,0.08000000000000002,False
TX02344,C0819,4408.22,2026-06-04 17:36:44.245926,WALLET,FAILED,NETWORK_ERROR,1,True,False,True,0.8,False
TX02345,C0832,3713.06,2026-08-20 13:35:44.245926,NETBANKING,SUCCESS,,0,True,True,False,,
TX02346,C0194,6805.16,2026-08-10 17:24:44.245926,CARD,SUCCESS,,0,True,False,False,,
TX02347,C0769,11335.2,2026-06-06 12:59:44.245926,NETBANKING,FAILED,BANK_DECLINE,1,True,False,True,0.33000000000000007,False
TX02348,C0835,5331.64,2026-06-06 07:56:44.245926,UPI,SUCCESS,,0,True,False,False,,
TX02349,C0218,12621.82,2026-07-29 15:43:44.245926,WALLET,SUCCESS,,0,True,True,False,,
TX02350,C0459,1437.15,2026-08-19 15:00:44.245926,WALLET,SUCCESS,,0,True,False,False,,
TX02351,C0211,11884.63,2026-06-23 07:10:44.245926,WALLET,SUCCESS,,0,True,True,False,,
TX02352,C0743,4329.88,2026-08-08 12:28:44.245926,CARD,SUCCESS,,0,True,False,False,,
TX02353,C0506,9126.4,2026-07-17 04:47:44.245926,UPI,SUCCESS,,0,True,False,False,,
TX02354,C0592,8580.64,2026-08-02 04:44:44.245926,CARD,SUCCESS,,0,True,False,False,,
TX02355,C0060,12061.48,2026-07-09 20:10:44.245926,NETBANKING,SUCCESS,,0,True,False,False,,
TX02356,C0661,601.26,2026-07-14 03:46:44.245926,NETBANKING,SUCCESS,,0,True,False,False,,
TX02357,C0625,1615.08,2026-06-27 15:34:44.245926,CARD,SUCCESS,,0,True,False,False,,
TX02358,C0935,13700.5,2026-06-28 02:21:44.245926,WALLET,SUCCESS,,0,True,False,False,,
TX02359,C0084,12848.61,2026-08-02 03:43:44.245926,CARD,SUCCESS,,0,True,False,False,,
TX02360,C0717,3176.97,2026-06-07 17:58:44.245926,WALLET,SUCCESS,,0,True,False,False,,
TX02361,C0783,11482.44,2026-06-12 15:13:44.245926,WALLET,SUCCESS,,0,True,False,False,,
TX02362,C0159,9347.11,2026-07-24 18:20:44.245926,NETBANKING,SUCCESS,,0,True,True,False,,
TX02363,C0790,14000.55,2026-07-15 16:29:44.245926,NETBANKING,SUCCESS,,0,True,True,False,,
TX02364,C0560,6707.64,2026-08-22 17:25:44.245926,NETBANKING,SUCCESS,,0,True,False,False,,
TX02365,C0229,4880.5,2026-07-21 19:45:44.245926,CARD,SUCCESS,,0,True,True,False,,
TX02366,C0816,9427.89,2026-07-26 13:34:44.245926,UPI,FAILED,INSUFFICIENT_FUNDS,2,True,False,True,0.25,False
TX02367,C0404,3772.8,2026-08-16 23:11:44.245926,WALLET,FAILED,FRAUD_SUSPECTED,2,True,True,False,0.01,False
TX02368,C0521,2927.34,2026-06-15 17:51:44.245926,NETBANKING,SUCCESS,,0,True,False,False,,
TX02369,C0641,5723.28,2026-06-20 17:32:44.245926,WALLET,SUCCESS,,0,True,True,False,,
TX02370,C0312,3911.0,2026-06-05 05:47:44.245926,NETBANKING,FAILED,TIMEOUT,0,True,True,True,0.85,True
TX02371,C0064,1135.7,2026-06-16 17:29:44.245926,CARD,SUCCESS,,0,True,True,False,,
TX02372,C0219,12744.1,2026-06-26 11:10:44.245926,CARD,SUCCESS,,0,True,False,False,,
TX02373,C0128,8735.81,2026-06-29 20:46:44.245926,CARD,SUCCESS,,0,True,False,False,,
TX02374,C0584,10740.08,2026-08-08 09:11:44.245926,UPI,SUCCESS,,0,True,True,False,,
TX02375,C0744,11391.35,2026-06-10 13:12:44.245926,UPI,SUCCESS,,0,True,False,False,,
TX02376,C0637,4521.88,2026-07-22 14:04:44.245926,WALLET,SUCCESS,,0,True,False,False,,
TX02377,C0431,6106.75,2026-07-23 17:32:44.245926,UPI,FAILED,INSUFFICIENT_FUNDS,2,True,False,True,0.13,False
TX02378,C0177,8788.84,2026-08-19 16:30:44.245926,CARD,SUCCESS,,0,True,False,False,,
TX02379,C0260,7995.02,2026-07-11 13:16:44.245926,NETBANKING,SUCCESS,,0,True,True,False,,
TX02380,C0405,2155.73,2026-06-07 18:14:44.245926,CARD,SUCCESS,,0,True,True,False,,
TX02381,C0690,5702.27,2026-07-01 14:38:44.245926,NETBANKING,SUCCESS,,0,True,True,False,,
TX02382,C0567,5923.81,2026-07-01 16:59:44.245926,CARD,FAILED,TIMEOUT,1,True,True,True,0.63,False
TX02383,C0737,11330.11,2026-07-15 09:35:44.245926,CARD,SUCCESS,,0,True,False,False,,
TX02384,C0525,11313.61,2026-08-02 12:36:44.245926,UPI,SUCCESS,,0,True,False,False,,
TX02385,C0089,2392.04,2026-08-25 09:51:44.245926,CARD,SUCCESS,,0,True,True,False,,
TX02386,C0703,7455.6,2026-07-16 21:26:44.245926,WALLET,SUCCESS,,0,True,False,False,,
TX02387,C0235,3308.98,2026-06-16 07:34:44.245926,NETBANKING,SUCCESS,,0,True,False,False,,
TX02388,C0407,14231.56,2026-08-25 02:17:44.245926,UPI,SUCCESS,,0,True,False,False,,
TX02389,C0650,5798.32,2026-07-06 08:28:44.245926,NETBANKING,SUCCESS,,0,True,False,False,,
TX02390,C0034,9905.45,2026-07-13 21:25:44.245926,CARD,SUCCESS,,0,True,True,False,,
TX02391,C0353,12370.09,2026-07-24 15:41:44.245926,NETBANKING,SUCCESS,,0,True,False,False,,
TX02392,C0826,13068.85,2026-07-18 02:04:44.245926,CARD,FAILED,NETWORK_ERROR,1,True,True,True,0.8,False
TX02393,C0979,2445.3,2026-08-08 04:06:44.245926,WALLET,FAILED,BANK_DECLINE,0,True,False,True,0.43000000000000005,True
TX02394,C0161,6230.16,2026-08-16 03:03:44.245926,WALLET,SUCCESS,,0,True,False,False,,
TX02395,C0698,5100.21,2026-07-07 22:31:44.245926,UPI,SUCCESS,,0,True,True,False,,
TX02396,C0598,2112.48,2026-07-14 08:22:44.245926,UPI,SUCCESS,,0,True,False,False,,
TX02397,C0059,7855.38,2026-08-04 02:16:44.245926,WALLET,SUCCESS,,0,True,False,False,,
TX02398,C0497,8625.35,2026-06-10 13:40:44.245926,UPI,SUCCESS,,0,True,False,False,,
TX02399,C0247,12423.28,2026-07-04 11:54:44.245926,NETBANKING,SUCCESS,,0,True,False,False,,
TX02400,C0250,10921.39,2026-06-28 18:11:44.245926,WALLET,SUCCESS,,0,True,True,False,,
TX02401,C0566,3186.11,2026-07-30 14:15:44.245926,WALLET,SUCCESS,,0,True,False,False,,
TX02402,C0673,915.81,2026-07-02 00:24:44.245926,CARD,SUCCESS,,0,True,True,False,,
TX02403,C0117,6450.13,2026-06-22 01:44:44.245926,UPI,SUCCESS,,0,True,False,False,,
TX02404,C0984,2529.2,2026-07-24 05:44:44.245926,WALLET,FAILED,BANK_DECLINE,0,True,False,True,0.43000000000000005,True
TX02405,C0205,7395.17,2026-06-10 11:03:44.245926,UPI,SUCCESS,,0,True,True,False,,
TX02406,C0219,2734.38,2026-08-04 16:01:44.245926,CARD,FAILED,BANK_DECLINE,0,True,False,True,0.43000000000000005,False
TX02407,C0667,5770.11,2026-07-17 03:04:44.245926,NETBANKING,FAILED,FRAUD_SUSPECTED,1,True,False,False,0.01,False
TX02408,C0488,9583.41,2026-07-04 04:00:44.245926,WALLET,SUCCESS,,0,True,False,False,,
TX02409,C0960,12579.77,2026-07-28 03:04:44.245926,UPI,SUCCESS,,0,True,False,False,,
TX02410,C0555,9029.6,2026-08-25 01:18:44.245926,NETBANKING,SUCCESS,,0,True,True,False,,
TX02411,C0283,6677.94,2026-06-29 05:17:44.245926,CARD,SUCCESS,,0,True,False,False,,
TX02412,C0081,7633.45,2026-08-09 08:53:44.245926,UPI,SUCCESS,,0,True,False,False,,
TX02413,C0721,8997.88,2026-08-16 09:57:44.245926,CARD,SUCCESS,,0,True,False,False,,
TX02414,C0100,2475.19,2026-06-24 19:12:44.245926,NETBANKING,SUCCESS,,0,True,False,False,,
TX02415,C0577,14355.8,2026-07-16 17:03:44.245926,NETBANKING,SUCCESS,,0,True,False,False,,
TX02416,C0793,10551.51,2026-07-20 11:42:44.245926,CARD,FAILED,TIMEOUT,2,True,False,True,0.6499999999999999,True
TX02417,C0943,9458.95,2026-08-29 18:41:44.245926,WALLET,SUCCESS,,0,True,False,False,,
TX02418,C0585,4915.17,2026-08-24 09:24:44.245926,UPI,SUCCESS,,0,True,True,False,,
TX02419,C0422,6652.87,2026-07-12 03:34:44.245926,CARD,SUCCESS,,0,True,False,False,,
TX02420,C0829,14082.63,2026-06-15 04:57:44.245926,UPI,SUCCESS,,0,True,False,False,,
TX02421,C0578,14967.64,2026-08-27 21:34:44.245926,CARD,SUCCESS,,0,True,False,False,,
TX02422,C0278,6258.17,2026-08-20 18:20:44.245926,WALLET,SUCCESS,,0,True,True,False,,
TX02423,C0445,12126.58,2026-07-05 00:55:44.245926,UPI,SUCCESS,,0,True,True,False,,
TX02424,C0630,5839.66,2026-06-11 23:44:44.245926,NETBANKING,SUCCESS,,0,True,True,False,,
TX02425,C0645,11140.22,2026-06-18 02:27:44.245926,NETBANKING,SUCCESS,,0,True,False,False,,
TX02426,C0433,1657.03,2026-08-31 17:48:44.245926,NETBANKING,SUCCESS,,0,True,False,False,,
TX02427,C0691,2532.75,2026-06-09 02:52:44.245926,NETBANKING,SUCCESS,,0,True,True,False,,
TX02428,C0064,2262.2,2026-09-01 23:36:44.245926,CARD,SUCCESS,,0,True,False,False,,
TX02429,C0530,13795.83,2026-08-07 03:49:44.245926,UPI,SUCCESS,,0,True,False,False,,
TX02430,C0352,894.32,2026-08-24 17:12:44.245926,UPI,SUCCESS,,0,True,False,False,,
TX02431,C0446,14945.84,2026-06-11 22:34:44.245926,CARD,SUCCESS,,0,True,False,False,,
TX02432,C0437,12375.02,2026-06-21 22:39:44.245926,WALLET,SUCCESS,,0,True,False,False,,
TX02433,C0191,12415.61,2026-07-19 01:53:44.245926,NETBANKING,SUCCESS,,0,True,True,False,,
TX02434,C0861,9346.9,2026-07-22 07:56:44.245926,UPI,SUCCESS,,0,True,True,False,,
TX02435,C0492,2337.66,2026-07-16 12:40:44.245926,NETBANKING,SUCCESS,,0,True,False,False,,
TX02436,C0176,9758.92,2026-08-07 03:43:44.245926,CARD,SUCCESS,,0,True,False,False,,
TX02437,C0631,3589.74,2026-06-30 06:25:44.245926,CARD,SUCCESS,,0,True,True,False,,
TX02438,C0693,10075.63,2026-08-06 16:44:44.245926,UPI,SUCCESS,,0,True,False,False,,
TX02439,C0584,14290.06,2026-07-02 08:01:44.245926,UPI,SUCCESS,,0,True,False,False,,
TX02440,C0941,6196.08,2026-08-16 21:31:44.245926,CARD,SUCCESS,,0,True,False,False,,
TX02441,C0097,12752.71,2026-08-04 02:08:44.245926,WALLET,FAILED,TIMEOUT,0,True,True,True,0.73,True
TX02442,C0551,13164.58,2026-06-17 21:17:44.245926,UPI,SUCCESS,,0,True,True,False,,
TX02443,C0367,2495.1,2026-06-11 03:07:44.245926,NETBANKING,SUCCESS,,0,True,False,False,,
TX02444,C0253,5003.27,2026-06-26 05:20:44.245926,UPI,SUCCESS,,0,True,False,False,,
TX02445,C0073,2102.49,2026-08-02 02:12:44.245926,NETBANKING,SUCCESS,,0,True,False,False,,
TX02446,C0495,11021.89,2026-07-01 23:36:44.245926,WALLET,SUCCESS,,0,True,False,False,,
TX02447,C0397,7256.46,2026-06-07 12:35:44.245926,UPI,SUCCESS,,0,True,False,False,,
TX02448,C0493,5372.76,2026-06-08 21:32:44.245926,WALLET,SUCCESS,,0,True,True,False,,
TX02449,C0122,4007.07,2026-06-21 10:14:44.245926,WALLET,FAILED,EXPIRED_CARD,1,True,False,True,0.01,False
TX02450,C0353,2253.68,2026-07-04 04:49:44.245926,NETBANKING,SUCCESS,,0,True,False,False,,
TX02451,C0325,9978.55,2026-08-30 15:36:44.245926,WALLET,SUCCESS,,0,True,False,False,,
TX02452,C0946,10587.87,2026-06-05 02:56:44.245926,UPI,SUCCESS,,0,True,False,False,,
TX02453,C0712,3983.83,2026-06-12 22:19:44.245926,WALLET,SUCCESS,,0,True,False,False,,
TX02454,C0562,2478.07,2026-08-23 22:17:44.245926,CARD,FAILED,NETWORK_ERROR,2,True,False,True,0.78,False
TX02455,C0143,6442.69,2026-08-13 14:39:44.245926,NETBANKING,SUCCESS,,0,True,True,False,,
TX02456,C0618,5341.56,2026-07-30 09:54:44.245926,CARD,SUCCESS,,0,True,False,False,,
TX02457,C0847,7397.14,2026-08-18 11:26:44.245926,NETBANKING,SUCCESS,,0,True,False,False,,
TX02458,C0165,2472.75,2026-08-05 08:56:44.245926,UPI,SUCCESS,,0,True,False,False,,
TX02459,C0452,7723.22,2026-07-22 18:23:44.245926,WALLET,SUCCESS,,0,True,False,False,,
TX02460,C0992,8980.17,2026-08-27 18:49:44.245926,CARD,SUCCESS,,0,True,False,False,,
TX02461,C0876,14262.31,2026-08-16 06:55:44.245926,WALLET,SUCCESS,,0,True,True,False,,
TX02462,C0583,8987.33,2026-06-30 20:37:44.245926,CARD,FAILED,BANK_DECLINE,1,True,False,True,0.45000000000000007,True
TX02463,C0743,11940.02,2026-07-17 15:16:44.245926,CARD,SUCCESS,,0,True,False,False,,
TX02464,C0425,7114.08,2026-08-23 22:36:44.245926,UPI,SUCCESS,,0,True,False,False,,
TX02465,C0526,4933.14,2026-07-28 05:30:44.245926,CARD,SUCCESS,,0,True,True,False,,
TX02466,C0283,13405.24,2026-08-21 00:15:44.245926,CARD,SUCCESS,,0,True,True,False,,
TX02467,C0006,13594.39,2026-06-27 13:51:44.245926,UPI,SUCCESS,,0,True,False,False,,
TX02468,C0909,3669.55,2026-06-24 15:12:44.245926,WALLET,SUCCESS,,0,True,False,False,,
TX02469,C0629,6135.61,2026-07-13 14:03:44.245926,WALLET,SUCCESS,,0,True,True,False,,
TX02470,C0653,12108.27,2026-07-23 03:58:44.245926,WALLET,SUCCESS,,0,True,False,False,,
TX02471,C0333,6426.3,2026-07-20 02:46:44.245926,NETBANKING,SUCCESS,,0,True,False,False,,
TX02472,C0838,11571.65,2026-08-15 04:04:44.245926,UPI,SUCCESS,,0,True,False,False,,
TX02473,C0042,1052.58,2026-07-27 06:05:44.245926,CARD,FAILED,NETWORK_ERROR,2,True,False,True,0.5800000000000001,False
TX02474,C0261,6018.69,2026-08-09 12:02:44.245926,NETBANKING,FAILED,TIMEOUT,2,True,False,True,0.6499999999999999,True
TX02475,C0319,3910.27,2026-07-18 02:57:44.245926,NETBANKING,SUCCESS,,0,True,True,False,,
TX02476,C0288,11316.33,2026-06-27 22:42:44.245926,NETBANKING,SUCCESS,,0,True,True,False,,
TX02477,C0432,4079.26,2026-06-19 04:16:44.245926,CARD,SUCCESS,,0,True,False,False,,
TX02478,C0316,2709.44,2026-06-13 07:54:44.245926,CARD,SUCCESS,,0,True,False,False,,
TX02479,C0558,14968.91,2026-08-06 09:24:44.245926,CARD,SUCCESS,,0,True,False,False,,
TX02480,C0521,14747.36,2026-08-22 22:15:44.245926,NETBANKING,SUCCESS,,0,True,True,False,,
TX02481,C0057,14317.71,2026-06-10 10:49:44.245926,CARD,FAILED,INSUFFICIENT_FUNDS,1,False,False,True,0.23,True
TX02482,C0670,11560.2,2026-08-14 09:36:44.245926,WALLET,SUCCESS,,0,True,False,False,,
TX02483,C0714,7374.26,2026-07-30 08:47:44.245926,UPI,SUCCESS,,0,True,False,False,,
TX02484,C0472,11898.3,2026-07-06 14:20:44.245926,NETBANKING,SUCCESS,,0,True,True,False,,
TX02485,C0707,8315.98,2026-06-27 05:25:44.245926,UPI,SUCCESS,,0,True,False,False,,
TX02486,C0038,9419.03,2026-08-31 16:25:44.245926,UPI,SUCCESS,,0,True,False,False,,
TX02487,C0678,1232.46,2026-06-17 17:12:44.245926,CARD,SUCCESS,,0,True,False,False,,
TX02488,C0359,10436.09,2026-06-22 02:51:44.245926,WALLET,SUCCESS,,0,True,False,False,,
TX02489,C0735,9584.08,2026-06-07 03:45:44.245926,UPI,FAILED,TIMEOUT,1,True,False,True,0.83,True
TX02490,C0922,6216.15,2026-06-19 16:38:44.245926,CARD,SUCCESS,,0,True,True,False,,
TX02491,C0274,11669.91,2026-08-11 12:08:44.245926,CARD,SUCCESS,,0,True,False,False,,
TX02492,C0140,11246.37,2026-08-19 09:42:44.245926,CARD,FAILED,INSUFFICIENT_FUNDS,1,True,False,True,0.43000000000000005,False
TX02493,C0438,13529.57,2026-06-07 18:09:44.245926,UPI,SUCCESS,,0,True,False,False,,
TX02494,C0144,5524.7,2026-09-02 08:15:44.245926,UPI,SUCCESS,,0,True,False,False,,
TX02495,C0997,5279.27,2026-08-11 16:29:44.245926,NETBANKING,SUCCESS,,0,True,False,False,,
TX02496,C0815,12971.5,2026-06-12 04:51:44.245926,CARD,FAILED,NETWORK_ERROR,0,True,True,True,0.98,True
TX02497,C0442,7566.88,2026-07-24 15:40:44.245926,CARD,SUCCESS,,0,True,False,False,,
TX02498,C0659,9486.71,2026-06-07 09:38:44.245926,UPI,SUCCESS,,0,True,False,False,,
TX02499,C0315,3916.75,2026-07-23 07:57:44.245926,NETBANKING,SUCCESS,,0,True,False,False,,
TX02500,C0959,12922.26,2026-06-09 10:38:44.245926,WALLET,SUCCESS,,0,True,False,False,,
TX02501,C0649,14976.53,2026-08-06 18:54:44.245926,CARD,SUCCESS,,0,True,False,False,,
TX02502,C0225,2549.64,2026-07-05 09:17:44.245926,WALLET,SUCCESS,,0,True,False,False,,
TX02503,C0841,14634.4,2026-07-07 13:23:44.245926,NETBANKING,FAILED,NETWORK_ERROR,1,True,True,True,0.8,True
TX02504,C0153,3016.21,2026-06-12 22:00:44.245926,NETBANKING,SUCCESS,,0,True,False,False,,
TX02505,C0322,9162.72,2026-08-20 22:57:44.245926,WALLET,FAILED,NETWORK_ERROR,0,True,False,True,0.98,True
TX02506,C0671,2984.5,2026-06-23 18:28:44.245926,CARD,FAILED,BANK_DECLINE,0,True,False,True,0.55,True
TX02507,C0785,8257.2,2026-08-21 15:44:44.245926,CARD,SUCCESS,,0,True,True,False,,
TX02508,C0484,14047.58,2026-08-22 15:53:44.245926,UPI,SUCCESS,,0,True,False,False,,
TX02509,C0843,8419.79,2026-07-01 12:40:44.245926,CARD,SUCCESS,,0,True,True,False,,
TX02510,C0772,13982.57,2026-07-02 20:01:44.245926,CARD,SUCCESS,,0,True,False,False,,
TX02511,C0112,9971.09,2026-06-28 22:25:44.245926,NETBANKING,SUCCESS,,0,True,False,False,,
TX02512,C0289,1686.43,2026-08-29 10:24:44.245926,UPI,SUCCESS,,0,True,False,False,,
TX02513,C0297,7311.56,2026-07-17 03:43:44.245926,NETBANKING,SUCCESS,,0,True,False,False,,
TX02514,C0578,1871.3,2026-06-18 21:36:44.245926,CARD,SUCCESS,,0,True,False,False,,
TX02515,C0490,11973.37,2026-06-11 21:50:44.245926,NETBANKING,SUCCESS,,0,True,False,False,,
TX02516,C0519,13797.0,2026-08-07 05:22:44.245926,UPI,SUCCESS,,0,True,False,False,,
TX02517,C0836,547.63,2026-06-24 07:49:44.245926,CARD,SUCCESS,,0,True,False,False,,
TX02518,C0535,11146.57,2026-08-18 06:45:44.245926,UPI,SUCCESS,,0,True,False,False,,
TX02519,C0324,14847.81,2026-06-04 22:13:44.245926,WALLET,SUCCESS,,0,True,False,False,,
TX02520,C0949,8777.35,2026-08-09 21:04:44.245926,CARD,SUCCESS,,0,True,False,False,,
TX02521,C0136,8349.19,2026-06-09 20:22:44.245926,WALLET,SUCCESS,,0,True,False,False,,
TX02522,C0664,6010.08,2026-08-18 12:58:44.245926,WALLET,SUCCESS,,0,True,False,False,,
TX02523,C0493,6246.45,2026-07-28 05:14:44.245926,WALLET,SUCCESS,,0,True,False,False,,
TX02524,C0566,4259.6,2026-07-30 13:11:44.245926,WALLET,SUCCESS,,0,True,False,False,,
TX02525,C0219,6477.3,2026-08-02 10:59:44.245926,CARD,SUCCESS,,0,True,False,False,,
TX02526,C0362,1984.78,2026-07-28 05:10:44.245926,WALLET,SUCCESS,,0,True,True,False,,
TX02527,C0048,2184.41,2026-06-21 05:25:44.245926,CARD,SUCCESS,,0,True,False,False,,
TX02528,C0497,14517.46,2026-06-27 02:09:44.245926,UPI,SUCCESS,,0,True,True,False,,
TX02529,C0914,14972.73,2026-08-11 05:53:44.245926,WALLET,SUCCESS,,0,True,True,False,,
TX02530,C0929,6102.37,2026-08-31 07:14:44.245926,WALLET,SUCCESS,,0,True,True,False,,
TX02531,C0696,8746.25,2026-08-02 18:40:44.245926,CARD,FAILED,NETWORK_ERROR,0,True,True,True,0.9,True
TX02532,C0185,2422.44,2026-08-09 08:58:44.245926,WALLET,SUCCESS,,0,True,False,False,,
TX02533,C0158,5720.73,2026-09-01 09:31:44.245926,WALLET,SUCCESS,,0,True,False,False,,
TX02534,C0168,10300.62,2026-07-14 19:19:44.245926,WALLET,SUCCESS,,0,True,False,False,,
TX02535,C0433,2444.96,2026-07-09 20:55:44.245926,NETBANKING,FAILED,TIMEOUT,2,False,False,True,0.6499999999999999,False
TX02536,C0725,6730.53,2026-06-27 09:25:44.245926,WALLET,FAILED,NETWORK_ERROR,1,True,False,True,0.8,True
TX02537,C0760,8006.95,2026-06-22 23:58:44.245926,NETBANKING,SUCCESS,,0,True,False,False,,
TX02538,C0200,2368.26,2026-06-29 20:53:44.245926,UPI,FAILED,NETWORK_ERROR,0,True,True,True,0.9,True
TX02539,C0475,4756.98,2026-06-24 20:42:44.245926,WALLET,SUCCESS,,0,True,False,False,,
TX02540,C0138,4351.55,2026-07-17 20:20:44.245926,UPI,FAILED,FRAUD_SUSPECTED,1,True,False,False,0.01,False
TX02541,C0590,3745.99,2026-07-18 16:09:44.245926,NETBANKING,SUCCESS,,0,True,False,False,,
TX02542,C0710,8410.67,2026-08-01 20:54:44.245926,NETBANKING,FAILED,FRAUD_SUSPECTED,0,True,False,False,0.01,False
TX02543,C0092,12971.44,2026-07-21 10:57:44.245926,NETBANKING,SUCCESS,,0,True,False,False,,
TX02544,C0296,598.4,2026-07-26 01:39:44.245926,UPI,SUCCESS,,0,True,False,False,,
TX02545,C1000,13512.0,2026-06-27 09:24:44.245926,CARD,SUCCESS,,0,True,False,False,,
TX02546,C0601,10126.17,2026-07-25 01:11:44.245926,WALLET,SUCCESS,,0,True,False,False,,
TX02547,C0917,13889.13,2026-08-27 08:26:44.245926,CARD,SUCCESS,,0,True,True,False,,
TX02548,C0207,8066.42,2026-06-18 00:23:44.245926,UPI,SUCCESS,,0,True,False,False,,
TX02549,C0579,10437.68,2026-07-24 20:38:44.245926,WALLET,SUCCESS,,0,True,False,False,,
TX02550,C0001,7370.98,2026-06-21 12:00:44.245926,CARD,SUCCESS,,0,True,True,False,,
TX02551,C0600,11533.18,2026-06-27 07:22:44.245926,UPI,SUCCESS,,0,True,False,False,,
TX02552,C0153,3232.16,2026-07-11 00:45:44.245926,NETBANKING,SUCCESS,,0,True,False,False,,
TX02553,C0137,8608.67,2026-07-06 22:18:44.245926,UPI,FAILED,NETWORK_ERROR,1,True,False,True,0.8,False
TX02554,C0385,5546.15,2026-08-12 12:35:44.245926,UPI,SUCCESS,,0,True,True,False,,
TX02555,C0871,3645.39,2026-08-30 14:22:44.245926,UPI,SUCCESS,,0,True,False,False,,
TX02556,C0612,1816.93,2026-08-24 23:51:44.245926,NETBANKING,SUCCESS,,0,True,True,False,,
TX02557,C0713,944.99,2026-07-16 23:02:44.245926,CARD,SUCCESS,,0,True,False,False,,
TX02558,C0151,1367.28,2026-08-05 10:15:44.245926,CARD,FAILED,FRAUD_SUSPECTED,2,True,False,False,0.01,False
TX02559,C0856,1723.79,2026-06-27 18:55:44.245926,UPI,SUCCESS,,0,True,True,False,,
TX02560,C0678,2068.08,2026-06-29 23:15:44.245926,CARD,SUCCESS,,0,True,False,False,,
TX02561,C0514,13428.61,2026-06-12 22:53:44.245926,WALLET,FAILED,TIMEOUT,0,True,False,True,0.73,True
TX02562,C0724,11272.34,2026-08-28 20:22:44.245926,UPI,SUCCESS,,0,True,False,False,,
TX02563,C0170,10428.25,2026-07-23 16:40:44.245926,NETBANKING,SUCCESS,,0,True,True,False,,
TX02564,C0659,11011.37,2026-08-27 18:03:44.245926,UPI,SUCCESS,,0,True,False,False,,
TX02565,C0514,3480.47,2026-07-11 22:17:44.245926,WALLET,FAILED,EXPIRED_CARD,0,True,False,True,0.08000000000000002,False
TX02566,C0770,6578.45,2026-07-06 04:59:44.245926,UPI,SUCCESS,,0,True,False,False,,
TX02567,C0877,8477.42,2026-06-19 09:35:44.245926,NETBANKING,SUCCESS,,0,True,True,False,,
TX02568,C0414,9519.93,2026-06-06 09:20:44.245926,NETBANKING,SUCCESS,,0,True,False,False,,
TX02569,C0459,12388.02,2026-06-25 18:20:44.245926,WALLET,SUCCESS,,0,True,False,False,,
TX02570,C0956,3179.08,2026-06-23 11:24:44.245926,WALLET,SUCCESS,,0,True,True,False,,
TX02571,C0923,1200.74,2026-07-15 08:33:44.245926,CARD,SUCCESS,,0,True,True,False,,
TX02572,C0967,2032.78,2026-08-26 11:30:44.245926,UPI,SUCCESS,,0,True,False,False,,
TX02573,C0331,11421.86,2026-08-12 17:18:44.245926,UPI,SUCCESS,,0,True,False,False,,
TX02574,C0929,2562.76,2026-06-10 04:53:44.245926,WALLET,SUCCESS,,0,True,False,False,,
TX02575,C0752,5857.87,2026-06-20 01:03:44.245926,UPI,SUCCESS,,0,True,False,False,,
TX02576,C0434,10361.26,2026-08-24 17:15:44.245926,CARD,SUCCESS,,0,True,False,False,,
TX02577,C0871,2615.75,2026-06-11 02:37:44.245926,UPI,SUCCESS,,0,True,True,False,,
TX02578,C0540,3670.08,2026-08-17 09:50:44.245926,WALLET,SUCCESS,,0,True,True,False,,
TX02579,C0447,10791.72,2026-08-23 21:26:44.245926,NETBANKING,SUCCESS,,0,True,False,False,,
TX02580,C0439,14001.17,2026-08-25 06:31:44.245926,WALLET,FAILED,FRAUD_SUSPECTED,2,False,True,False,0.01,False
TX02581,C0543,8132.86,2026-07-26 01:57:44.245926,WALLET,FAILED,NETWORK_ERROR,1,True,False,True,0.8,True
TX02582,C0369,4125.36,2026-06-23 22:29:44.245926,UPI,SUCCESS,,0,True,False,False,,
TX02583,C0619,12583.67,2026-06-22 07:26:44.245926,WALLET,SUCCESS,,0,True,False,False,,
TX02584,C0503,8171.08,2026-08-27 20:17:44.245926,CARD,SUCCESS,,0,True,True,False,,
TX02585,C0385,12010.05,2026-06-15 23:38:44.245926,UPI,SUCCESS,,0,True,False,False,,
TX02586,C0196,10593.96,2026-08-29 21:02:44.245926,NETBANKING,SUCCESS,,0,True,False,False,,
TX02587,C0277,6100.72,2026-08-02 13:52:44.245926,NETBANKING,SUCCESS,,0,True,False,False,,
TX02588,C0492,2287.71,2026-07-21 14:10:44.245926,NETBANKING,SUCCESS,,0,True,True,False,,
TX02589,C0943,12044.46,2026-06-26 08:01:44.245926,WALLET,FAILED,EXPIRED_CARD,2,False,True,True,0.01,False
TX02590,C0407,1528.45,2026-07-22 05:43:44.245926,UPI,SUCCESS,,0,True,False,False,,
TX02591,C0490,5181.52,2026-06-16 20:10:44.245926,NETBANKING,SUCCESS,,0,True,False,False,,
TX02592,C0274,7510.47,2026-08-19 17:06:44.245926,CARD,SUCCESS,,0,True,True,False,,
TX02593,C0614,3541.46,2026-08-01 08:35:44.245926,CARD,SUCCESS,,0,True,True,False,,
TX02594,C0591,6802.51,2026-07-12 20:49:44.245926,CARD,SUCCESS,,0,True,False,False,,
TX02595,C0379,11144.79,2026-07-03 17:45:44.245926,NETBANKING,SUCCESS,,0,True,False,False,,
TX02596,C0813,14893.45,2026-07-05 04:21:44.245926,CARD,SUCCESS,,0,True,True,False,,
TX02597,C0423,11766.7,2026-08-14 00:21:44.245926,UPI,SUCCESS,,0,True,False,False,,
TX02598,C0482,12201.08,2026-06-07 04:58:44.245926,CARD,SUCCESS,,0,True,True,False,,
TX02599,C0723,11210.31,2026-08-01 10:19:44.245926,CARD,SUCCESS,,0,True,False,False,,
TX02600,C0848,3099.2,2026-08-30 04:44:44.245926,NETBANKING,SUCCESS,,0,True,False,False,,
TX02601,C0965,13446.13,2026-08-02 09:16:44.245926,UPI,SUCCESS,,0,True,False,False,,
TX02602,C0040,11302.53,2026-07-29 12:02:44.245926,CARD,SUCCESS,,0,True,True,False,,
TX02603,C0202,5494.05,2026-07-08 22:43:44.245926,WALLET,SUCCESS,,0,True,False,False,,
TX02604,C0107,7709.1,2026-06-30 19:53:44.245926,CARD,SUCCESS,,0,True,False,False,,
TX02605,C0663,1550.09,2026-08-17 10:11:44.245926,NETBANKING,SUCCESS,,0,True,True,False,,
TX02606,C0969,8238.2,2026-06-30 14:02:44.245926,WALLET,FAILED,BANK_DECLINE,0,True,False,True,0.43000000000000005,False
TX02607,C0037,924.16,2026-07-08 23:35:44.245926,UPI,FAILED,BANK_DECLINE,2,True,False,True,0.23000000000000004,True
TX02608,C0403,4140.89,2026-06-26 19:13:44.245926,WALLET,SUCCESS,,0,True,False,False,,
TX02609,C0222,1603.72,2026-08-09 08:03:44.245926,UPI,SUCCESS,,0,True,False,False,,
TX02610,C0575,6256.2,2026-07-25 16:34:44.245926,NETBANKING,SUCCESS,,0,True,True,False,,
TX02611,C0002,12026.19,2026-07-21 00:28:44.245926,UPI,SUCCESS,,0,True,True,False,,
TX02612,C0277,10021.46,2026-07-07 18:40:44.245926,NETBANKING,SUCCESS,,0,True,False,False,,
TX02613,C0276,8779.33,2026-08-09 20:31:44.245926,WALLET,SUCCESS,,0,True,True,False,,
TX02614,C0446,9487.75,2026-06-09 06:32:44.245926,CARD,SUCCESS,,0,True,False,False,,
TX02615,C0840,9150.91,2026-07-30 08:26:44.245926,CARD,SUCCESS,,0,True,False,False,,
TX02616,C0984,11861.89,2026-06-05 23:48:44.245926,WALLET,FAILED,INSUFFICIENT_FUNDS,2,False,False,True,0.13,False
TX02617,C0848,1192.46,2026-08-16 10:39:44.245926,NETBANKING,SUCCESS,,0,True,True,False,,
TX02618,C0486,6057.65,2026-08-19 10:32:44.245926,WALLET,SUCCESS,,0,True,False,False,,
TX02619,C0289,13753.95,2026-08-10 15:58:44.245926,UPI,FAILED,NETWORK_ERROR,2,True,False,True,0.7,False
TX02620,C0554,7262.53,2026-08-23 14:03:44.245926,UPI,SUCCESS,,0,True,False,False,,
TX02621,C0895,5857.89,2026-08-12 23:20:44.245926,NETBANKING,SUCCESS,,0,True,True,False,,
TX02622,C0579,6175.72,2026-06-26 11:50:44.245926,WALLET,SUCCESS,,0,True,True,False,,
TX02623,C0655,10540.67,2026-07-30 19:04:44.245926,NETBANKING,SUCCESS,,0,True,False,False,,
TX02624,C0679,7969.34,2026-08-02 04:06:44.245926,NETBANKING,SUCCESS,,0,True,False,False,,
TX02625,C0523,6292.33,2026-06-18 21:08:44.245926,UPI,SUCCESS,,0,True,True,False,,
TX02626,C0936,11420.25,2026-06-16 07:47:44.245926,CARD,SUCCESS,,0,True,False,False,,
TX02627,C0061,8066.32,2026-06-23 21:53:44.245926,WALLET,SUCCESS,,0,True,True,False,,
TX02628,C0669,4002.19,2026-07-16 11:51:44.245926,CARD,FAILED,EXPIRED_CARD,1,True,False,True,0.1,False
TX02629,C0419,11329.31,2026-08-12 09:48:44.245926,CARD,SUCCESS,,0,True,False,False,,
TX02630,C0486,3042.86,2026-08-15 05:32:44.245926,WALLET,FAILED,NETWORK_ERROR,2,True,True,True,0.7,True
TX02631,C0545,13022.38,2026-08-09 19:44:44.245926,WALLET,SUCCESS,,0,True,True,False,,
TX02632,C0805,5845.89,2026-07-11 20:56:44.245926,UPI,SUCCESS,,0,True,False,False,,
TX02633,C0326,7840.81,2026-08-30 19:46:44.245926,NETBANKING,FAILED,EXPIRED_CARD,2,False,True,True,0.01,False
TX02634,C0703,3849.22,2026-08-06 22:11:44.245926,WALLET,SUCCESS,,0,True,False,False,,
TX02635,C0112,14739.81,2026-07-04 14:58:44.245926,NETBANKING,SUCCESS,,0,True,False,False,,
TX02636,C0334,9268.4,2026-08-06 21:43:44.245926,CARD,SUCCESS,,0,True,True,False,,
TX02637,C0247,851.85,2026-08-05 23:04:44.245926,NETBANKING,SUCCESS,,0,True,False,False,,
TX02638,C0918,4583.23,2026-06-23 01:43:44.245926,CARD,FAILED,EXPIRED_CARD,0,False,True,True,0.2,False
TX02639,C0836,8930.69,2026-08-23 20:40:44.245926,CARD,SUCCESS,,0,True,False,False,,
TX02640,C0155,3561.62,2026-06-17 07:36:44.245926,UPI,SUCCESS,,0,True,False,False,,
TX02641,C0056,10756.19,2026-07-15 20:05:44.245926,UPI,SUCCESS,,0,True,False,False,,
TX02642,C0754,11874.38,2026-07-23 23:53:44.245926,WALLET,SUCCESS,,0,True,True,False,,
TX02643,C0657,3844.12,2026-06-12 18:23:44.245926,WALLET,FAILED,BANK_DECLINE,0,True,False,True,0.55,True
TX02644,C0101,876.4,2026-07-11 11:01:44.245926,CARD,FAILED,EXPIRED_CARD,2,True,False,True,0.01,False
TX02645,C0165,7601.0,2026-08-30 23:33:44.245926,UPI,SUCCESS,,0,True,False,False,,
TX02646,C0635,7087.18,2026-07-20 00:26:44.245926,WALLET,SUCCESS,,0,True,False,False,,
TX02647,C0494,10888.21,2026-07-22 04:24:44.245926,NETBANKING,SUCCESS,,0,True,False,False,,
TX02648,C0683,3016.98,2026-08-18 02:45:44.245926,WALLET,SUCCESS,,0,True,True,False,,
TX02649,C0245,8915.53,2026-07-04 21:36:44.245926,NETBANKING,SUCCESS,,0,True,False,False,,
TX02650,C0152,2180.23,2026-07-28 19:16:44.245926,UPI,SUCCESS,,0,True,False,False,,
TX02651,C0700,10419.43,2026-07-04 19:59:44.245926,UPI,SUCCESS,,0,True,False,False,,
TX02652,C0578,4179.14,2026-06-30 06:19:44.245926,CARD,SUCCESS,,0,True,False,False,,
TX02653,C0833,14417.42,2026-08-26 02:06:44.245926,CARD,SUCCESS,,0,True,False,False,,
TX02654,C0715,9429.55,2026-06-23 21:31:44.245926,CARD,SUCCESS,,0,True,False,False,,
TX02655,C0637,5383.15,2026-08-24 01:55:44.245926,WALLET,SUCCESS,,0,True,True,False,,
TX02656,C0102,1342.42,2026-06-15 15:45:44.245926,CARD,SUCCESS,,0,True,False,False,,
TX02657,C0268,8752.91,2026-06-14 08:28:44.245926,NETBANKING,SUCCESS,,0,True,False,False,,
TX02658,C0914,6135.93,2026-07-17 21:27:44.245926,WALLET,SUCCESS,,0,True,False,False,,
TX02659,C0861,2347.62,2026-07-11 12:23:44.245926,UPI,SUCCESS,,0,True,True,False,,
TX02660,C0356,2617.87,2026-06-24 01:38:44.245926,NETBANKING,FAILED,BANK_DECLINE,2,True,False,True,0.35000000000000003,True
TX02661,C0840,1428.15,2026-06-27 16:03:44.245926,CARD,SUCCESS,,0,True,False,False,,
TX02662,C0610,12901.98,2026-07-01 04:49:44.245926,WALLET,SUCCESS,,0,True,True,False,,
TX02663,C0937,14127.82,2026-06-08 08:17:44.245926,NETBANKING,SUCCESS,,0,True,False,False,,
TX02664,C0230,11736.87,2026-07-05 03:56:44.245926,NETBANKING,SUCCESS,,0,True,True,False,,
TX02665,C0510,6601.44,2026-08-31 09:34:44.245926,WALLET,FAILED,INSUFFICIENT_FUNDS,0,True,False,True,0.33,True
TX02666,C0125,12744.09,2026-08-28 21:37:44.245926,WALLET,SUCCESS,,0,True,True,False,,
TX02667,C0037,14856.8,2026-07-21 19:12:44.245926,UPI,SUCCESS,,0,True,False,False,,
TX02668,C0592,6148.11,2026-07-29 17:37:44.245926,CARD,SUCCESS,,0,True,True,False,,
TX02669,C0547,700.86,2026-06-18 11:05:44.245926,WALLET,FAILED,INSUFFICIENT_FUNDS,0,True,True,True,0.45,False
TX02670,C0637,3513.48,2026-08-25 03:17:44.245926,WALLET,SUCCESS,,0,True,False,False,,
TX02671,C0612,6617.96,2026-07-24 12:48:44.245926,NETBANKING,SUCCESS,,0,True,True,False,,
TX02672,C0718,7435.18,2026-08-20 13:55:44.245926,UPI,SUCCESS,,0,True,False,False,,
TX02673,C0330,9769.02,2026-06-17 10:11:44.245926,UPI,SUCCESS,,0,True,False,False,,
TX02674,C0097,12521.46,2026-06-30 21:04:44.245926,WALLET,FAILED,INSUFFICIENT_FUNDS,0,True,False,True,0.33,True
TX02675,C0237,14781.66,2026-08-14 11:09:44.245926,NETBANKING,SUCCESS,,0,True,True,False,,
TX02676,C0270,7310.24,2026-08-04 04:00:44.245926,NETBANKING,SUCCESS,,0,True,False,False,,
TX02677,C0577,8070.54,2026-07-11 12:47:44.245926,NETBANKING,SUCCESS,,0,True,True,False,,
TX02678,C0992,5802.25,2026-08-09 07:58:44.245926,CARD,SUCCESS,,0,True,True,False,,
TX02679,C0457,5747.27,2026-08-06 08:25:44.245926,NETBANKING,SUCCESS,,0,True,False,False,,
TX02680,C0890,998.12,2026-07-07 23:07:44.245926,NETBANKING,SUCCESS,,0,True,False,False,,
TX02681,C0234,1253.15,2026-06-30 18:46:44.245926,NETBANKING,SUCCESS,,0,True,False,False,,
TX02682,C0282,531.87,2026-07-15 16:30:44.245926,UPI,SUCCESS,,0,True,False,False,,
TX02683,C0869,2734.34,2026-08-12 06:40:44.245926,WALLET,SUCCESS,,0,True,False,False,,
TX02684,C0854,14156.09,2026-07-12 17:47:44.245926,UPI,SUCCESS,,0,True,False,False,,
TX02685,C0454,5825.26,2026-08-14 11:45:44.245926,NETBANKING,SUCCESS,,0,True,False,False,,
TX02686,C0896,9733.71,2026-08-12 13:49:44.245926,NETBANKING,FAILED,BANK_DECLINE,2,True,False,True,0.35000000000000003,False
TX02687,C0339,7976.52,2026-06-17 15:50:44.245926,NETBANKING,SUCCESS,,0,True,False,False,,
TX02688,C0758,5946.25,2026-08-30 02:13:44.245926,NETBANKING,SUCCESS,,0,True,False,False,,
TX02689,C0722,8610.5,2026-07-01 05:49:44.245926,CARD,SUCCESS,,0,True,True,False,,
TX02690,C0785,4851.02,2026-07-30 18:26:44.245926,CARD,SUCCESS,,0,True,False,False,,
TX02691,C0405,14313.34,2026-08-24 12:05:44.245926,CARD,SUCCESS,,0,True,True,False,,
TX02692,C0286,11770.92,2026-08-18 00:36:44.245926,CARD,SUCCESS,,0,True,True,False,,
TX02693,C0334,11711.15,2026-07-13 13:45:44.245926,CARD,SUCCESS,,0,True,False,False,,
TX02694,C0236,14081.68,2026-07-11 13:34:44.245926,UPI,SUCCESS,,0,True,False,False,,
TX02695,C0388,8501.26,2026-06-18 13:17:44.245926,WALLET,SUCCESS,,0,True,False,False,,
TX02696,C0112,11527.74,2026-08-31 22:47:44.245926,NETBANKING,SUCCESS,,0,True,False,False,,
TX02697,C0734,2856.54,2026-06-24 02:20:44.245926,UPI,SUCCESS,,0,True,False,False,,
TX02698,C0513,10948.7,2026-07-21 18:37:44.245926,WALLET,FAILED,BANK_DECLINE,1,True,False,True,0.33000000000000007,False
TX02699,C0013,14265.96,2026-06-17 01:17:44.245926,CARD,SUCCESS,,0,True,False,False,,
TX02700,C0244,557.24,2026-08-17 23:19:44.245926,CARD,SUCCESS,,0,True,False,False,,
TX02701,C0092,13489.59,2026-08-30 19:52:44.245926,NETBANKING,FAILED,TIMEOUT,2,True,False,True,0.53,True
TX02702,C0655,5317.69,2026-07-24 10:32:44.245926,NETBANKING,SUCCESS,,0,True,False,False,,
TX02703,C0617,6271.59,2026-08-12 21:42:44.245926,NETBANKING,SUCCESS,,0,True,False,False,,
TX02704,C0643,6681.94,2026-06-28 15:51:44.245926,UPI,SUCCESS,,0,True,True,False,,
TX02705,C0693,8721.83,2026-07-05 19:43:44.245926,UPI,SUCCESS,,0,True,False,False,,
TX02706,C0044,12489.46,2026-06-05 19:18:44.245926,CARD,SUCCESS,,0,True,False,False,,
TX02707,C0016,1744.32,2026-08-19 01:11:44.245926,NETBANKING,SUCCESS,,0,True,False,False,,
TX02708,C0239,3097.21,2026-07-22 13:13:44.245926,WALLET,SUCCESS,,0,True,False,False,,
TX02709,C0267,13880.24,2026-06-15 09:14:44.245926,UPI,SUCCESS,,0,True,False,False,,
TX02710,C0855,4225.59,2026-07-23 17:32:44.245926,WALLET,SUCCESS,,0,True,True,False,,
TX02711,C0573,11665.23,2026-08-20 19:01:44.245926,CARD,SUCCESS,,0,True,False,False,,
TX02712,C0747,896.26,2026-06-07 03:01:44.245926,UPI,SUCCESS,,0,True,False,False,,
TX02713,C0348,11359.29,2026-06-04 12:49:44.245926,NETBANKING,SUCCESS,,0,True,True,False,,
TX02714,C0213,6683.45,2026-07-10 00:07:44.245926,WALLET,FAILED,EXPIRED_CARD,1,True,False,True,0.1,True
TX02715,C0490,7707.32,2026-06-11 06:38:44.245926,NETBANKING,FAILED,NETWORK_ERROR,0,True,False,True,0.78,True
TX02716,C0756,1004.37,2026-06-10 11:20:44.245926,UPI,SUCCESS,,0,True,False,False,,
TX02717,C0431,9829.79,2026-06-11 17:40:44.245926,UPI,SUCCESS,,0,True,False,False,,
TX02718,C0880,12910.2,2026-07-03 16:46:44.245926,CARD,SUCCESS,,0,True,True,False,,
TX02719,C0406,2904.68,2026-07-31 17:55:44.245926,WALLET,SUCCESS,,0,True,False,False,,
TX02720,C0401,14256.53,2026-08-01 21:18:44.245926,CARD,FAILED,TIMEOUT,0,True,False,True,0.85,True
TX02721,C0981,13467.06,2026-07-14 13:17:44.245926,NETBANKING,SUCCESS,,0,True,False,False,,
TX02722,C0692,2685.99,2026-08-08 11:07:44.245926,UPI,SUCCESS,,0,True,False,False,,
TX02723,C0071,10972.51,2026-08-12 21:24:44.245926,UPI,FAILED,EXPIRED_CARD,2,True,True,True,0.01,False
TX02724,C0480,11264.19,2026-07-19 05:40:44.245926,UPI,SUCCESS,,0,True,False,False,,
TX02725,C0328,13865.58,2026-08-27 11:12:44.245926,WALLET,SUCCESS,,0,True,True,False,,
TX02726,C0150,10579.42,2026-07-29 05:19:44.245926,WALLET,SUCCESS,,0,True,True,False,,
TX02727,C0645,634.21,2026-08-28 16:39:44.245926,NETBANKING,SUCCESS,,0,True,False,False,,
TX02728,C0330,1287.22,2026-06-22 05:15:44.245926,UPI,SUCCESS,,0,True,True,False,,
TX02729,C0311,1611.05,2026-06-16 12:29:44.245926,UPI,SUCCESS,,0,True,False,False,,
TX02730,C0040,10809.31,2026-06-20 00:46:44.245926,CARD,SUCCESS,,0,True,True,False,,
TX02731,C0545,6199.29,2026-07-16 23:16:44.245926,WALLET,FAILED,BANK_DECLINE,0,True,False,True,0.55,True
TX02732,C0661,10267.08,2026-06-11 14:22:44.245926,NETBANKING,FAILED,BANK_DECLINE,0,True,False,True,0.55,True
TX02733,C0853,14699.3,2026-07-03 08:49:44.245926,WALLET,SUCCESS,,0,True,True,False,,
TX02734,C0465,8729.5,2026-07-05 20:16:44.245926,NETBANKING,SUCCESS,,0,True,False,False,,
TX02735,C0760,6878.09,2026-08-24 13:58:44.245926,NETBANKING,SUCCESS,,0,True,False,False,,
TX02736,C0925,4189.6,2026-06-08 22:07:44.245926,UPI,SUCCESS,,0,True,False,False,,
TX02737,C0946,8808.46,2026-06-08 19:04:44.245926,UPI,SUCCESS,,0,True,True,False,,
TX02738,C0166,7800.95,2026-09-01 00:24:44.245926,CARD,SUCCESS,,0,True,False,False,,
TX02739,C0708,4485.98,2026-06-09 06:14:44.245926,UPI,SUCCESS,,0,True,True,False,,
TX02740,C0753,3976.85,2026-06-13 16:39:44.245926,CARD,SUCCESS,,0,True,False,False,,
TX02741,C0910,13936.95,2026-08-25 19:46:44.245926,NETBANKING,SUCCESS,,0,True,False,False,,
TX02742,C0881,10108.96,2026-06-19 22:44:44.245926,CARD,SUCCESS,,0,True,False,False,,
TX02743,C0257,12559.18,2026-08-01 14:44:44.245926,NETBANKING,SUCCESS,,0,True,True,False,,
TX02744,C0370,12363.33,2026-07-23 06:07:44.245926,UPI,SUCCESS,,0,True,False,False,,
TX02745,C0882,3142.77,2026-07-21 17:23:44.245926,UPI,SUCCESS,,0,True,False,False,,
TX02746,C0023,8716.04,2026-07-05 09:43:44.245926,WALLET,SUCCESS,,0,True,False,False,,
TX02747,C0014,11049.06,2026-07-29 15:35:44.245926,UPI,SUCCESS,,0,True,False,False,,
TX02748,C0017,13038.78,2026-06-25 12:41:44.245926,CARD,SUCCESS,,0,True,False,False,,
TX02749,C0818,13186.65,2026-08-20 15:20:44.245926,CARD,SUCCESS,,0,True,False,False,,
TX02750,C0405,14939.95,2026-07-11 14:54:44.245926,CARD,SUCCESS,,0,True,True,False,,
TX02751,C0727,11328.99,2026-08-30 19:19:44.245926,NETBANKING,SUCCESS,,0,True,False,False,,
TX02752,C0922,10631.44,2026-07-24 00:22:44.245926,CARD,SUCCESS,,0,True,False,False,,
TX02753,C0106,10306.96,2026-06-15 06:37:44.245926,WALLET,SUCCESS,,0,True,False,False,,
TX02754,C0071,6219.09,2026-08-28 20:12:44.245926,UPI,SUCCESS,,0,True,False,False,,
TX02755,C0325,7918.68,2026-08-16 22:55:44.245926,WALLET,FAILED,NETWORK_ERROR,0,True,False,True,0.9,True
TX02756,C0382,12658.01,2026-06-20 20:52:44.245926,UPI,SUCCESS,,0,True,True,False,,
TX02757,C0186,10206.08,2026-06-12 06:57:44.245926,NETBANKING,SUCCESS,,0,True,False,False,,
TX02758,C0113,9995.46,2026-06-05 19:05:44.245926,NETBANKING,SUCCESS,,0,True,False,False,,
TX02759,C0579,6875.05,2026-06-13 23:50:44.245926,WALLET,SUCCESS,,0,True,False,False,,
TX02760,C0880,2510.01,2026-06-11 01:51:44.245926,CARD,SUCCESS,,0,True,False,False,,
TX02761,C0170,2860.96,2026-09-01 19:14:44.245926,NETBANKING,SUCCESS,,0,True,False,False,,
TX02762,C0042,6149.58,2026-07-16 00:24:44.245926,CARD,SUCCESS,,0,True,False,False,,
TX02763,C0041,8495.64,2026-07-23 01:47:44.245926,CARD,FAILED,INSUFFICIENT_FUNDS,1,True,False,True,0.43000000000000005,False
TX02764,C0504,13060.74,2026-08-30 04:44:44.245926,CARD,SUCCESS,,0,True,True,False,,
TX02765,C0193,855.49,2026-07-04 13:30:44.245926,CARD,FAILED,INSUFFICIENT_FUNDS,2,True,False,True,0.13,False
TX02766,C0089,10872.08,2026-08-08 16:26:44.245926,CARD,SUCCESS,,0,True,False,False,,
TX02767,C0710,4590.45,2026-06-16 06:38:44.245926,NETBANKING,SUCCESS,,0,True,False,False,,
TX02768,C0320,12738.19,2026-07-29 22:39:44.245926,UPI,SUCCESS,,0,True,False,False,,
TX02769,C0903,9814.88,2026-06-30 06:08:44.245926,WALLET,SUCCESS,,0,True,False,False,,
TX02770,C0270,7760.76,2026-08-31 01:08:44.245926,NETBANKING,SUCCESS,,0,True,False,False,,
TX02771,C0168,10520.62,2026-07-14 14:56:44.245926,WALLET,FAILED,NETWORK_ERROR,0,True,False,True,0.9,True
TX02772,C0412,8227.27,2026-08-31 22:17:44.245926,UPI,SUCCESS,,0,True,False,False,,
TX02773,C0324,9349.07,2026-06-29 11:12:44.245926,WALLET,SUCCESS,,0,True,False,False,,
TX02774,C0283,9326.16,2026-08-08 22:15:44.245926,CARD,SUCCESS,,0,True,False,False,,
TX02775,C0697,7575.0,2026-07-22 21:17:44.245926,WALLET,FAILED,BANK_DECLINE,2,True,False,True,0.35000000000000003,False
TX02776,C0912,10862.53,2026-06-18 10:54:44.245926,WALLET,SUCCESS,,0,True,False,False,,
TX02777,C0442,7886.92,2026-06-22 07:11:44.245926,CARD,SUCCESS,,0,True,False,False,,
TX02778,C0106,11920.76,2026-07-22 21:09:44.245926,WALLET,SUCCESS,,0,True,False,False,,
TX02779,C0432,6159.33,2026-06-21 09:31:44.245926,CARD,SUCCESS,,0,True,False,False,,
TX02780,C0506,5719.61,2026-08-06 18:01:44.245926,UPI,SUCCESS,,0,True,False,False,,
TX02781,C0385,13452.34,2026-07-07 05:53:44.245926,UPI,SUCCESS,,0,True,False,False,,
TX02782,C0008,10997.02,2026-07-04 15:40:44.245926,NETBANKING,SUCCESS,,0,True,False,False,,
TX02783,C0519,750.32,2026-06-15 19:22:44.245926,UPI,SUCCESS,,0,True,True,False,,
TX02784,C0278,2885.84,2026-08-11 09:22:44.245926,WALLET,SUCCESS,,0,True,False,False,,
TX02785,C0532,3992.72,2026-08-28 11:32:44.245926,CARD,SUCCESS,,0,True,False,False,,
TX02786,C0585,6092.78,2026-06-17 05:17:44.245926,UPI,SUCCESS,,0,True,False,False,,
TX02787,C0980,4624.21,2026-08-01 13:04:44.245926,UPI,FAILED,NETWORK_ERROR,0,True,False,True,0.9,True
TX02788,C0220,12505.53,2026-06-24 16:04:44.245926,CARD,SUCCESS,,0,True,False,False,,
TX02789,C0320,14418.98,2026-08-27 12:41:44.245926,UPI,SUCCESS,,0,True,False,False,,
TX02790,C0290,6252.05,2026-06-28 04:15:44.245926,WALLET,SUCCESS,,0,True,True,False,,
TX02791,C0440,5119.85,2026-07-22 23:07:44.245926,CARD,SUCCESS,,0,True,False,False,,
TX02792,C0210,14002.77,2026-06-20 15:18:44.245926,UPI,SUCCESS,,0,True,False,False,,
TX02793,C0166,2764.89,2026-07-26 19:45:44.245926,CARD,SUCCESS,,0,True,True,False,,
TX02794,C0547,3558.29,2026-08-06 16:03:44.245926,WALLET,FAILED,NETWORK_ERROR,2,True,True,True,0.7,True
TX02795,C0277,14111.82,2026-06-14 02:42:44.245926,NETBANKING,FAILED,BANK_DECLINE,1,True,False,True,0.45000000000000007,True
TX02796,C0787,14357.01,2026-08-29 21:03:44.245926,UPI,SUCCESS,,0,True,False,False,,
TX02797,C0163,9265.29,2026-08-12 06:09:44.245926,NETBANKING,SUCCESS,,0,True,False,False,,
TX02798,C0961,12425.47,2026-06-24 20:28:44.245926,CARD,FAILED,NETWORK_ERROR,1,True,False,True,0.68,True
TX02799,C0396,8781.38,2026-08-27 18:15:44.245926,UPI,SUCCESS,,0,True,False,False,,
TX02800,C0070,9105.32,2026-06-19 10:43:44.245926,NETBANKING,SUCCESS,,0,True,True,False,,
TX02801,C0596,10658.89,2026-07-27 10:01:44.245926,UPI,SUCCESS,,0,True,True,False,,
TX02802,C0390,1564.35,2026-07-07 14:20:44.245926,WALLET,SUCCESS,,0,True,True,False,,
TX02803,C0110,5081.12,2026-07-15 17:45:44.245926,WALLET,SUCCESS,,0,True,True,False,,
TX02804,C0575,3273.77,2026-06-24 03:50:44.245926,NETBANKING,FAILED,INSUFFICIENT_FUNDS,1,True,False,True,0.35,True
TX02805,C0014,14274.15,2026-06-13 07:24:44.245926,UPI,SUCCESS,,0,True,True,False,,
TX02806,C0680,12817.92,2026-06-08 14:43:44.245926,WALLET,SUCCESS,,0,True,True,False,,
TX02807,C0126,14305.14,2026-06-18 01:40:44.245926,NETBANKING,SUCCESS,,0,True,False,False,,
TX02808,C0053,1903.84,2026-08-29 22:50:44.245926,UPI,SUCCESS,,0,True,False,False,,
TX02809,C0126,11712.11,2026-06-20 14:03:44.245926,NETBANKING,SUCCESS,,0,True,False,False,,
TX02810,C0767,14235.23,2026-06-15 13:13:44.245926,CARD,SUCCESS,,0,True,False,False,,
TX02811,C0086,8553.84,2026-07-29 12:28:44.245926,UPI,SUCCESS,,0,True,False,False,,
TX02812,C0671,7326.8,2026-06-29 04:10:44.245926,CARD,SUCCESS,,0,True,False,False,,
TX02813,C0163,7859.56,2026-07-25 05:13:44.245926,NETBANKING,SUCCESS,,0,True,False,False,,
TX02814,C0084,2693.01,2026-06-16 21:38:44.245926,CARD,SUCCESS,,0,True,False,False,,
TX02815,C0013,13719.52,2026-08-14 01:34:44.245926,CARD,SUCCESS,,0,True,False,False,,
TX02816,C0319,5069.49,2026-08-13 19:09:44.245926,NETBANKING,SUCCESS,,0,True,False,False,,
TX02817,C0410,11388.06,2026-07-23 11:57:44.245926,WALLET,SUCCESS,,0,True,False,False,,
TX02818,C0213,2763.57,2026-07-19 07:01:44.245926,WALLET,SUCCESS,,0,True,False,False,,
TX02819,C0605,14752.36,2026-08-24 17:50:44.245926,WALLET,SUCCESS,,0,True,False,False,,
TX02820,C0324,5291.18,2026-07-27 23:53:44.245926,WALLET,SUCCESS,,0,True,False,False,,
TX02821,C0835,13041.87,2026-08-15 03:14:44.245926,UPI,SUCCESS,,0,True,False,False,,
TX02822,C0202,2913.29,2026-06-16 04:15:44.245926,WALLET,SUCCESS,,0,True,False,False,,
TX02823,C0581,2044.27,2026-06-11 23:57:44.245926,NETBANKING,SUCCESS,,0,True,False,False,,
TX02824,C0744,5184.73,2026-06-16 20:03:44.245926,UPI,SUCCESS,,0,True,False,False,,
TX02825,C0382,879.21,2026-06-18 15:20:44.245926,UPI,SUCCESS,,0,True,False,False,,
TX02826,C0475,3674.73,2026-08-02 08:49:44.245926,WALLET,SUCCESS,,0,True,False,False,,
TX02827,C0632,3775.39,2026-08-01 22:34:44.245926,CARD,SUCCESS,,0,True,False,False,,
TX02828,C0844,12458.02,2026-08-16 04:48:44.245926,NETBANKING,SUCCESS,,0,True,False,False,,
TX02829,C0202,3362.66,2026-07-03 22:25:44.245926,WALLET,SUCCESS,,0,True,False,False,,
TX02830,C0261,3300.14,2026-08-01 01:30:44.245926,NETBANKING,SUCCESS,,0,True,False,False,,
TX02831,C0440,10325.33,2026-06-30 06:53:44.245926,CARD,SUCCESS,,0,True,False,False,,
TX02832,C0705,8014.44,2026-07-09 07:30:44.245926,WALLET,FAILED,TIMEOUT,2,False,False,True,0.6499999999999999,True
TX02833,C0104,14859.81,2026-06-24 15:50:44.245926,NETBANKING,FAILED,TIMEOUT,2,True,False,True,0.6499999999999999,False
TX02834,C0230,11279.43,2026-06-16 06:05:44.245926,NETBANKING,SUCCESS,,0,True,False,False,,
TX02835,C0939,11159.6,2026-06-19 17:02:44.245926,UPI,SUCCESS,,0,True,False,False,,
TX02836,C0779,14260.64,2026-06-10 18:42:44.245926,NETBANKING,SUCCESS,,0,True,False,False,,
TX02837,C0794,2841.25,2026-07-23 21:40:44.245926,UPI,SUCCESS,,0,True,False,False,,
TX02838,C0882,2265.77,2026-08-19 13:41:44.245926,UPI,SUCCESS,,0,True,True,False,,
TX02839,C0641,2405.23,2026-08-20 00:14:44.245926,WALLET,SUCCESS,,0,True,False,False,,
TX02840,C0731,9473.8,2026-06-09 19:32:44.245926,UPI,SUCCESS,,0,True,False,False,,
TX02841,C0986,1620.81,2026-06-26 17:20:44.245926,CARD,SUCCESS,,0,True,False,False,,
TX02842,C0673,3298.17,2026-07-24 18:10:44.245926,CARD,SUCCESS,,0,True,False,False,,
TX02843,C0007,2726.37,2026-07-17 09:02:44.245926,NETBANKING,SUCCESS,,0,True,False,False,,
TX02844,C0646,10077.81,2026-06-20 13:13:44.245926,WALLET,SUCCESS,,0,True,False,False,,
TX02845,C0805,7357.17,2026-07-03 15:35:44.245926,UPI,SUCCESS,,0,True,False,False,,
TX02846,C0575,8562.01,2026-06-28 14:57:44.245926,NETBANKING,FAILED,BANK_DECLINE,1,True,True,True,0.45000000000000007,False
TX02847,C0059,1626.44,2026-08-17 18:43:44.245926,WALLET,SUCCESS,,0,True,False,False,,
TX02848,C0529,6967.53,2026-08-25 08:00:44.245926,CARD,SUCCESS,,0,True,False,False,,
TX02849,C0365,1803.07,2026-06-09 06:40:44.245926,UPI,SUCCESS,,0,True,False,False,,
TX02850,C0682,6761.19,2026-06-15 10:51:44.245926,UPI,SUCCESS,,0,True,False,False,,
TX02851,C0344,7020.35,2026-06-24 00:30:44.245926,NETBANKING,SUCCESS,,0,True,True,False,,
TX02852,C0920,11006.06,2026-08-27 17:06:44.245926,WALLET,SUCCESS,,0,True,False,False,,
TX02853,C0800,3036.38,2026-08-19 17:01:44.245926,NETBANKING,SUCCESS,,0,True,False,False,,
TX02854,C0381,2836.39,2026-07-26 22:23:44.245926,WALLET,SUCCESS,,0,True,False,False,,
TX02855,C0313,3447.25,2026-07-11 22:34:44.245926,UPI,FAILED,EXPIRED_CARD,0,True,False,True,0.2,False
TX02856,C0719,9713.26,2026-06-25 22:49:44.245926,CARD,SUCCESS,,0,True,False,False,,
TX02857,C0644,13481.59,2026-07-04 00:52:44.245926,UPI,SUCCESS,,0,True,False,False,,
TX02858,C0451,3894.46,2026-07-27 00:28:44.245926,NETBANKING,SUCCESS,,0,True,False,False,,
TX02859,C0284,5006.99,2026-08-28 23:28:44.245926,CARD,SUCCESS,,0,True,False,False,,
TX02860,C0310,7489.82,2026-08-02 02:50:44.245926,CARD,SUCCESS,,0,True,False,False,,
TX02861,C0560,7548.6,2026-06-19 03:37:44.245926,NETBANKING,FAILED,EXPIRED_CARD,1,True,False,True,0.01,False
TX02862,C0876,8790.85,2026-08-30 04:42:44.245926,WALLET,SUCCESS,,0,True,False,False,,
TX02863,C0019,10957.94,2026-06-20 20:54:44.245926,CARD,SUCCESS,,0,True,False,False,,
TX02864,C0064,12764.77,2026-07-27 10:39:44.245926,CARD,SUCCESS,,0,True,False,False,,
TX02865,C0209,2862.66,2026-06-10 19:20:44.245926,UPI,SUCCESS,,0,True,True,False,,
TX02866,C0345,10100.79,2026-07-28 16:26:44.245926,WALLET,SUCCESS,,0,True,False,False,,
TX02867,C0235,7616.2,2026-06-14 16:28:44.245926,NETBANKING,SUCCESS,,0,True,True,False,,
TX02868,C0694,12317.25,2026-06-17 00:45:44.245926,CARD,FAILED,BANK_DECLINE,2,False,True,True,0.23000000000000004,False
TX02869,C0431,10225.74,2026-08-31 22:14:44.245926,UPI,SUCCESS,,0,True,True,False,,
TX02870,C0752,6137.84,2026-08-15 09:44:44.245926,UPI,SUCCESS,,0,True,False,False,,
TX02871,C0393,3070.07,2026-06-07 20:56:44.245926,UPI,SUCCESS,,0,True,False,False,,
TX02872,C0659,8446.89,2026-07-29 15:46:44.245926,UPI,SUCCESS,,0,True,False,False,,
TX02873,C0312,7144.35,2026-07-20 06:30:44.245926,NETBANKING,SUCCESS,,0,True,False,False,,
TX02874,C0482,5434.9,2026-06-23 14:42:44.245926,CARD,SUCCESS,,0,True,False,False,,
TX02875,C0795,13214.17,2026-08-04 04:31:44.245926,NETBANKING,SUCCESS,,0,True,False,False,,
TX02876,C0544,9670.18,2026-07-10 08:08:44.245926,CARD,SUCCESS,,0,True,False,False,,
TX02877,C0392,13861.45,2026-08-15 09:11:44.245926,WALLET,SUCCESS,,0,True,False,False,,
TX02878,C0149,3269.33,2026-06-29 18:16:44.245926,UPI,SUCCESS,,0,True,False,False,,
TX02879,C0449,6001.41,2026-06-11 21:50:44.245926,NETBANKING,SUCCESS,,0,True,False,False,,
TX02880,C0735,8735.63,2026-06-14 09:50:44.245926,UPI,SUCCESS,,0,True,False,False,,
TX02881,C0518,13115.83,2026-08-30 06:56:44.245926,WALLET,SUCCESS,,0,True,True,False,,
TX02882,C0275,13508.53,2026-08-22 09:58:44.245926,WALLET,SUCCESS,,0,True,True,False,,
TX02883,C0329,9750.8,2026-06-19 16:32:44.245926,CARD,SUCCESS,,0,True,False,False,,
TX02884,C0905,8927.13,2026-07-06 03:26:44.245926,CARD,FAILED,INSUFFICIENT_FUNDS,0,True,False,True,0.33,False
TX02885,C0928,3134.91,2026-07-30 03:47:44.245926,WALLET,FAILED,EXPIRED_CARD,0,True,True,True,0.08000000000000002,False
TX02886,C0027,7648.02,2026-07-29 20:24:44.245926,CARD,SUCCESS,,0,True,False,False,,
TX02887,C0999,1011.72,2026-06-18 04:23:44.245926,NETBANKING,SUCCESS,,0,True,False,False,,
TX02888,C0089,2613.85,2026-08-22 08:05:44.245926,CARD,SUCCESS,,0,True,False,False,,
TX02889,C0156,7067.07,2026-07-16 21:53:44.245926,WALLET,SUCCESS,,0,True,False,False,,
TX02890,C0251,1992.94,2026-08-13 15:46:44.245926,NETBANKING,SUCCESS,,0,True,False,False,,
TX02891,C0962,1956.83,2026-07-11 02:23:44.245926,WALLET,SUCCESS,,0,True,True,False,,
TX02892,C0927,915.21,2026-07-30 15:39:44.245926,WALLET,FAILED,INSUFFICIENT_FUNDS,1,True,False,True,0.35,True
TX02893,C0837,6733.26,2026-06-27 01:55:44.245926,UPI,SUCCESS,,0,True,True,False,,
TX02894,C0771,11026.31,2026-06-07 19:33:44.245926,UPI,SUCCESS,,0,True,False,False,,
TX02895,C0704,5890.17,2026-06-23 09:56:44.245926,NETBANKING,SUCCESS,,0,True,False,False,,
TX02896,C0648,6993.55,2026-08-23 06:14:44.245926,CARD,SUCCESS,,0,True,False,False,,
TX02897,C0060,7958.59,2026-06-18 01:33:44.245926,NETBANKING,SUCCESS,,0,True,False,False,,
TX02898,C0930,1776.74,2026-06-30 08:04:44.245926,CARD,SUCCESS,,0,True,True,False,,
TX02899,C0143,6103.32,2026-07-22 05:09:44.245926,NETBANKING,SUCCESS,,0,True,True,False,,
TX02900,C0893,428.51,2026-08-03 23:13:44.245926,WALLET,SUCCESS,,0,True,False,False,,
TX02901,C0960,9065.95,2026-07-08 15:08:44.245926,UPI,SUCCESS,,0,True,True,False,,
TX02902,C0055,8993.6,2026-08-07 05:13:44.245926,UPI,FAILED,EXPIRED_CARD,1,True,True,True,0.1,False
TX02903,C0837,9930.8,2026-08-16 18:01:44.245926,UPI,SUCCESS,,0,True,False,False,,
TX02904,C0244,8662.39,2026-07-05 20:52:44.245926,CARD,SUCCESS,,0,True,True,False,,
TX02905,C0498,7599.4,2026-06-06 00:00:44.245926,WALLET,SUCCESS,,0,True,False,False,,
TX02906,C0722,6969.89,2026-06-17 08:37:44.245926,CARD,SUCCESS,,0,True,False,False,,
TX02907,C0785,5577.54,2026-07-04 04:14:44.245926,CARD,SUCCESS,,0,True,False,False,,
TX02908,C0908,11509.81,2026-06-16 07:24:44.245926,CARD,SUCCESS,,0,True,True,False,,
TX02909,C0003,14140.24,2026-08-24 06:46:44.245926,CARD,SUCCESS,,0,True,False,False,,
TX02910,C0282,2370.43,2026-07-18 07:18:44.245926,UPI,SUCCESS,,0,True,False,False,,
TX02911,C0600,5618.79,2026-06-19 04:28:44.245926,UPI,SUCCESS,,0,True,False,False,,
TX02912,C0192,4385.58,2026-06-19 14:05:44.245926,CARD,SUCCESS,,0,True,False,False,,
TX02913,C0490,10866.96,2026-08-31 04:33:44.245926,NETBANKING,SUCCESS,,0,True,True,False,,
TX02914,C0055,8984.95,2026-07-11 23:27:44.245926,UPI,SUCCESS,,0,True,True,False,,
TX02915,C0914,4436.56,2026-08-02 14:50:44.245926,WALLET,SUCCESS,,0,True,False,False,,
TX02916,C0444,4995.7,2026-08-30 04:21:44.245926,NETBANKING,SUCCESS,,0,True,False,False,,
TX02917,C0634,10361.4,2026-08-01 21:14:44.245926,CARD,SUCCESS,,0,True,True,False,,
TX02918,C0515,13036.88,2026-06-07 09:25:44.245926,CARD,SUCCESS,,0,True,True,False,,
TX02919,C0947,9357.22,2026-08-26 02:11:44.245926,UPI,SUCCESS,,0,True,False,False,,
TX02920,C0996,8597.1,2026-08-13 09:18:44.245926,WALLET,FAILED,BANK_DECLINE,1,True,False,True,0.53,False
TX02921,C0753,8974.81,2026-08-14 07:04:44.245926,CARD,SUCCESS,,0,True,False,False,,
TX02922,C0424,6550.0,2026-06-20 03:28:44.245926,NETBANKING,SUCCESS,,0,True,False,False,,
TX02923,C0409,12671.21,2026-06-16 21:39:44.245926,NETBANKING,SUCCESS,,0,True,False,False,,
TX02924,C0268,6682.52,2026-06-14 12:12:44.245926,NETBANKING,SUCCESS,,0,True,True,False,,
TX02925,C0838,2042.09,2026-08-14 18:29:44.245926,UPI,SUCCESS,,0,True,False,False,,
TX02926,C0843,691.69,2026-08-26 09:48:44.245926,CARD,SUCCESS,,0,True,False,False,,
TX02927,C0151,3678.81,2026-07-15 08:15:44.245926,CARD,SUCCESS,,0,True,False,False,,
TX02928,C0031,1622.72,2026-06-19 04:18:44.245926,WALLET,SUCCESS,,0,True,False,False,,
TX02929,C0413,493.0,2026-06-13 07:31:44.245926,CARD,SUCCESS,,0,True,False,False,,
TX02930,C0491,6882.09,2026-06-17 22:16:44.245926,NETBANKING,SUCCESS,,0,True,False,False,,
TX02931,C0535,1890.27,2026-07-05 15:21:44.245926,UPI,SUCCESS,,0,True,False,False,,
TX02932,C0533,3173.64,2026-06-08 07:25:44.245926,WALLET,SUCCESS,,0,True,False,False,,
TX02933,C0660,1092.08,2026-08-08 07:25:44.245926,WALLET,SUCCESS,,0,True,True,False,,
TX02934,C0042,1002.64,2026-08-22 15:43:44.245926,CARD,SUCCESS,,0,True,False,False,,
TX02935,C0110,14322.15,2026-07-19 05:32:44.245926,WALLET,FAILED,TIMEOUT,1,True,True,True,0.75,True
TX02936,C0485,2971.37,2026-07-22 20:10:44.245926,CARD,SUCCESS,,0,True,False,False,,
TX02937,C0349,6868.25,2026-08-07 11:18:44.245926,WALLET,SUCCESS,,0,True,False,False,,
TX02938,C0495,736.36,2026-06-15 09:54:44.245926,WALLET,SUCCESS,,0,True,False,False,,
TX02939,C0722,14996.45,2026-08-16 14:17:44.245926,CARD,SUCCESS,,0,True,False,False,,
TX02940,C0318,6217.92,2026-08-18 07:38:44.245926,WALLET,SUCCESS,,0,True,False,False,,
TX02941,C0171,13852.95,2026-08-19 18:02:44.245926,NETBANKING,FAILED,TIMEOUT,1,True,False,True,0.75,True
TX02942,C0075,3836.05,2026-06-17 00:38:44.245926,UPI,SUCCESS,,0,True,False,False,,
TX02943,C0845,771.64,2026-09-01 15:08:44.245926,CARD,SUCCESS,,0,True,False,False,,
TX02944,C0708,1772.46,2026-08-31 06:56:44.245926,UPI,SUCCESS,,0,True,False,False,,
TX02945,C0608,11399.91,2026-08-15 19:36:44.245926,UPI,SUCCESS,,0,True,True,False,,
TX02946,C0158,7439.11,2026-07-16 23:38:44.245926,WALLET,SUCCESS,,0,True,True,False,,
TX02947,C0639,588.82,2026-08-03 01:46:44.245926,WALLET,SUCCESS,,0,True,False,False,,
TX02948,C0067,11593.61,2026-07-24 16:37:44.245926,UPI,SUCCESS,,0,True,True,False,,
TX02949,C0881,11432.12,2026-08-21 12:50:44.245926,CARD,SUCCESS,,0,True,False,False,,
TX02950,C0584,8740.28,2026-07-03 02:54:44.245926,UPI,SUCCESS,,0,True,True,False,,
TX02951,C0886,1266.95,2026-08-14 20:21:44.245926,CARD,FAILED,NETWORK_ERROR,1,True,False,True,0.88,True
TX02952,C0892,12502.93,2026-08-18 05:44:44.245926,CARD,SUCCESS,,0,True,False,False,,
TX02953,C0378,11814.89,2026-07-22 14:42:44.245926,CARD,FAILED,FRAUD_SUSPECTED,2,True,False,False,0.01,False
TX02954,C0570,2068.09,2026-07-12 04:20:44.245926,UPI,SUCCESS,,0,True,False,False,,
TX02955,C0535,4601.46,2026-07-11 20:16:44.245926,UPI,SUCCESS,,0,True,False,False,,
TX02956,C0432,2482.07,2026-07-18 14:05:44.245926,CARD,FAILED,TIMEOUT,0,True,True,True,0.85,True
TX02957,C0205,11504.27,2026-07-14 05:05:44.245926,UPI,FAILED,NETWORK_ERROR,2,True,False,True,0.7,True
TX02958,C0156,8656.4,2026-06-14 19:35:44.245926,WALLET,SUCCESS,,0,True,False,False,,
TX02959,C0052,515.51,2026-08-08 04:57:44.245926,UPI,SUCCESS,,0,True,False,False,,
TX02960,C0163,13286.35,2026-08-20 15:25:44.245926,NETBANKING,SUCCESS,,0,True,False,False,,
TX02961,C0635,686.71,2026-07-16 23:26:44.245926,WALLET,SUCCESS,,0,True,True,False,,
TX02962,C0004,13589.92,2026-08-20 06:58:44.245926,CARD,SUCCESS,,0,True,True,False,,
TX02963,C0325,1107.36,2026-06-18 20:37:44.245926,WALLET,SUCCESS,,0,True,False,False,,
TX02964,C0664,9573.12,2026-08-03 13:26:44.245926,WALLET,SUCCESS,,0,True,False,False,,
TX02965,C0520,13984.07,2026-08-28 16:31:44.245926,CARD,SUCCESS,,0,True,False,False,,
TX02966,C0355,1530.22,2026-07-08 01:35:44.245926,WALLET,FAILED,INSUFFICIENT_FUNDS,2,True,False,True,0.33,False
TX02967,C0755,6894.13,2026-06-17 18:56:44.245926,NETBANKING,SUCCESS,,0,True,False,False,,
TX02968,C0595,6833.52,2026-06-06 11:38:44.245926,CARD,SUCCESS,,0,True,False,False,,
TX02969,C0445,9501.62,2026-08-31 05:50:44.245926,UPI,SUCCESS,,0,True,False,False,,
TX02970,C0918,748.88,2026-08-18 02:45:44.245926,CARD,SUCCESS,,0,True,False,False,,
TX02971,C0950,13942.71,2026-08-24 20:00:44.245926,NETBANKING,FAILED,TIMEOUT,2,True,False,True,0.53,False
TX02972,C0970,5533.95,2026-07-21 03:39:44.245926,UPI,FAILED,INSUFFICIENT_FUNDS,0,True,False,True,0.45,True
TX02973,C0643,469.55,2026-06-20 03:40:44.245926,UPI,SUCCESS,,0,True,True,False,,
TX02974,C0860,8239.4,2026-07-12 13:32:44.245926,CARD,SUCCESS,,0,True,False,False,,
TX02975,C0360,1677.35,2026-08-20 03:21:44.245926,CARD,SUCCESS,,0,True,True,False,,
TX02976,C0089,8582.41,2026-07-01 17:04:44.245926,CARD,SUCCESS,,0,True,False,False,,
TX02977,C0254,9824.89,2026-06-12 02:15:44.245926,NETBANKING,SUCCESS,,0,True,False,False,,
TX02978,C0520,7645.36,2026-08-17 19:45:44.245926,CARD,SUCCESS,,0,True,False,False,,
TX02979,C0287,9118.56,2026-07-12 23:46:44.245926,CARD,FAILED,BANK_DECLINE,2,True,False,True,0.23000000000000004,False
TX02980,C0250,10153.06,2026-08-20 15:01:44.245926,WALLET,FAILED,BANK_DECLINE,2,True,False,True,0.23000000000000004,True
TX02981,C0470,4102.18,2026-08-15 09:29:44.245926,WALLET,SUCCESS,,0,True,True,False,,
TX02982,C0752,1953.65,2026-07-13 07:48:44.245926,UPI,SUCCESS,,0,True,True,False,,
TX02983,C0086,9742.2,2026-06-20 13:24:44.245926,UPI,FAILED,BANK_DECLINE,2,False,False,True,0.35000000000000003,False
TX02984,C0450,5847.59,2026-06-14 04:26:44.245926,UPI,SUCCESS,,0,True,False,False,,
TX02985,C0341,12028.6,2026-08-16 16:49:44.245926,CARD,SUCCESS,,0,True,False,False,,
TX02986,C0048,2971.36,2026-08-01 16:46:44.245926,CARD,SUCCESS,,0,True,True,False,,
TX02987,C0720,6498.0,2026-08-01 16:01:44.245926,CARD,SUCCESS,,0,True,False,False,,
TX02988,C0286,5940.84,2026-06-27 01:52:44.245926,CARD,SUCCESS,,0,True,False,False,,
TX02989,C0428,6610.83,2026-06-28 14:59:44.245926,WALLET,FAILED,BANK_DECLINE,1,True,True,True,0.33000000000000007,False
TX02990,C0076,5973.25,2026-06-18 23:47:44.245926,UPI,SUCCESS,,0,True,False,False,,
TX02991,C0766,11472.72,2026-08-18 14:03:44.245926,WALLET,SUCCESS,,0,True,False,False,,
TX02992,C0665,8336.66,2026-06-04 11:25:44.245926,WALLET,SUCCESS,,0,True,False,False,,
TX02993,C0906,11903.36,2026-06-24 15:39:44.245926,NETBANKING,SUCCESS,,0,True,False,False,,
TX02994,C0396,10541.31,2026-06-25 04:39:44.245926,UPI,SUCCESS,,0,True,False,False,,
TX02995,C1000,2320.65,2026-06-27 23:27:44.245926,CARD,FAILED,TIMEOUT,0,False,False,True,0.73,False
TX02996,C0216,6546.24,2026-07-31 04:10:44.245926,UPI,SUCCESS,,0,True,False,False,,
TX02997,C0394,1385.64,2026-08-18 23:10:44.245926,CARD,SUCCESS,,0,True,True,False,,
TX02998,C0251,14915.05,2026-06-27 01:04:44.245926,NETBANKING,FAILED,TIMEOUT,2,True,False,True,0.6499999999999999,True
TX02999,C0200,6288.48,2026-06-25 14:54:44.245926,UPI,SUCCESS,,0,True,True,False,,
TX03000,C0412,13448.3,2026-07-05 13:12:44.245926,UPI,SUCCESS,,0,True,True,False,,
TX03001,C0420,13799.75,2026-07-03 16:23:44.245926,WALLET,SUCCESS,,0,True,False,False,,
TX03002,C0382,5187.03,2026-08-18 23:58:44.245926,UPI,SUCCESS,,0,True,False,False,,
TX03003,C0140,5596.65,2026-08-30 11:25:44.245926,CARD,SUCCESS,,0,True,False,False,,
TX03004,C0985,2426.28,2026-06-15 18:48:44.245926,UPI,SUCCESS,,0,True,False,False,,
TX03005,C0430,9859.2,2026-08-22 21:52:44.245926,UPI,SUCCESS,,0,True,True,False,,
TX03006,C0598,715.35,2026-07-26 01:47:44.245926,UPI,SUCCESS,,0,True,False,False,,
TX03007,C0428,7209.68,2026-08-10 19:58:44.245926,WALLET,FAILED,BANK_DECLINE,2,True,False,True,0.23000000000000004,False
TX03008,C0154,8726.55,2026-07-24 04:47:44.245926,NETBANKING,SUCCESS,,0,True,False,False,,
TX03009,C0613,14359.46,2026-08-09 20:16:44.245926,WALLET,SUCCESS,,0,True,True,False,,
TX03010,C0931,12549.92,2026-06-17 16:26:44.245926,CARD,SUCCESS,,0,True,True,False,,
TX03011,C0384,4281.79,2026-07-21 12:01:44.245926,NETBANKING,SUCCESS,,0,True,False,False,,
TX03012,C0825,3629.17,2026-07-04 03:49:44.245926,CARD,SUCCESS,,0,True,False,False,,
TX03013,C0507,9510.87,2026-08-29 15:50:44.245926,CARD,FAILED,TIMEOUT,1,True,False,True,0.63,True
TX03014,C0961,14636.26,2026-07-10 11:22:44.245926,CARD,SUCCESS,,0,True,False,False,,
TX03015,C0123,4880.75,2026-07-20 13:38:44.245926,CARD,SUCCESS,,0,True,False,False,,
TX03016,C0933,13420.09,2026-06-12 15:56:44.245926,UPI,SUCCESS,,0,True,False,False,,
TX03017,C0644,14689.77,2026-08-16 14:07:44.245926,UPI,SUCCESS,,0,True,False,False,,
TX03018,C0735,9321.35,2026-08-09 04:44:44.245926,UPI,SUCCESS,,0,True,False,False,,
TX03019,C0651,12718.83,2026-08-14 12:54:44.245926,CARD,SUCCESS,,0,True,False,False,,
TX03020,C0731,10545.77,2026-07-09 04:03:44.245926,UPI,SUCCESS,,0,True,False,False,,
TX03021,C0365,1966.81,2026-07-17 15:12:44.245926,UPI,SUCCESS,,0,True,True,False,,
TX03022,C0039,1209.45,2026-08-19 05:21:44.245926,CARD,SUCCESS,,0,True,False,False,,
TX03023,C0331,8462.02,2026-07-10 09:19:44.245926,UPI,SUCCESS,,0,True,True,False,,
TX03024,C0127,6338.61,2026-08-08 00:17:44.245926,UPI,SUCCESS,,0,True,False,False,,
TX03025,C0146,8815.25,2026-07-04 06:27:44.245926,UPI,SUCCESS,,0,True,False,False,,
TX03026,C0077,7436.97,2026-06-08 22:03:44.245926,UPI,SUCCESS,,0,True,True,False,,
TX03027,C0723,8714.28,2026-08-16 21:35:44.245926,CARD,FAILED,NETWORK_ERROR,2,False,True,True,0.5800000000000001,True
TX03028,C0733,14980.01,2026-08-05 13:25:44.245926,CARD,FAILED,EXPIRED_CARD,2,False,False,True,0.08000000000000002,False
TX03029,C0511,5105.05,2026-07-14 02:42:44.245926,NETBANKING,SUCCESS,,0,True,False,False,,
TX03030,C0357,11920.39,2026-07-02 17:30:44.245926,NETBANKING,SUCCESS,,0,True,False,False,,
TX03031,C0530,7503.43,2026-07-14 18:38:44.245926,UPI,FAILED,TIMEOUT,0,True,False,True,0.85,True
TX03032,C0313,3544.77,2026-08-14 13:22:44.245926,UPI,SUCCESS,,0,True,False,False,,
TX03033,C0899,6549.73,2026-06-26 12:28:44.245926,WALLET,FAILED,EXPIRED_CARD,1,True,False,True,0.01,False
TX03034,C0615,9612.94,2026-08-13 13:42:44.245926,WALLET,SUCCESS,,0,True,False,False,,
TX03035,C0829,1096.63,2026-07-10 12:49:44.245926,UPI,SUCCESS,,0,True,False,False,,
TX03036,C0795,5401.25,2026-08-27 16:08:44.245926,NETBANKING,SUCCESS,,0,True,True,False,,
TX03037,C0442,10226.43,2026-06-19 00:47:44.245926,CARD,FAILED,EXPIRED_CARD,0,True,False,True,0.08000000000000002,False
TX03038,C0050,6594.28,2026-08-23 16:01:44.245926,CARD,SUCCESS,,0,True,False,False,,
TX03039,C0710,4866.06,2026-06-16 16:08:44.245926,NETBANKING,FAILED,INSUFFICIENT_FUNDS,2,True,True,True,0.13,True
TX03040,C0782,14757.36,2026-06-12 20:18:44.245926,NETBANKING,SUCCESS,,0,True,False,False,,
TX03041,C0896,7699.4,2026-08-30 12:17:44.245926,NETBANKING,FAILED,TIMEOUT,2,True,True,True,0.6499999999999999,False
TX03042,C0569,8191.7,2026-06-14 07:22:44.245926,CARD,FAILED,BANK_DECLINE,2,False,False,True,0.23000000000000004,False
TX03043,C0736,3179.49,2026-06-11 15:33:44.245926,WALLET,SUCCESS,,0,True,True,False,,
TX03044,C0186,14144.0,2026-07-14 20:48:44.245926,NETBANKING,SUCCESS,,0,True,False,False,,
TX03045,C0316,13985.48,2026-06-29 07:29:44.245926,CARD,FAILED,TIMEOUT,2,True,True,True,0.53,True
TX03046,C0552,1419.25,2026-08-09 22:22:44.245926,UPI,FAILED,NETWORK_ERROR,0,True,True,True,0.9,True
TX03047,C0295,7337.21,2026-06-25 04:42:44.245926,WALLET,FAILED,TIMEOUT,2,True,False,True,0.53,True
TX03048,C0797,8445.38,2026-09-01 01:46:44.245926,CARD,SUCCESS,,0,True,False,False,,
TX03049,C0817,14756.0,2026-08-29 17:35:44.245926,UPI,SUCCESS,,0,True,False,False,,
TX03050,C0015,2114.07,2026-07-25 04:32:44.245926,NETBANKING,SUCCESS,,0,True,False,False,,
TX03051,C0180,5067.19,2026-06-27 11:50:44.245926,WALLET,SUCCESS,,0,True,False,False,,
TX03052,C0771,14265.35,2026-06-08 17:40:44.245926,UPI,SUCCESS,,0,True,True,False,,
TX03053,C0592,4040.63,2026-08-02 20:47:44.245926,CARD,FAILED,TIMEOUT,2,True,False,True,0.73,False
TX03054,C0851,1427.55,2026-06-17 04:23:44.245926,NETBANKING,SUCCESS,,0,True,False,False,,
TX03055,C0443,10780.0,2026-07-15 04:09:44.245926,NETBANKING,SUCCESS,,0,True,False,False,,
TX03056,C0527,11550.64,2026-08-09 23:30:44.245926,WALLET,SUCCESS,,0,True,False,False,,
TX03057,C0425,9425.61,2026-08-17 16:23:44.245926,UPI,SUCCESS,,0,True,False,False,,
TX03058,C0053,13547.2,2026-07-10 16:26:44.245926,UPI,SUCCESS,,0,True,False,False,,
TX03059,C0706,4614.01,2026-08-01 20:05:44.245926,UPI,SUCCESS,,0,True,False,False,,
TX03060,C0138,2794.9,2026-06-21 21:18:44.245926,UPI,SUCCESS,,0,True,False,False,,
TX03061,C0196,5878.75,2026-06-19 21:26:44.245926,NETBANKING,SUCCESS,,0,True,False,False,,
TX03062,C0962,5498.36,2026-06-05 14:14:44.245926,WALLET,FAILED,INSUFFICIENT_FUNDS,0,True,False,True,0.45,True
TX03063,C0345,12452.51,2026-06-27 15:35:44.245926,WALLET,FAILED,TIMEOUT,2,True,False,True,0.53,True
TX03064,C0200,5077.5,2026-07-24 01:57:44.245926,UPI,FAILED,BANK_DECLINE,0,True,False,True,0.55,False
TX03065,C0617,4792.08,2026-06-07 16:48:44.245926,NETBANKING,SUCCESS,,0,True,False,False,,
TX03066,C0619,11881.24,2026-08-10 19:54:44.245926,WALLET,SUCCESS,,0,True,True,False,,
TX03067,C0199,13127.03,2026-07-14 13:03:44.245926,NETBANKING,SUCCESS,,0,True,False,False,,
TX03068,C0955,13603.54,2026-08-20 03:17:44.245926,WALLET,SUCCESS,,0,True,False,False,,
TX03069,C0387,4399.16,2026-06-27 14:24:44.245926,WALLET,FAILED,EXPIRED_CARD,1,True,False,True,0.1,False
TX03070,C0272,8165.68,2026-07-07 08:40:44.245926,UPI,SUCCESS,,0,True,False,False,,
TX03071,C0390,9407.25,2026-07-15 10:27:44.245926,WALLET,SUCCESS,,0,True,False,False,,
TX03072,C0789,528.87,2026-08-05 21:47:44.245926,WALLET,SUCCESS,,0,True,False,False,,
TX03073,C0440,10972.6,2026-07-03 14:49:44.245926,CARD,FAILED,NETWORK_ERROR,2,True,False,True,0.7,True
TX03074,C0344,4055.21,2026-07-23 11:51:44.245926,NETBANKING,SUCCESS,,0,True,False,False,,
TX03075,C0874,8648.11,2026-07-13 04:23:44.245926,NETBANKING,SUCCESS,,0,True,False,False,,
TX03076,C0511,11713.24,2026-08-23 23:33:44.245926,NETBANKING,SUCCESS,,0,True,False,False,,
TX03077,C0029,1195.54,2026-09-02 03:04:44.245926,UPI,SUCCESS,,0,True,False,False,,
TX03078,C0155,2252.82,2026-07-18 01:49:44.245926,UPI,SUCCESS,,0,True,True,False,,
TX03079,C0410,10311.05,2026-06-27 13:06:44.245926,WALLET,FAILED,TIMEOUT,0,True,False,True,0.85,False
TX03080,C0781,14463.55,2026-08-08 02:44:44.245926,CARD,SUCCESS,,0,True,False,False,,
TX03081,C0275,13597.01,2026-08-19 03:25:44.245926,WALLET,SUCCESS,,0,True,False,False,,
TX03082,C0385,6908.1,2026-07-21 21:50:44.245926,UPI,SUCCESS,,0,True,True,False,,
TX03083,C0602,1817.09,2026-09-01 06:19:44.245926,NETBANKING,SUCCESS,,0,True,True,False,,
TX03084,C0979,8380.67,2026-06-07 04:24:44.245926,WALLET,FAILED,TIMEOUT,0,False,False,True,0.73,True
TX03085,C0658,7865.85,2026-06-08 22:32:44.245926,CARD,SUCCESS,,0,True,False,False,,
TX03086,C0079,3417.74,2026-06-17 16:58:44.245926,NETBANKING,SUCCESS,,0,True,True,False,,
TX03087,C0400,519.07,2026-06-25 09:10:44.245926,UPI,FAILED,NETWORK_ERROR,0,True,False,True,0.9,True
TX03088,C0369,1984.83,2026-08-26 06:41:44.245926,UPI,SUCCESS,,0,True,True,False,,
TX03089,C0318,9073.94,2026-08-22 10:29:44.245926,WALLET,SUCCESS,,0,True,False,False,,
TX03090,C0213,7368.44,2026-07-09 14:25:44.245926,WALLET,FAILED,NETWORK_ERROR,2,True,False,True,0.7,True
TX03091,C0127,4544.83,2026-08-26 22:29:44.245926,UPI,SUCCESS,,0,True,False,False,,
TX03092,C0202,4553.64,2026-07-03 12:15:44.245926,WALLET,FAILED,BANK_DECLINE,2,False,False,True,0.35000000000000003,False
TX03093,C0279,4362.54,2026-08-14 17:15:44.245926,NETBANKING,FAILED,INSUFFICIENT_FUNDS,2,True,False,True,0.13,False
TX03094,C0317,8953.91,2026-08-19 04:20:44.245926,UPI,FAILED,INSUFFICIENT_FUNDS,0,True,False,True,0.45,True
TX03095,C0429,12578.93,2026-07-11 05:50:44.245926,WALLET,SUCCESS,,0,True,False,False,,
TX03096,C0766,12315.34,2026-06-29 20:03:44.245926,WALLET,SUCCESS,,0,True,False,False,,
TX03097,C0022,8948.4,2026-07-14 06:29:44.245926,NETBANKING,FAILED,EXPIRED_CARD,1,True,False,True,0.18000000000000002,False
TX03098,C0296,10126.1,2026-07-12 20:44:44.245926,UPI,FAILED,TIMEOUT,0,True,False,True,0.85,True
TX03099,C0958,1572.16,2026-06-12 15:56:44.245926,CARD,SUCCESS,,0,True,False,False,,
TX03100,C0763,14156.16,2026-09-02 06:20:44.245926,NETBANKING,SUCCESS,,0,True,False,False,,
TX03101,C0187,8262.31,2026-06-13 14:23:44.245926,UPI,FAILED,TIMEOUT,2,True,True,True,0.6499999999999999,True
TX03102,C0060,5699.08,2026-07-25 13:43:44.245926,NETBANKING,SUCCESS,,0,True,False,False,,
TX03103,C0576,8359.05,2026-07-01 05:22:44.245926,WALLET,SUCCESS,,0,True,False,False,,
TX03104,C0804,10966.55,2026-07-25 20:04:44.245926,CARD,SUCCESS,,0,True,False,False,,
TX03105,C0011,9221.92,2026-08-14 21:20:44.245926,NETBANKING,SUCCESS,,0,True,True,False,,
TX03106,C0009,6671.7,2026-07-25 00:01:44.245926,NETBANKING,SUCCESS,,0,True,False,False,,
TX03107,C0472,2039.21,2026-07-22 14:36:44.245926,NETBANKING,SUCCESS,,0,True,False,False,,
TX03108,C0344,7433.84,2026-07-30 08:47:44.245926,NETBANKING,SUCCESS,,0,True,True,False,,
TX03109,C0966,12101.91,2026-07-13 11:18:44.245926,NETBANKING,SUCCESS,,0,True,True,False,,
TX03110,C0171,1439.76,2026-07-15 19:29:44.245926,NETBANKING,SUCCESS,,0,True,False,False,,
TX03111,C0254,9042.11,2026-06-15 23:02:44.245926,NETBANKING,SUCCESS,,0,True,True,False,,
TX03112,C0735,6644.71,2026-08-07 07:13:44.245926,UPI,SUCCESS,,0,True,False,False,,
TX03113,C0900,12784.27,2026-07-31 21:15:44.245926,UPI,SUCCESS,,0,True,False,False,,
TX03114,C0915,13128.42,2026-07-09 01:06:44.245926,UPI,SUCCESS,,0,True,True,False,,
TX03115,C0365,8433.45,2026-06-04 23:27:44.245926,UPI,FAILED,INSUFFICIENT_FUNDS,2,True,True,True,0.25,True
TX03116,C0607,5233.53,2026-07-03 01:24:44.245926,NETBANKING,SUCCESS,,0,True,False,False,,
TX03117,C0398,7453.87,2026-06-30 21:55:44.245926,WALLET,SUCCESS,,0,True,False,False,,
TX03118,C0503,2328.16,2026-07-01 11:02:44.245926,CARD,SUCCESS,,0,True,False,False,,
TX03119,C0856,1397.04,2026-07-23 18:17:44.245926,UPI,SUCCESS,,0,True,False,False,,
TX03120,C0185,8405.96,2026-06-29 23:04:44.245926,WALLET,FAILED,NETWORK_ERROR,2,True,False,True,0.7,False
TX03121,C0747,2371.43,2026-08-29 06:45:44.245926,UPI,SUCCESS,,0,True,False,False,,
TX03122,C0534,1394.39,2026-06-09 07:19:44.245926,WALLET,SUCCESS,,0,True,False,False,,
TX03123,C0693,13727.17,2026-06-28 12:07:44.245926,UPI,SUCCESS,,0,True,False,False,,
TX03124,C0270,13768.84,2026-06-14 00:34:44.245926,NETBANKING,SUCCESS,,0,True,False,False,,
TX03125,C0616,4616.63,2026-07-18 16:35:44.245926,WALLET,SUCCESS,,0,True,False,False,,
TX03126,C0081,6696.23,2026-07-20 11:36:44.245926,UPI,SUCCESS,,0,True,True,False,,
TX03127,C0247,2380.58,2026-08-20 07:39:44.245926,NETBANKING,FAILED,EXPIRED_CARD,1,True,True,True,0.1,False
TX03128,C0792,1231.53,2026-07-10 18:57:44.245926,WALLET,FAILED,NETWORK_ERROR,2,False,False,True,0.5800000000000001,True
TX03129,C0614,3405.7,2026-06-16 19:48:44.245926,CARD,SUCCESS,,0,True,False,False,,
TX03130,C0703,14880.63,2026-07-20 05:43:44.245926,WALLET,FAILED,NETWORK_ERROR,2,True,False,True,0.7,False
TX03131,C0576,1158.64,2026-07-18 15:13:44.245926,WALLET,SUCCESS,,0,True,False,False,,
TX03132,C0282,12307.36,2026-06-21 01:56:44.245926,UPI,FAILED,NETWORK_ERROR,1,True,True,True,0.88,True
TX03133,C0018,6025.45,2026-08-28 10:57:44.245926,WALLET,SUCCESS,,0,True,False,False,,
TX03134,C0079,11654.71,2026-06-05 00:19:44.245926,NETBANKING,FAILED,BANK_DECLINE,0,True,False,True,0.55,False
TX03135,C0122,1167.33,2026-06-15 00:27:44.245926,WALLET,FAILED,BANK_DECLINE,0,True,False,True,0.43000000000000005,False
TX03136,C0216,12299.34,2026-06-12 06:55:44.245926,UPI,SUCCESS,,0,True,False,False,,
TX03137,C0741,11288.71,2026-06-08 09:58:44.245926,CARD,SUCCESS,,0,True,False,False,,
TX03138,C0665,12309.02,2026-08-15 17:04:44.245926,WALLET,SUCCESS,,0,True,False,False,,
TX03139,C0299,2301.61,2026-06-08 10:28:44.245926,WALLET,FAILED,NETWORK_ERROR,0,True,False,True,0.9,True
TX03140,C0132,7412.84,2026-08-25 21:58:44.245926,WALLET,SUCCESS,,0,True,False,False,,
TX03141,C0927,1573.37,2026-07-20 08:04:44.245926,WALLET,FAILED,BANK_DECLINE,1,True,False,True,0.45000000000000007,True
TX03142,C0536,2370.48,2026-07-26 02:22:44.245926,UPI,FAILED,BANK_DECLINE,1,True,False,True,0.45000000000000007,False
TX03143,C0805,2233.12,2026-06-27 20:18:44.245926,UPI,SUCCESS,,0,True,False,False,,
TX03144,C0651,1998.84,2026-08-19 13:40:44.245926,CARD,SUCCESS,,0,True,False,False,,
TX03145,C0444,11957.56,2026-07-21 06:59:44.245926,NETBANKING,FAILED,FRAUD_SUSPECTED,1,True,False,False,0.01,False
TX03146,C0273,11626.53,2026-08-13 20:18:44.245926,WALLET,SUCCESS,,0,True,True,False,,
TX03147,C0527,967.44,2026-07-06 11:11:44.245926,WALLET,SUCCESS,,0,True,False,False,,
TX03148,C0686,6228.24,2026-08-05 18:13:44.245926,UPI,FAILED,NETWORK_ERROR,1,False,False,True,0.68,True
TX03149,C0102,5591.16,2026-06-27 17:59:44.245926,CARD,SUCCESS,,0,True,False,False,,
TX03150,C0734,3856.76,2026-08-22 18:11:44.245926,UPI,FAILED,EXPIRED_CARD,1,True,False,True,0.1,False
TX03151,C0313,872.09,2026-07-13 12:25:44.245926,UPI,SUCCESS,,0,True,False,False,,
TX03152,C0547,3519.73,2026-08-08 18:37:44.245926,WALLET,SUCCESS,,0,True,False,False,,
TX03153,C0753,13984.95,2026-07-20 06:20:44.245926,CARD,SUCCESS,,0,True,True,False,,
TX03154,C0045,2900.09,2026-08-16 06:45:44.245926,CARD,SUCCESS,,0,True,True,False,,
TX03155,C0710,12027.57,2026-07-31 20:17:44.245926,NETBANKING,FAILED,FRAUD_SUSPECTED,1,True,True,False,0.01,False
TX03156,C0635,6849.09,2026-07-14 21:20:44.245926,WALLET,SUCCESS,,0,True,False,False,,
TX03157,C0855,6084.06,2026-07-15 07:30:44.245926,WALLET,FAILED,BANK_DECLINE,1,True,True,True,0.33000000000000007,False
TX03158,C0121,11019.04,2026-06-05 07:56:44.245926,NETBANKING,SUCCESS,,0,True,False,False,,
TX03159,C0287,5199.61,2026-08-13 03:17:44.245926,CARD,SUCCESS,,0,True,False,False,,
TX03160,C0435,9545.48,2026-07-02 14:44:44.245926,NETBANKING,SUCCESS,,0,True,False,False,,
TX03161,C0141,9121.3,2026-08-24 09:47:44.245926,WALLET,SUCCESS,,0,True,True,False,,
TX03162,C0805,14952.69,2026-07-16 13:27:44.245926,UPI,FAILED,INSUFFICIENT_FUNDS,1,True,True,True,0.43000000000000005,False
TX03163,C0814,4635.5,2026-08-29 05:27:44.245926,NETBANKING,SUCCESS,,0,True,False,False,,
TX03164,C0138,10395.04,2026-06-20 13:40:44.245926,UPI,SUCCESS,,0,True,True,False,,
TX03165,C0748,10841.18,2026-07-08 05:02:44.245926,UPI,SUCCESS,,0,True,False,False,,
TX03166,C0653,13822.78,2026-06-28 20:14:44.245926,WALLET,SUCCESS,,0,True,False,False,,
TX03167,C0868,2903.76,2026-06-04 12:06:44.245926,WALLET,SUCCESS,,0,True,False,False,,
TX03168,C0497,2978.94,2026-08-25 11:12:44.245926,UPI,SUCCESS,,0,True,False,False,,
TX03169,C0690,8618.59,2026-08-22 19:25:44.245926,NETBANKING,FAILED,FRAUD_SUSPECTED,0,True,False,False,0.01,False
TX03170,C0953,1460.42,2026-06-14 13:09:44.245926,NETBANKING,FAILED,TIMEOUT,2,False,False,True,0.6499999999999999,False
TX03171,C0963,10389.87,2026-07-27 23:37:44.245926,NETBANKING,SUCCESS,,0,True,False,False,,
TX03172,C0537,9379.24,2026-06-07 08:34:44.245926,UPI,SUCCESS,,0,True,False,False,,
TX03173,C0696,12570.88,2026-06-13 12:54:44.245926,CARD,SUCCESS,,0,True,False,False,,
TX03174,C0928,12714.51,2026-07-16 15:38:44.245926,WALLET,FAILED,BANK_DECLINE,0,False,False,True,0.43000000000000005,False
TX03175,C0717,712.34,2026-06-25 10:26:44.245926,WALLET,SUCCESS,,0,True,False,False,,
TX03176,C0343,1007.72,2026-09-01 21:08:44.245926,WALLET,FAILED,TIMEOUT,2,True,False,True,0.6499999999999999,False
TX03177,C0107,10443.43,2026-07-27 03:28:44.245926,CARD,SUCCESS,,0,True,True,False,,
TX03178,C0610,2153.03,2026-06-07 07:20:44.245926,WALLET,SUCCESS,,0,True,False,False,,
TX03179,C0425,7745.29,2026-08-07 01:04:44.245926,UPI,SUCCESS,,0,True,False,False,,
TX03180,C0733,1358.53,2026-07-01 17:48:44.245926,CARD,SUCCESS,,0,True,False,False,,
TX03181,C0117,14344.55,2026-08-02 23:14:44.245926,UPI,FAILED,TIMEOUT,2,True,False,True,0.6499999999999999,True
TX03182,C0844,11325.63,2026-08-26 05:05:44.245926,NETBANKING,SUCCESS,,0,True,False,False,,
TX03183,C0003,2453.67,2026-07-07 08:03:44.245926,CARD,SUCCESS,,0,True,False,False,,
TX03184,C0507,6291.09,2026-07-18 18:19:44.245926,CARD,SUCCESS,,0,True,False,False,,
TX03185,C0519,9768.64,2026-07-10 15:39:44.245926,UPI,SUCCESS,,0,True,False,False,,
TX03186,C0356,13659.85,2026-07-24 06:42:44.245926,NETBANKING,FAILED,NETWORK_ERROR,2,True,False,True,0.7,True
TX03187,C0496,13462.95,2026-07-18 01:02:44.245926,CARD,FAILED,BANK_DECLINE,2,True,False,True,0.23000000000000004,False
TX03188,C0811,8683.06,2026-06-30 17:57:44.245926,UPI,SUCCESS,,0,True,False,False,,
TX03189,C0712,14802.29,2026-08-21 21:30:44.245926,WALLET,SUCCESS,,0,True,True,False,,
TX03190,C0778,7514.41,2026-07-08 18:12:44.245926,NETBANKING,SUCCESS,,0,True,False,False,,
TX03191,C0739,5212.36,2026-06-05 04:16:44.245926,WALLET,FAILED,NETWORK_ERROR,2,True,False,True,0.5800000000000001,True
TX03192,C0829,4902.62,2026-06-16 06:41:44.245926,UPI,FAILED,EXPIRED_CARD,0,True,False,True,0.2,False
TX03193,C0660,9527.72,2026-08-03 15:44:44.245926,WALLET,SUCCESS,,0,True,False,False,,
TX03194,C0246,2496.94,2026-08-15 06:53:44.245926,NETBANKING,SUCCESS,,0,True,True,False,,
TX03195,C0744,1700.16,2026-06-05 19:57:44.245926,UPI,SUCCESS,,0,True,False,False,,
TX03196,C0705,885.56,2026-08-24 21:54:44.245926,WALLET,SUCCESS,,0,True,False,False,,
TX03197,C0970,982.0,2026-06-26 16:19:44.245926,UPI,FAILED,NETWORK_ERROR,2,True,False,True,0.7,True
TX03198,C0418,13330.06,2026-06-15 01:30:44.245926,UPI,SUCCESS,,0,True,True,False,,
TX03199,C0254,3533.18,2026-06-16 19:57:44.245926,NETBANKING,SUCCESS,,0,True,False,False,,
TX03200,C0175,13476.86,2026-07-04 21:26:44.245926,NETBANKING,SUCCESS,,0,True,False,False,,
TX03201,C0447,7011.12,2026-08-12 02:20:44.245926,NETBANKING,FAILED,EXPIRED_CARD,2,True,False,True,0.08000000000000002,False
TX03202,C0108,12952.35,2026-06-12 10:19:44.245926,UPI,FAILED,NETWORK_ERROR,2,True,True,True,0.7,True
TX03203,C0919,14312.79,2026-06-26 07:33:44.245926,CARD,SUCCESS,,0,True,False,False,,
TX03204,C0435,2933.96,2026-06-05 05:11:44.245926,NETBANKING,SUCCESS,,0,True,False,False,,
TX03205,C0689,5739.65,2026-07-21 20:05:44.245926,CARD,SUCCESS,,0,True,True,False,,
TX03206,C0672,14754.56,2026-08-24 10:45:44.245926,CARD,SUCCESS,,0,True,True,False,,
TX03207,C0064,316.13,2026-07-14 22:37:44.245926,CARD,SUCCESS,,0,True,True,False,,
TX03208,C0489,12675.25,2026-06-24 23:37:44.245926,WALLET,FAILED,INSUFFICIENT_FUNDS,2,True,False,True,0.25,True
TX03209,C0224,9811.41,2026-07-29 18:52:44.245926,NETBANKING,SUCCESS,,0,True,False,False,,
TX03210,C0528,5482.8,2026-08-26 07:27:44.245926,WALLET,SUCCESS,,0,True,False,False,,
TX03211,C0702,8720.91,2026-07-18 22:33:44.245926,UPI,SUCCESS,,0,True,False,False,,
TX03212,C0322,8613.49,2026-07-13 22:11:44.245926,WALLET,SUCCESS,,0,True,True,False,,
TX03213,C0501,6717.0,2026-07-23 04:34:44.245926,CARD,SUCCESS,,0,True,False,False,,
TX03214,C0748,1498.83,2026-07-28 00:22:44.245926,UPI,SUCCESS,,0,True,False,False,,
TX03215,C0369,7117.13,2026-08-31 23:49:44.245926,UPI,SUCCESS,,0,True,False,False,,
TX03216,C0118,1684.69,2026-07-25 01:18:44.245926,WALLET,FAILED,BANK_DECLINE,2,True,False,True,0.23000000000000004,False
TX03217,C0645,8164.18,2026-08-17 00:25:44.245926,NETBANKING,SUCCESS,,0,True,False,False,,
TX03218,C0986,1287.38,2026-09-01 13:32:44.245926,CARD,FAILED,TIMEOUT,0,True,False,True,0.73,True
TX03219,C0556,4358.83,2026-08-30 22:59:44.245926,NETBANKING,FAILED,EXPIRED_CARD,0,True,True,True,0.2,False
TX03220,C0205,7308.55,2026-06-04 13:20:44.245926,UPI,SUCCESS,,0,True,True,False,,
TX03221,C0897,9341.12,2026-07-23 07:01:44.245926,NETBANKING,SUCCESS,,0,True,True,False,,
TX03222,C0939,14696.92,2026-06-16 18:11:44.245926,UPI,FAILED,INSUFFICIENT_FUNDS,0,True,False,True,0.45,True
TX03223,C0892,9926.06,2026-08-09 23:53:44.245926,CARD,FAILED,NETWORK_ERROR,2,False,True,True,0.5800000000000001,False
TX03224,C0908,14361.41,2026-07-26 23:45:44.245926,CARD,FAILED,BANK_DECLINE,0,True,False,True,0.43000000000000005,False
TX03225,C0866,2175.44,2026-08-01 03:46:44.245926,NETBANKING,FAILED,NETWORK_ERROR,0,True,True,True,0.78,True
TX03226,C0519,2219.59,2026-07-14 09:29:44.245926,UPI,FAILED,BANK_DECLINE,0,True,False,True,0.55,True
TX03227,C0355,13508.11,2026-08-12 13:24:44.245926,WALLET,SUCCESS,,0,True,True,False,,
TX03228,C0330,5231.34,2026-06-08 17:25:44.245926,UPI,SUCCESS,,0,True,False,False,,
TX03229,C0969,342.42,2026-09-02 01:03:44.245926,WALLET,SUCCESS,,0,True,False,False,,
TX03230,C0465,11957.79,2026-06-25 10:53:44.245926,NETBANKING,SUCCESS,,0,True,False,False,,
TX03231,C0723,7056.1,2026-07-10 15:52:44.245926,CARD,SUCCESS,,0,True,False,False,,
TX03232,C0820,8197.86,2026-06-16 11:05:44.245926,NETBANKING,SUCCESS,,0,True,False,False,,
TX03233,C0504,9880.89,2026-07-28 21:30:44.245926,CARD,SUCCESS,,0,True,True,False,,
TX03234,C0622,12250.43,2026-09-01 11:46:44.245926,UPI,SUCCESS,,0,True,False,False,,
TX03235,C0435,5858.37,2026-07-29 19:08:44.245926,NETBANKING,SUCCESS,,0,True,True,False,,
TX03236,C0357,8855.99,2026-08-30 10:37:44.245926,NETBANKING,FAILED,BANK_DECLINE,0,False,True,True,0.43000000000000005,True
TX03237,C0458,8255.82,2026-06-29 13:24:44.245926,CARD,FAILED,NETWORK_ERROR,1,True,True,True,0.88,True
TX03238,C0998,14101.62,2026-07-12 15:44:44.245926,CARD,FAILED,BANK_DECLINE,2,True,False,True,0.23000000000000004,False
TX03239,C0983,6439.96,2026-08-31 17:03:44.245926,UPI,FAILED,EXPIRED_CARD,1,False,True,True,0.1,False
TX03240,C0807,6091.82,2026-06-18 08:51:44.245926,NETBANKING,SUCCESS,,0,True,True,False,,
TX03241,C0487,6087.63,2026-07-07 08:45:44.245926,CARD,SUCCESS,,0,True,True,False,,
TX03242,C0423,11748.4,2026-08-14 17:39:44.245926,UPI,SUCCESS,,0,True,False,False,,
TX03243,C0641,6782.34,2026-07-13 17:16:44.245926,WALLET,SUCCESS,,0,True,False,False,,
TX03244,C0679,4800.69,2026-08-13 13:13:44.245926,NETBANKING,SUCCESS,,0,True,True,False,,
TX03245,C0606,6427.43,2026-06-05 05:19:44.245926,CARD,SUCCESS,,0,True,False,False,,
TX03246,C0372,2758.94,2026-06-21 17:14:44.245926,CARD,SUCCESS,,0,True,True,False,,
TX03247,C0236,2279.94,2026-08-23 17:34:44.245926,UPI,SUCCESS,,0,True,False,False,,
TX03248,C0438,14539.26,2026-06-27 17:19:44.245926,UPI,SUCCESS,,0,True,True,False,,
TX03249,C0804,2320.45,2026-08-18 21:06:44.245926,CARD,SUCCESS,,0,True,False,False,,
TX03250,C0544,8455.64,2026-07-03 14:57:44.245926,CARD,FAILED,TIMEOUT,0,True,False,True,0.85,True
TX03251,C0551,877.57,2026-08-10 08:12:44.245926,UPI,SUCCESS,,0,True,False,False,,
TX03252,C0004,14270.45,2026-07-30 16:04:44.245926,CARD,FAILED,NETWORK_ERROR,2,False,True,True,0.78,True
TX03253,C0626,12363.71,2026-06-12 03:34:44.245926,NETBANKING,SUCCESS,,0,True,False,False,,
TX03254,C0988,5889.91,2026-06-24 12:35:44.245926,WALLET,SUCCESS,,0,True,True,False,,
TX03255,C0106,3819.5,2026-06-16 15:21:44.245926,WALLET,SUCCESS,,0,True,False,False,,
TX03256,C0633,4441.48,2026-07-16 09:36:44.245926,NETBANKING,FAILED,FRAUD_SUSPECTED,0,False,False,False,0.03,False
TX03257,C0286,3909.18,2026-08-29 20:19:44.245926,CARD,SUCCESS,,0,True,True,False,,
TX03258,C0793,12191.08,2026-06-26 08:54:44.245926,CARD,FAILED,NETWORK_ERROR,2,True,False,True,0.7,False
TX03259,C0891,5795.77,2026-08-08 20:51:44.245926,WALLET,SUCCESS,,0,True,False,False,,
TX03260,C0339,11741.92,2026-07-09 23:32:44.245926,NETBANKING,FAILED,EXPIRED_CARD,2,True,False,True,0.01,False
TX03261,C0265,10767.96,2026-08-09 00:45:44.245926,WALLET,SUCCESS,,0,True,False,False,,
TX03262,C0194,11649.7,2026-08-25 12:00:44.245926,CARD,SUCCESS,,0,True,False,False,,
TX03263,C0750,3230.71,2026-08-31 11:14:44.245926,CARD,SUCCESS,,0,True,True,False,,
TX03264,C0625,7241.17,2026-08-21 11:21:44.245926,CARD,SUCCESS,,0,True,False,False,,
TX03265,C0325,11003.56,2026-08-14 03:53:44.245926,WALLET,SUCCESS,,0,True,False,False,,
TX03266,C0236,1234.66,2026-06-23 10:25:44.245926,UPI,FAILED,EXPIRED_CARD,0,True,False,True,0.2,False
TX03267,C0416,13651.4,2026-07-26 13:44:44.245926,UPI,SUCCESS,,0,True,False,False,,
TX03268,C0433,9389.38,2026-08-28 23:55:44.245926,NETBANKING,FAILED,TIMEOUT,0,True,False,True,0.85,True
TX03269,C0154,11861.95,2026-07-08 05:36:44.245926,NETBANKING,SUCCESS,,0,True,False,False,,
TX03270,C0971,12710.32,2026-06-20 23:39:44.245926,WALLET,SUCCESS,,0,True,True,False,,
TX03271,C0817,499.13,2026-08-22 15:28:44.245926,UPI,FAILED,FRAUD_SUSPECTED,0,True,False,False,0.03,False
TX03272,C0704,2969.41,2026-06-15 14:22:44.245926,NETBANKING,SUCCESS,,0,True,False,False,,
TX03273,C0697,14966.13,2026-08-30 05:58:44.245926,WALLET,SUCCESS,,0,True,False,False,,
TX03274,C0812,3172.58,2026-08-15 14:13:44.245926,WALLET,SUCCESS,,0,True,False,False,,
TX03275,C0143,12303.7,2026-07-01 20:13:44.245926,NETBANKING,FAILED,INSUFFICIENT_FUNDS,1,True,False,True,0.35,False
TX03276,C0263,9969.45,2026-07-16 02:58:44.245926,WALLET,SUCCESS,,0,True,True,False,,
TX03277,C0820,10305.84,2026-06-06 02:09:44.245926,NETBANKING,FAILED,NETWORK_ERROR,2,True,False,True,0.7,True
TX03278,C0625,13820.36,2026-06-17 09:04:44.245926,CARD,SUCCESS,,0,True,False,False,,
TX03279,C0130,11029.38,2026-07-15 02:22:44.245926,WALLET,SUCCESS,,0,True,True,False,,
TX03280,C0618,4428.51,2026-06-18 16:23:44.245926,CARD,FAILED,NETWORK_ERROR,2,True,False,True,0.7,False
TX03281,C0871,12023.4,2026-06-28 02:08:44.245926,UPI,FAILED,TIMEOUT,2,True,True,True,0.6499999999999999,False
TX03282,C0874,9749.39,2026-06-19 08:04:44.245926,NETBANKING,SUCCESS,,0,True,False,False,,
TX03283,C0238,10247.57,2026-08-06 09:17:44.245926,UPI,FAILED,BANK_DECLINE,1,False,True,True,0.33000000000000007,False
TX03284,C0691,6958.61,2026-07-26 23:49:44.245926,NETBANKING,SUCCESS,,0,True,False,False,,
TX03285,C0593,6279.04,2026-06-22 04:37:44.245926,NETBANKING,SUCCESS,,0,True,False,False,,
TX03286,C0866,13692.09,2026-08-02 05:14:44.245926,NETBANKING,SUCCESS,,0,True,False,False,,
TX03287,C0116,9550.71,2026-07-06 22:48:44.245926,WALLET,FAILED,EXPIRED_CARD,1,False,False,True,0.1,True
TX03288,C0782,9841.43,2026-08-03 08:43:44.245926,NETBANKING,SUCCESS,,0,True,False,False,,
TX03289,C0464,13835.39,2026-07-18 11:39:44.245926,CARD,SUCCESS,,0,True,False,False,,
TX03290,C0452,2181.95,2026-07-02 14:06:44.245926,WALLET,SUCCESS,,0,True,True,False,,
TX03291,C0206,12746.22,2026-06-22 04:22:44.245926,WALLET,SUCCESS,,0,True,True,False,,
TX03292,C0577,4726.52,2026-08-31 12:34:44.245926,NETBANKING,SUCCESS,,0,True,False,False,,
TX03293,C0546,11607.82,2026-06-24 06:04:44.245926,UPI,SUCCESS,,0,True,False,False,,
TX03294,C0139,9524.93,2026-06-12 08:23:44.245926,WALLET,SUCCESS,,0,True,False,False,,
TX03295,C0907,815.71,2026-06-15 12:22:44.245926,CARD,SUCCESS,,0,True,True,False,,
TX03296,C0435,5460.65,2026-06-18 11:28:44.245926,NETBANKING,SUCCESS,,0,True,False,False,,
TX03297,C0027,13625.32,2026-06-06 21:12:44.245926,CARD,SUCCESS,,0,True,False,False,,
TX03298,C0246,10975.94,2026-08-21 08:31:44.245926,NETBANKING,SUCCESS,,0,True,False,False,,
TX03299,C0647,2178.96,2026-07-08 10:40:44.245926,WALLET,SUCCESS,,0,True,False,False,,
TX03300,C0544,13430.79,2026-08-03 10:53:44.245926,CARD,SUCCESS,,0,True,False,False,,
TX03301,C0004,2480.87,2026-06-18 04:03:44.245926,CARD,SUCCESS,,0,True,False,False,,
TX03302,C0325,6807.6,2026-08-07 02:21:44.245926,WALLET,SUCCESS,,0,True,False,False,,
TX03303,C0437,9169.83,2026-06-20 07:27:44.245926,WALLET,SUCCESS,,0,True,True,False,,
TX03304,C0967,7263.12,2026-08-06 13:38:44.245926,UPI,SUCCESS,,0,True,False,False,,
TX03305,C0492,3564.28,2026-07-06 16:05:44.245926,NETBANKING,SUCCESS,,0,True,True,False,,
TX03306,C0146,6574.28,2026-07-20 14:50:44.245926,UPI,SUCCESS,,0,True,False,False,,
TX03307,C0425,6137.31,2026-08-26 00:55:44.245926,UPI,SUCCESS,,0,True,True,False,,
TX03308,C0706,969.76,2026-06-21 12:08:44.245926,UPI,FAILED,TIMEOUT,1,True,False,True,0.75,True
TX03309,C0213,12847.04,2026-07-09 03:16:44.245926,WALLET,SUCCESS,,0,True,True,False,,
TX03310,C0954,2132.81,2026-07-10 12:41:44.245926,NETBANKING,SUCCESS,,0,True,True,False,,
TX03311,C0289,14296.61,2026-09-01 16:35:44.245926,UPI,SUCCESS,,0,True,False,False,,
TX03312,C0519,8506.65,2026-07-25 10:30:44.245926,UPI,FAILED,BANK_DECLINE,0,True,False,True,0.55,False
TX03313,C0252,9564.92,2026-08-27 11:06:44.245926,UPI,SUCCESS,,0,True,False,False,,
TX03314,C0318,12935.08,2026-08-14 09:12:44.245926,WALLET,SUCCESS,,0,True,False,False,,
TX03315,C0908,6806.46,2026-06-28 08:27:44.245926,CARD,SUCCESS,,0,True,True,False,,
TX03316,C0188,14557.01,2026-06-24 04:03:44.245926,NETBANKING,SUCCESS,,0,True,False,False,,
TX03317,C0172,2382.03,2026-06-19 03:14:44.245926,UPI,FAILED,EXPIRED_CARD,2,True,False,True,0.08000000000000002,False
TX03318,C0870,2563.34,2026-07-25 10:29:44.245926,UPI,SUCCESS,,0,True,False,False,,
TX03319,C0116,8621.28,2026-08-08 17:46:44.245926,WALLET,FAILED,EXPIRED_CARD,2,True,False,True,0.01,False
TX03320,C0506,1140.25,2026-06-21 02:32:44.245926,UPI,SUCCESS,,0,True,False,False,,
TX03321,C0606,14897.95,2026-06-23 15:45:44.245926,CARD,FAILED,TIMEOUT,0,False,False,True,0.73,True
TX03322,C0410,7338.19,2026-08-16 03:33:44.245926,WALLET,SUCCESS,,0,True,True,False,,
TX03323,C0145,1986.68,2026-06-09 11:45:44.245926,UPI,FAILED,TIMEOUT,2,True,False,True,0.6499999999999999,True
TX03324,C0586,10134.34,2026-06-25 07:11:44.245926,CARD,SUCCESS,,0,True,False,False,,
TX03325,C0227,11650.9,2026-08-02 21:37:44.245926,WALLET,FAILED,BANK_DECLINE,0,True,True,True,0.55,False
TX03326,C0090,6199.0,2026-06-09 15:55:44.245926,WALLET,SUCCESS,,0,True,False,False,,
TX03327,C0615,6169.66,2026-07-26 09:51:44.245926,WALLET,SUCCESS,,0,True,False,False,,
TX03328,C0827,5671.01,2026-06-10 04:52:44.245926,NETBANKING,SUCCESS,,0,True,False,False,,
TX03329,C0127,7299.32,2026-07-07 08:27:44.245926,UPI,SUCCESS,,0,True,False,False,,
TX03330,C0013,12049.45,2026-08-28 17:07:44.245926,CARD,SUCCESS,,0,True,False,False,,
TX03331,C0367,1571.23,2026-09-01 09:44:44.245926,NETBANKING,SUCCESS,,0,True,False,False,,
TX03332,C0688,8623.53,2026-08-27 00:45:44.245926,CARD,SUCCESS,,0,True,False,False,,
TX03333,C0074,4292.8,2026-07-26 06:56:44.245926,CARD,SUCCESS,,0,True,False,False,,
TX03334,C0375,10897.18,2026-07-28 08:51:44.245926,WALLET,SUCCESS,,0,True,False,False,,
TX03335,C0360,6927.63,2026-07-19 15:38:44.245926,CARD,SUCCESS,,0,True,False,False,,
TX03336,C0635,7314.26,2026-06-04 11:50:44.245926,WALLET,SUCCESS,,0,True,False,False,,
TX03337,C0284,2780.29,2026-09-01 07:38:44.245926,CARD,SUCCESS,,0,True,True,False,,
TX03338,C0039,9454.42,2026-08-02 19:03:44.245926,CARD,SUCCESS,,0,True,False,False,,
TX03339,C0841,10026.0,2026-06-18 01:38:44.245926,NETBANKING,SUCCESS,,0,True,False,False,,
TX03340,C0631,8702.13,2026-08-11 21:13:44.245926,CARD,FAILED,INSUFFICIENT_FUNDS,2,True,False,True,0.25,False
TX03341,C0591,8626.0,2026-07-22 01:40:44.245926,CARD,SUCCESS,,0,True,False,False,,
TX03342,C0639,6567.53,2026-08-24 17:54:44.245926,WALLET,SUCCESS,,0,True,False,False,,
TX03343,C0231,9148.55,2026-08-13 13:50:44.245926,WALLET,SUCCESS,,0,True,True,False,,
TX03344,C0613,6024.23,2026-08-13 01:03:44.245926,WALLET,SUCCESS,,0,True,True,False,,
TX03345,C0763,10523.16,2026-08-31 04:12:44.245926,NETBANKING,FAILED,BANK_DECLINE,2,True,False,True,0.43,False
TX03346,C0540,14058.75,2026-08-29 01:41:44.245926,WALLET,FAILED,BANK_DECLINE,2,False,False,True,0.23000000000000004,False
TX03347,C0945,1647.92,2026-08-13 12:41:44.245926,UPI,SUCCESS,,0,True,False,False,,
TX03348,C0359,753.89,2026-07-21 02:14:44.245926,WALLET,SUCCESS,,0,True,False,False,,
TX03349,C0594,9662.93,2026-06-20 23:35:44.245926,WALLET,SUCCESS,,0,True,True,False,,
TX03350,C0708,2630.53,2026-07-27 19:01:44.245926,UPI,SUCCESS,,0,True,True,False,,
TX03351,C0934,11686.56,2026-07-18 16:59:44.245926,UPI,FAILED,EXPIRED_CARD,1,False,False,True,0.1,False
TX03352,C0686,7355.09,2026-08-08 03:48:44.245926,UPI,FAILED,NETWORK_ERROR,0,True,False,True,0.78,True
TX03353,C0829,10081.1,2026-07-14 01:31:44.245926,UPI,SUCCESS,,0,True,False,False,,
TX03354,C0470,6883.04,2026-07-15 10:01:44.245926,WALLET,SUCCESS,,0,True,False,False,,
TX03355,C0160,1608.7,2026-08-17 17:44:44.245926,WALLET,FAILED,NETWORK_ERROR,1,True,False,True,0.68,False
TX03356,C0513,638.89,2026-06-26 16:17:44.245926,WALLET,SUCCESS,,0,True,False,False,,
TX03357,C0284,7212.82,2026-06-07 20:53:44.245926,CARD,SUCCESS,,0,True,False,False,,
TX03358,C0218,4304.27,2026-07-13 06:39:44.245926,WALLET,SUCCESS,,0,True,False,False,,
TX03359,C0693,6788.28,2026-06-14 10:47:44.245926,UPI,FAILED,EXPIRED_CARD,2,True,False,True,0.08000000000000002,False
TX03360,C0890,3326.56,2026-08-06 16:19:44.245926,NETBANKING,SUCCESS,,0,True,False,False,,
TX03361,C0604,416.97,2026-07-07 22:36:44.245926,CARD,SUCCESS,,0,True,False,False,,
TX03362,C0127,2668.2,2026-07-12 02:02:44.245926,UPI,SUCCESS,,0,True,False,False,,
TX03363,C0466,3751.13,2026-06-11 13:52:44.245926,NETBANKING,SUCCESS,,0,True,False,False,,
TX03364,C0723,13767.63,2026-07-30 22:45:44.245926,CARD,FAILED,EXPIRED_CARD,2,True,False,True,0.01,False
TX03365,C0627,9964.65,2026-06-27 00:28:44.245926,CARD,SUCCESS,,0,True,False,False,,
TX03366,C0588,4147.36,2026-08-25 11:13:44.245926,WALLET,SUCCESS,,0,True,False,False,,
TX03367,C0604,3554.68,2026-08-07 23:35:44.245926,CARD,SUCCESS,,0,True,False,False,,
TX03368,C0948,13481.31,2026-07-30 03:35:44.245926,NETBANKING,SUCCESS,,0,True,True,False,,
TX03369,C0107,9171.17,2026-06-26 16:59:44.245926,CARD,SUCCESS,,0,True,False,False,,
TX03370,C0152,10673.6,2026-08-21 12:24:44.245926,UPI,SUCCESS,,0,True,False,False,,
TX03371,C0445,4490.81,2026-07-26 18:36:44.245926,UPI,SUCCESS,,0,True,False,False,,
TX03372,C0109,4177.78,2026-07-22 07:21:44.245926,NETBANKING,FAILED,INSUFFICIENT_FUNDS,2,True,True,True,0.25,True
TX03373,C0363,7657.41,2026-06-16 02:58:44.245926,NETBANKING,SUCCESS,,0,True,False,False,,
TX03374,C0236,14047.14,2026-09-02 09:43:44.245926,UPI,SUCCESS,,0,True,False,False,,
TX03375,C0541,9745.42,2026-08-23 18:10:44.245926,CARD,SUCCESS,,0,True,False,False,,
TX03376,C0430,4263.25,2026-06-27 03:01:44.245926,UPI,SUCCESS,,0,True,True,False,,
TX03377,C0544,14966.28,2026-08-12 15:28:44.245926,CARD,FAILED,BANK_DECLINE,0,True,False,True,0.55,True
TX03378,C0660,7340.27,2026-07-01 21:00:44.245926,WALLET,SUCCESS,,0,True,False,False,,
TX03379,C0503,3132.93,2026-07-31 19:35:44.245926,CARD,SUCCESS,,0,True,False,False,,
TX03380,C0964,5249.17,2026-08-16 07:04:44.245926,CARD,SUCCESS,,0,True,False,False,,
TX03381,C0111,2147.22,2026-06-26 16:39:44.245926,UPI,FAILED,NETWORK_ERROR,1,True,False,True,0.8,True
TX03382,C0032,2481.21,2026-07-30 01:17:44.245926,NETBANKING,FAILED,NETWORK_ERROR,0,True,False,True,0.98,True
TX03383,C0961,2304.5,2026-06-14 21:27:44.245926,CARD,SUCCESS,,0,True,True,False,,
TX03384,C0531,5199.78,2026-07-10 06:15:44.245926,UPI,FAILED,EXPIRED_CARD,2,True,False,True,0.01,False
TX03385,C0325,10259.85,2026-07-17 08:22:44.245926,WALLET,SUCCESS,,0,True,False,False,,
TX03386,C0332,6624.59,2026-08-16 19:46:44.245926,WALLET,SUCCESS,,0,True,True,False,,
TX03387,C0839,3510.49,2026-06-10 16:56:44.245926,WALLET,SUCCESS,,0,True,False,False,,
TX03388,C0720,4685.67,2026-06-28 01:17:44.245926,CARD,SUCCESS,,0,True,False,False,,
TX03389,C0637,3552.92,2026-06-11 01:00:44.245926,WALLET,SUCCESS,,0,True,True,False,,
TX03390,C0426,5753.5,2026-08-24 00:02:44.245926,UPI,SUCCESS,,0,True,True,False,,
TX03391,C0441,3100.26,2026-07-11 12:39:44.245926,UPI,FAILED,NETWORK_ERROR,2,True,True,True,0.7,True
TX03392,C0154,4603.5,2026-06-28 13:51:44.245926,NETBANKING,SUCCESS,,0,True,False,False,,
TX03393,C0825,575.13,2026-06-25 13:28:44.245926,CARD,SUCCESS,,0,True,False,False,,
TX03394,C0559,6410.57,2026-08-10 22:24:44.245926,UPI,SUCCESS,,0,True,False,False,,
TX03395,C0007,6124.8,2026-08-18 05:23:44.245926,NETBANKING,FAILED,BANK_DECLINE,0,True,False,True,0.55,False
TX03396,C0539,10748.11,2026-08-25 02:37:44.245926,UPI,SUCCESS,,0,True,True,False,,
TX03397,C0926,5907.01,2026-07-27 11:19:44.245926,WALLET,FAILED,FRAUD_SUSPECTED,0,False,False,False,0.01,False
TX03398,C0879,6740.87,2026-06-30 11:33:44.245926,UPI,FAILED,NETWORK_ERROR,1,True,True,True,0.8,True
TX03399,C0024,2580.94,2026-07-23 06:49:44.245926,NETBANKING,SUCCESS,,0,True,False,False,,
TX03400,C0065,14224.56,2026-06-19 07:34:44.245926,CARD,SUCCESS,,0,True,True,False,,
TX03401,C0978,14181.5,2026-07-12 20:49:44.245926,CARD,SUCCESS,,0,True,False,False,,
TX03402,C0317,11348.61,2026-08-09 21:01:44.245926,UPI,SUCCESS,,0,True,False,False,,
TX03403,C0782,2644.4,2026-06-22 17:51:44.245926,NETBANKING,FAILED,NETWORK_ERROR,0,True,True,True,0.78,True
TX03404,C0124,6198.71,2026-06-14 06:11:44.245926,CARD,SUCCESS,,0,True,True,False,,
TX03405,C0571,3676.91,2026-06-24 10:06:44.245926,UPI,SUCCESS,,0,True,True,False,,
TX03406,C0093,6782.31,2026-08-10 06:16:44.245926,UPI,SUCCESS,,0,True,False,False,,
TX03407,C0954,6588.31,2026-07-15 23:28:44.245926,NETBANKING,FAILED,TIMEOUT,0,True,False,True,0.73,True
TX03408,C0971,5406.39,2026-08-17 12:31:44.245926,WALLET,SUCCESS,,0,True,False,False,,
TX03409,C0692,1132.98,2026-06-29 17:58:44.245926,UPI,SUCCESS,,0,True,False,False,,
TX03410,C0476,1450.16,2026-08-25 16:26:44.245926,CARD,SUCCESS,,0,True,True,False,,
TX03411,C0941,8851.3,2026-08-13 11:51:44.245926,CARD,SUCCESS,,0,True,False,False,,
TX03412,C0960,3754.32,2026-06-24 04:15:44.245926,UPI,SUCCESS,,0,True,False,False,,
TX03413,C0266,11948.34,2026-06-08 16:37:44.245926,UPI,FAILED,NETWORK_ERROR,1,True,False,True,0.68,False
TX03414,C0078,12018.3,2026-08-26 22:29:44.245926,CARD,FAILED,INSUFFICIENT_FUNDS,0,True,True,True,0.45,True
TX03415,C0898,4602.31,2026-08-23 15:25:44.245926,UPI,SUCCESS,,0,True,False,False,,
TX03416,C0577,13216.51,2026-07-12 02:10:44.245926,NETBANKING,SUCCESS,,0,True,False,False,,
TX03417,C0079,13281.54,2026-07-16 13:10:44.245926,NETBANKING,SUCCESS,,0,True,False,False,,
TX03418,C0038,12525.95,2026-07-17 19:08:44.245926,UPI,FAILED,BANK_DECLINE,2,True,False,True,0.43,False
TX03419,C0125,12536.35,2026-08-28 14:47:44.245926,WALLET,FAILED,EXPIRED_CARD,1,True,False,True,0.01,False
TX03420,C0003,13831.32,2026-06-18 11:17:44.245926,CARD,SUCCESS,,0,True,False,False,,
TX03421,C0049,2480.57,2026-07-20 11:35:44.245926,WALLET,SUCCESS,,0,True,False,False,,
TX03422,C0813,2586.61,2026-07-28 22:46:44.245926,CARD,SUCCESS,,0,True,True,False,,
TX03423,C0625,11794.53,2026-07-05 16:30:44.245926,CARD,FAILED,TIMEOUT,2,True,False,True,0.73,True
TX03424,C0750,14223.17,2026-07-18 15:12:44.245926,CARD,SUCCESS,,0,True,True,False,,
TX03425,C0762,8729.03,2026-08-29 01:12:44.245926,CARD,SUCCESS,,0,True,True,False,,
TX03426,C0992,2210.86,2026-06-12 06:26:44.245926,CARD,SUCCESS,,0,True,False,False,,
TX03427,C0908,7030.98,2026-07-21 04:28:44.245926,CARD,SUCCESS,,0,True,True,False,,
TX03428,C0075,14743.05,2026-07-24 18:17:44.245926,UPI,SUCCESS,,0,True,False,False,,
TX03429,C0626,9328.6,2026-08-04 09:28:44.245926,NETBANKING,SUCCESS,,0,True,False,False,,
TX03430,C0425,1386.83,2026-08-21 06:35:44.245926,UPI,FAILED,NETWORK_ERROR,1,True,False,True,0.8,True
TX03431,C0175,2520.44,2026-06-13 20:55:44.245926,NETBANKING,SUCCESS,,0,True,False,False,,
TX03432,C0447,4001.74,2026-07-06 18:06:44.245926,NETBANKING,SUCCESS,,0,True,True,False,,
TX03433,C0137,13320.52,2026-08-13 00:21:44.245926,UPI,SUCCESS,,0,True,True,False,,
TX03434,C0137,2879.89,2026-08-25 20:22:44.245926,UPI,SUCCESS,,0,True,False,False,,
TX03435,C0835,4041.55,2026-06-24 11:57:44.245926,UPI,SUCCESS,,0,True,False,False,,
TX03436,C0846,615.52,2026-08-21 11:10:44.245926,NETBANKING,SUCCESS,,0,True,False,False,,
TX03437,C0714,5822.5,2026-07-08 17:59:44.245926,UPI,SUCCESS,,0,True,False,False,,
TX03438,C0502,4131.89,2026-08-23 11:02:44.245926,NETBANKING,SUCCESS,,0,True,False,False,,
TX03439,C0485,3127.66,2026-06-22 05:19:44.245926,CARD,SUCCESS,,0,True,False,False,,
TX03440,C0798,8231.8,2026-06-22 05:45:44.245926,UPI,SUCCESS,,0,True,True,False,,
TX03441,C0326,4740.02,2026-08-23 06:58:44.245926,NETBANKING,SUCCESS,,0,True,False,False,,
TX03442,C0330,7682.39,2026-07-21 15:30:44.245926,UPI,SUCCESS,,0,True,False,False,,
TX03443,C0905,13859.99,2026-06-05 12:20:44.245926,CARD,SUCCESS,,0,True,False,False,,
TX03444,C0113,2743.29,2026-08-21 17:46:44.245926,NETBANKING,SUCCESS,,0,True,False,False,,
TX03445,C0628,11559.54,2026-08-05 17:40:44.245926,CARD,SUCCESS,,0,True,False,False,,
TX03446,C0010,13161.85,2026-06-21 16:34:44.245926,WALLET,SUCCESS,,0,True,False,False,,
TX03447,C0981,4083.47,2026-08-07 08:12:44.245926,NETBANKING,SUCCESS,,0,True,False,False,,
TX03448,C0457,9629.51,2026-06-23 11:41:44.245926,NETBANKING,SUCCESS,,0,True,True,False,,
TX03449,C0668,11193.89,2026-07-12 03:19:44.245926,CARD,FAILED,NETWORK_ERROR,0,True,False,True,0.78,True
TX03450,C0328,13707.11,2026-07-26 01:50:44.245926,WALLET,SUCCESS,,0,True,True,False,,
TX03451,C0252,13321.59,2026-07-06 05:43:44.245926,UPI,SUCCESS,,0,True,False,False,,
TX03452,C0973,9187.42,2026-06-06 23:21:44.245926,UPI,SUCCESS,,0,True,False,False,,
TX03453,C0495,13933.46,2026-06-18 04:20:44.245926,WALLET,SUCCESS,,0,True,False,False,,
TX03454,C0289,5041.93,2026-08-22 03:37:44.245926,UPI,SUCCESS,,0,True,False,False,,
TX03455,C0193,3509.98,2026-06-18 05:56:44.245926,CARD,FAILED,BANK_DECLINE,1,True,False,True,0.33000000000000007,False
TX03456,C0878,7110.1,2026-08-08 23:59:44.245926,UPI,SUCCESS,,0,True,False,False,,
TX03457,C0239,2833.7,2026-07-31 02:23:44.245926,WALLET,SUCCESS,,0,True,False,False,,
TX03458,C0382,14323.14,2026-06-08 08:03:44.245926,UPI,FAILED,TIMEOUT,0,True,False,True,0.73,True
TX03459,C0508,8403.01,2026-06-13 06:47:44.245926,UPI,SUCCESS,,0,True,True,False,,
TX03460,C0909,3578.62,2026-07-23 10:38:44.245926,WALLET,SUCCESS,,0,True,False,False,,
TX03461,C0501,4307.39,2026-07-23 02:10:44.245926,CARD,SUCCESS,,0,True,False,False,,
TX03462,C0714,12876.43,2026-06-10 07:00:44.245926,UPI,SUCCESS,,0,True,False,False,,
TX03463,C0076,12802.4,2026-06-13 00:49:44.245926,UPI,SUCCESS,,0,True,False,False,,
TX03464,C0990,1421.16,2026-08-11 15:17:44.245926,UPI,SUCCESS,,0,True,False,False,,
TX03465,C0319,13286.51,2026-08-08 04:23:44.245926,NETBANKING,SUCCESS,,0,True,False,False,,
TX03466,C0404,6700.97,2026-07-12 09:58:44.245926,WALLET,SUCCESS,,0,True,False,False,,
TX03467,C0562,4679.93,2026-06-05 05:06:44.245926,CARD,FAILED,NETWORK_ERROR,2,True,False,True,0.78,True
TX03468,C0300,4846.77,2026-07-02 06:15:44.245926,UPI,SUCCESS,,0,True,False,False,,
TX03469,C0399,10203.67,2026-06-08 07:42:44.245926,NETBANKING,FAILED,INSUFFICIENT_FUNDS,0,True,False,True,0.33,False
TX03470,C0678,8008.94,2026-06-26 16:54:44.245926,CARD,SUCCESS,,0,True,False,False,,
TX03471,C0556,11706.29,2026-08-30 19:19:44.245926,NETBANKING,SUCCESS,,0,True,False,False,,
TX03472,C0461,14202.25,2026-07-10 18:57:44.245926,CARD,SUCCESS,,0,True,False,False,,
TX03473,C0077,2045.65,2026-07-14 01:42:44.245926,UPI,FAILED,INSUFFICIENT_FUNDS,0,True,False,True,0.33,True
TX03474,C0180,6710.95,2026-06-17 15:04:44.245926,WALLET,SUCCESS,,0,True,True,False,,
TX03475,C0576,551.48,2026-08-06 06:23:44.245926,WALLET,SUCCESS,,0,True,True,False,,
TX03476,C0414,9292.49,2026-07-22 20:37:44.245926,NETBANKING,SUCCESS,,0,True,True,False,,
TX03477,C0751,4436.65,2026-07-18 15:29:44.245926,UPI,FAILED,FRAUD_SUSPECTED,2,True,True,False,0.01,False
TX03478,C0971,9340.46,2026-06-18 09:50:44.245926,WALLET,SUCCESS,,0,True,False,False,,
TX03479,C0523,9258.33,2026-09-01 08:27:44.245926,UPI,SUCCESS,,0,True,False,False,,
TX03480,C0641,8044.64,2026-08-02 18:19:44.245926,WALLET,SUCCESS,,0,True,True,False,,
TX03481,C0831,1930.14,2026-07-24 11:11:44.245926,CARD,SUCCESS,,0,True,True,False,,
TX03482,C0886,6650.27,2026-07-11 17:57:44.245926,CARD,SUCCESS,,0,True,True,False,,
TX03483,C0226,2770.95,2026-06-04 15:20:44.245926,CARD,FAILED,NETWORK_ERROR,1,False,False,True,0.68,False
TX03484,C0342,6121.64,2026-08-22 21:42:44.245926,WALLET,SUCCESS,,0,True,True,False,,
TX03485,C0677,982.27,2026-08-17 03:18:44.245926,WALLET,SUCCESS,,0,True,True,False,,
TX03486,C0358,8083.06,2026-06-25 19:55:44.245926,NETBANKING,SUCCESS,,0,True,False,False,,
TX03487,C0673,5522.59,2026-08-06 04:04:44.245926,CARD,SUCCESS,,0,True,True,False,,
TX03488,C0267,12211.66,2026-06-20 00:03:44.245926,UPI,SUCCESS,,0,True,False,False,,
TX03489,C0070,9288.53,2026-06-09 20:58:44.245926,NETBANKING,SUCCESS,,0,True,False,False,,
TX03490,C0937,6653.27,2026-08-18 07:45:44.245926,NETBANKING,SUCCESS,,0,True,False,False,,
TX03491,C0246,3887.76,2026-06-25 02:52:44.245926,NETBANKING,SUCCESS,,0,True,True,False,,
TX03492,C0885,13376.17,2026-08-23 17:28:44.245926,UPI,SUCCESS,,0,True,False,False,,
TX03493,C0385,5964.86,2026-08-15 07:35:44.245926,UPI,SUCCESS,,0,True,False,False,,
TX03494,C0626,12273.99,2026-07-11 12:54:44.245926,NETBANKING,SUCCESS,,0,True,False,False,,
TX03495,C0125,5242.47,2026-06-14 19:49:44.245926,WALLET,SUCCESS,,0,True,False,False,,
TX03496,C0045,13721.85,2026-08-11 17:10:44.245926,CARD,FAILED,EXPIRED_CARD,1,True,True,True,0.18000000000000002,False
TX03497,C0576,14487.44,2026-06-14 08:03:44.245926,WALLET,SUCCESS,,0,True,True,False,,
TX03498,C0909,2579.27,2026-07-20 11:42:44.245926,WALLET,SUCCESS,,0,True,False,False,,
TX03499,C0955,3616.45,2026-07-29 20:34:44.245926,WALLET,SUCCESS,,0,True,True,False,,
TX03500,C0217,12782.49,2026-08-09 23:46:44.245926,NETBANKING,SUCCESS,,0,True,False,False,,
TX03501,C0073,3046.47,2026-08-10 13:03:44.245926,NETBANKING,SUCCESS,,0,True,False,False,,
TX03502,C0592,8066.82,2026-07-04 01:27:44.245926,CARD,SUCCESS,,0,True,False,False,,
TX03503,C0949,14132.33,2026-06-06 05:54:44.245926,CARD,SUCCESS,,0,True,False,False,,
TX03504,C0254,7547.22,2026-06-13 02:09:44.245926,NETBANKING,FAILED,INSUFFICIENT_FUNDS,1,True,False,True,0.23,False
TX03505,C0622,9631.62,2026-08-28 11:45:44.245926,UPI,SUCCESS,,0,True,False,False,,
TX03506,C0665,9916.58,2026-06-28 16:38:44.245926,WALLET,SUCCESS,,0,True,True,False,,
TX03507,C0609,2173.3,2026-07-29 16:02:44.245926,WALLET,SUCCESS,,0,True,False,False,,
TX03508,C0076,7071.47,2026-07-20 05:52:44.245926,UPI,SUCCESS,,0,True,False,False,,
TX03509,C0953,9023.29,2026-07-27 04:44:44.245926,NETBANKING,SUCCESS,,0,True,False,False,,
TX03510,C0236,8252.96,2026-07-01 15:39:44.245926,UPI,SUCCESS,,0,True,False,False,,
TX03511,C0989,11096.04,2026-06-05 23:01:44.245926,CARD,SUCCESS,,0,True,False,False,,
TX03512,C0938,2514.93,2026-07-10 00:22:44.245926,NETBANKING,FAILED,TIMEOUT,2,False,False,True,0.6499999999999999,True
TX03513,C0289,13087.2,2026-07-26 18:14:44.245926,UPI,SUCCESS,,0,True,False,False,,
TX03514,C0314,6888.8,2026-07-02 11:37:44.245926,NETBANKING,SUCCESS,,0,True,False,False,,
TX03515,C0817,13399.3,2026-06-19 05:41:44.245926,UPI,SUCCESS,,0,True,False,False,,
TX03516,C0401,4310.58,2026-07-14 01:17:44.245926,CARD,SUCCESS,,0,True,False,False,,
TX03517,C0589,6831.76,2026-07-01 13:22:44.245926,WALLET,SUCCESS,,0,True,False,False,,
TX03518,C0469,9235.1,2026-07-14 22:54:44.245926,NETBANKING,SUCCESS,,0,True,False,False,,
TX03519,C0709,11543.03,2026-07-11 22:43:44.245926,CARD,SUCCESS,,0,True,False,False,,
TX03520,C0263,4776.34,2026-08-13 00:41:44.245926,WALLET,FAILED,TIMEOUT,2,True,True,True,0.6499999999999999,True
TX03521,C0542,7022.08,2026-08-05 21:16:44.245926,WALLET,SUCCESS,,0,True,False,False,,
TX03522,C0981,5473.57,2026-07-30 16:18:44.245926,NETBANKING,SUCCESS,,0,True,False,False,,
TX03523,C0428,4354.25,2026-08-30 05:52:44.245926,WALLET,SUCCESS,,0,True,False,False,,
TX03524,C0393,12089.15,2026-08-20 12:56:44.245926,UPI,SUCCESS,,0,True,False,False,,
TX03525,C0186,3865.22,2026-08-19 19:16:44.245926,NETBANKING,SUCCESS,,0,True,False,False,,
TX03526,C0383,5347.43,2026-07-10 17:35:44.245926,NETBANKING,FAILED,INSUFFICIENT_FUNDS,2,True,False,True,0.13,True
TX03527,C0628,8145.45,2026-06-28 14:04:44.245926,CARD,SUCCESS,,0,True,False,False,,
TX03528,C0631,9192.44,2026-08-03 18:46:44.245926,CARD,SUCCESS,,0,True,False,False,,
TX03529,C0068,13174.82,2026-07-04 04:17:44.245926,NETBANKING,FAILED,FRAUD_SUSPECTED,0,True,True,False,0.03,False
TX03530,C0119,7042.61,2026-07-10 13:18:44.245926,WALLET,SUCCESS,,0,True,False,False,,
TX03531,C0245,13555.46,2026-06-06 02:10:44.245926,NETBANKING,SUCCESS,,0,True,False,False,,
TX03532,C0407,8159.23,2026-06-27 10:38:44.245926,UPI,SUCCESS,,0,True,False,False,,
TX03533,C0950,3555.16,2026-07-25 01:53:44.245926,NETBANKING,SUCCESS,,0,True,False,False,,
TX03534,C0166,3092.32,2026-08-04 00:58:44.245926,CARD,SUCCESS,,0,True,False,False,,
TX03535,C0090,4785.28,2026-08-17 14:38:44.245926,WALLET,SUCCESS,,0,True,False,False,,
TX03536,C0904,9046.56,2026-07-17 13:33:44.245926,NETBANKING,SUCCESS,,0,True,False,False,,
TX03537,C0576,14924.2,2026-07-24 19:27:44.245926,WALLET,FAILED,TIMEOUT,0,True,False,True,0.85,False
TX03538,C0606,487.06,2026-06-04 12:03:44.245926,CARD,SUCCESS,,0,True,True,False,,
TX03539,C0557,10887.0,2026-08-12 14:25:44.245926,CARD,SUCCESS,,0,True,False,False,,
TX03540,C0721,13362.49,2026-08-14 07:27:44.245926,CARD,SUCCESS,,0,True,False,False,,
TX03541,C0748,554.12,2026-08-31 13:50:44.245926,UPI,SUCCESS,,0,True,False,False,,
TX03542,C0215,1727.24,2026-06-28 04:58:44.245926,WALLET,SUCCESS,,0,True,False,False,,
TX03543,C0560,6742.64,2026-07-23 17:18:44.245926,NETBANKING,SUCCESS,,0,True,False,False,,
TX03544,C0922,4624.59,2026-07-15 07:09:44.245926,CARD,FAILED,BANK_DECLINE,2,True,False,True,0.35000000000000003,False
TX03545,C0448,8103.05,2026-06-19 04:34:44.245926,UPI,FAILED,TIMEOUT,2,True,False,True,0.53,True
TX03546,C0156,5773.71,2026-08-06 01:29:44.245926,WALLET,SUCCESS,,0,True,True,False,,
TX03547,C0112,13808.33,2026-07-02 00:37:44.245926,NETBANKING,SUCCESS,,0,True,False,False,,
TX03548,C0898,9141.36,2026-08-28 20:05:44.245926,UPI,SUCCESS,,0,True,True,False,,
TX03549,C0884,10079.4,2026-08-30 08:14:44.245926,NETBANKING,SUCCESS,,0,True,False,False,,
TX03550,C0797,6192.78,2026-08-26 20:54:44.245926,CARD,SUCCESS,,0,True,False,False,,
TX03551,C0958,867.7,2026-06-17 08:22:44.245926,CARD,SUCCESS,,0,True,False,False,,
TX03552,C0577,5057.03,2026-07-05 18:35:44.245926,NETBANKING,SUCCESS,,0,True,False,False,,
TX03553,C0913,7322.0,2026-07-03 03:44:44.245926,CARD,SUCCESS,,0,True,False,False,,
TX03554,C0410,3008.28,2026-08-21 06:41:44.245926,WALLET,SUCCESS,,0,True,True,False,,
TX03555,C0134,5177.24,2026-06-24 01:21:44.245926,CARD,FAILED,FRAUD_SUSPECTED,2,True,True,False,0.01,False
TX03556,C0009,7361.88,2026-07-09 20:01:44.245926,NETBANKING,SUCCESS,,0,True,False,False,,
TX03557,C0034,11846.37,2026-07-08 08:07:44.245926,CARD,SUCCESS,,0,True,False,False,,
TX03558,C0388,5095.99,2026-06-13 05:14:44.245926,WALLET,SUCCESS,,0,True,False,False,,
TX03559,C0632,8155.35,2026-07-02 21:26:44.245926,CARD,FAILED,NETWORK_ERROR,0,False,False,True,0.9,True
TX03560,C0387,2743.49,2026-08-18 21:26:44.245926,WALLET,SUCCESS,,0,True,False,False,,
TX03561,C0090,348.87,2026-06-27 02:55:44.245926,WALLET,SUCCESS,,0,True,False,False,,
TX03562,C0466,14213.62,2026-08-28 03:25:44.245926,NETBANKING,SUCCESS,,0,True,False,False,,
TX03563,C0249,11753.25,2026-06-26 00:02:44.245926,CARD,FAILED,FRAUD_SUSPECTED,2,True,False,False,0.01,False
TX03564,C0348,4279.29,2026-08-01 22:19:44.245926,NETBANKING,SUCCESS,,0,True,False,False,,
TX03565,C0716,5393.62,2026-07-03 15:53:44.245926,NETBANKING,SUCCESS,,0,True,False,False,,
TX03566,C0939,5073.44,2026-06-20 21:57:44.245926,UPI,SUCCESS,,0,True,False,False,,
TX03567,C0699,10314.64,2026-07-05 23:08:44.245926,NETBANKING,SUCCESS,,0,True,True,False,,
TX03568,C0181,1790.63,2026-06-14 23:20:44.245926,UPI,SUCCESS,,0,True,False,False,,
TX03569,C0534,5713.18,2026-06-12 02:15:44.245926,WALLET,SUCCESS,,0,True,False,False,,
TX03570,C0690,13768.68,2026-07-22 14:30:44.245926,NETBANKING,SUCCESS,,0,True,False,False,,
TX03571,C0786,4835.15,2026-06-12 21:17:44.245926,CARD,SUCCESS,,0,True,False,False,,
TX03572,C0680,4257.9,2026-06-25 09:49:44.245926,WALLET,SUCCESS,,0,True,False,False,,
TX03573,C0185,5542.34,2026-06-17 07:01:44.245926,WALLET,SUCCESS,,0,True,False,False,,
TX03574,C0803,11057.46,2026-08-21 02:28:44.245926,CARD,FAILED,INSUFFICIENT_FUNDS,0,True,True,True,0.33,False
TX03575,C0123,10624.22,2026-09-01 15:29:44.245926,CARD,SUCCESS,,0,True,False,False,,
TX03576,C0735,4553.96,2026-08-25 11:36:44.245926,UPI,SUCCESS,,0,True,False,False,,
TX03577,C0925,3701.11,2026-07-20 21:59:44.245926,UPI,SUCCESS,,0,True,False,False,,
TX03578,C0573,2134.73,2026-06-24 06:24:44.245926,CARD,SUCCESS,,0,True,False,False,,
TX03579,C0767,1309.12,2026-06-22 17:51:44.245926,CARD,FAILED,NETWORK_ERROR,2,True,True,True,0.7,True
TX03580,C0822,7840.8,2026-07-20 12:07:44.245926,CARD,FAILED,BANK_DECLINE,0,True,False,True,0.55,False
TX03581,C0184,8286.58,2026-06-22 07:30:44.245926,CARD,SUCCESS,,0,True,True,False,,
TX03582,C0214,6691.49,2026-07-03 04:55:44.245926,CARD,SUCCESS,,0,True,False,False,,
TX03583,C0464,2096.74,2026-08-06 09:18:44.245926,CARD,SUCCESS,,0,True,False,False,,
TX03584,C0319,10015.14,2026-08-27 18:49:44.245926,NETBANKING,SUCCESS,,0,True,False,False,,
TX03585,C0193,12238.87,2026-08-14 19:54:44.245926,CARD,SUCCESS,,0,True,False,False,,
TX03586,C0526,8598.52,2026-06-14 05:15:44.245926,CARD,SUCCESS,,0,True,False,False,,
TX03587,C0330,3063.48,2026-06-29 20:38:44.245926,UPI,SUCCESS,,0,True,False,False,,
TX03588,C0722,11107.74,2026-07-14 17:45:44.245926,CARD,SUCCESS,,0,True,False,False,,
TX03589,C0586,9009.6,2026-07-10 15:00:44.245926,CARD,FAILED,BANK_DECLINE,0,False,False,True,0.55,True
TX03590,C0875,9187.64,2026-06-27 20:00:44.245926,UPI,SUCCESS,,0,True,False,False,,
TX03591,C0408,6621.17,2026-08-31 21:19:44.245926,UPI,SUCCESS,,0,True,False,False,,
TX03592,C0989,8936.87,2026-07-27 18:27:44.245926,CARD,SUCCESS,,0,True,False,False,,
TX03593,C0453,1948.83,2026-07-22 21:26:44.245926,CARD,SUCCESS,,0,True,False,False,,
TX03594,C0843,3649.76,2026-06-05 23:44:44.245926,CARD,SUCCESS,,0,True,False,False,,
TX03595,C0660,13987.52,2026-08-07 23:14:44.245926,WALLET,SUCCESS,,0,True,False,False,,
TX03596,C0924,1549.27,2026-07-28 13:16:44.245926,UPI,SUCCESS,,0,True,False,False,,
TX03597,C0271,13597.65,2026-06-19 22:29:44.245926,WALLET,SUCCESS,,0,True,False,False,,
TX03598,C0351,11121.0,2026-07-21 06:50:44.245926,CARD,SUCCESS,,0,True,False,False,,
TX03599,C0303,11340.91,2026-08-25 10:49:44.245926,WALLET,SUCCESS,,0,True,False,False,,
TX03600,C0561,7029.97,2026-07-08 04:30:44.245926,WALLET,SUCCESS,,0,True,False,False,,
TX03601,C0623,13189.57,2026-08-18 10:29:44.245926,CARD,SUCCESS,,0,True,False,False,,
TX03602,C0225,9636.11,2026-07-26 10:05:44.245926,WALLET,SUCCESS,,0,True,False,False,,
TX03603,C0599,14198.08,2026-08-10 23:22:44.245926,NETBANKING,SUCCESS,,0,True,True,False,,
TX03604,C0774,2933.51,2026-06-10 22:47:44.245926,WALLET,SUCCESS,,0,True,False,False,,
TX03605,C0026,11047.58,2026-07-29 21:30:44.245926,UPI,SUCCESS,,0,True,False,False,,
TX03606,C0338,9578.64,2026-06-11 04:17:44.245926,UPI,SUCCESS,,0,True,False,False,,
TX03607,C0949,8244.58,2026-08-01 15:15:44.245926,CARD,SUCCESS,,0,True,False,False,,
TX03608,C0345,13511.09,2026-07-16 12:12:44.245926,WALLET,FAILED,NETWORK_ERROR,1,True,False,True,0.68,True
TX03609,C0574,5132.35,2026-06-13 10:41:44.245926,WALLET,SUCCESS,,0,True,False,False,,
TX03610,C0667,3329.83,2026-07-19 14:57:44.245926,NETBANKING,FAILED,INSUFFICIENT_FUNDS,0,True,False,True,0.33,False
TX03611,C0747,10973.96,2026-08-01 12:50:44.245926,UPI,SUCCESS,,0,True,True,False,,
TX03612,C0412,5323.27,2026-07-13 23:40:44.245926,UPI,SUCCESS,,0,True,False,False,,
TX03613,C0114,1504.17,2026-06-26 19:33:44.245926,UPI,SUCCESS,,0,True,False,False,,
TX03614,C0354,12564.09,2026-06-11 16:58:44.245926,CARD,FAILED,TIMEOUT,1,True,True,True,0.63,False
TX03615,C0302,9953.36,2026-08-22 07:30:44.245926,WALLET,SUCCESS,,0,True,False,False,,
TX03616,C0765,9565.04,2026-06-19 15:20:44.245926,NETBANKING,SUCCESS,,0,True,False,False,,
TX03617,C0960,8783.26,2026-07-08 03:50:44.245926,UPI,SUCCESS,,0,True,False,False,,
TX03618,C0333,6550.81,2026-07-12 22:39:44.245926,NETBANKING,SUCCESS,,0,True,False,False,,
TX03619,C0578,11902.98,2026-06-12 14:02:44.245926,CARD,SUCCESS,,0,True,False,False,,
TX03620,C0375,11244.35,2026-07-23 10:58:44.245926,WALLET,SUCCESS,,0,True,False,False,,
TX03621,C0976,7130.79,2026-08-11 14:54:44.245926,NETBANKING,FAILED,NETWORK_ERROR,2,True,False,True,0.5800000000000001,True
TX03622,C0877,2086.61,2026-07-26 20:15:44.245926,NETBANKING,SUCCESS,,0,True,True,False,,
TX03623,C0254,453.4,2026-08-30 16:36:44.245926,NETBANKING,SUCCESS,,0,True,False,False,,
TX03624,C0125,8730.53,2026-07-17 14:49:44.245926,WALLET,SUCCESS,,0,True,False,False,,
TX03625,C0163,4932.69,2026-06-15 11:35:44.245926,NETBANKING,SUCCESS,,0,True,True,False,,
TX03626,C0991,8737.33,2026-08-06 06:11:44.245926,WALLET,SUCCESS,,0,True,False,False,,
TX03627,C0975,12024.74,2026-08-21 07:44:44.245926,UPI,FAILED,BANK_DECLINE,0,True,False,True,0.55,True
TX03628,C0708,10805.11,2026-06-23 05:58:44.245926,UPI,SUCCESS,,0,True,False,False,,
TX03629,C0881,14010.19,2026-08-15 19:33:44.245926,CARD,SUCCESS,,0,True,False,False,,
TX03630,C1000,5872.99,2026-07-11 00:59:44.245926,CARD,SUCCESS,,0,True,True,False,,
TX03631,C0133,3490.38,2026-07-06 04:23:44.245926,WALLET,SUCCESS,,0,True,False,False,,
TX03632,C0903,8654.74,2026-06-23 11:13:44.245926,WALLET,SUCCESS,,0,True,False,False,,
TX03633,C0061,1187.2,2026-06-05 02:13:44.245926,WALLET,SUCCESS,,0,True,False,False,,
TX03634,C0641,14638.79,2026-09-01 08:02:44.245926,WALLET,SUCCESS,,0,True,False,False,,
TX03635,C0912,1628.11,2026-08-01 01:12:44.245926,WALLET,FAILED,FRAUD_SUSPECTED,1,True,False,False,0.01,False
TX03636,C0462,5820.93,2026-07-27 16:09:44.245926,WALLET,SUCCESS,,0,True,False,False,,
TX03637,C0344,5396.75,2026-08-23 07:00:44.245926,NETBANKING,SUCCESS,,0,True,True,False,,
TX03638,C0423,3917.66,2026-08-30 12:13:44.245926,UPI,SUCCESS,,0,True,False,False,,
TX03639,C0544,2270.15,2026-07-20 16:33:44.245926,CARD,SUCCESS,,0,True,False,False,,
TX03640,C0548,2971.15,2026-06-07 00:13:44.245926,NETBANKING,SUCCESS,,0,True,False,False,,
TX03641,C0227,6500.82,2026-08-13 03:24:44.245926,WALLET,SUCCESS,,0,True,False,False,,
TX03642,C0939,5343.8,2026-06-27 03:26:44.245926,UPI,SUCCESS,,0,True,False,False,,
TX03643,C0608,5852.35,2026-06-27 15:29:44.245926,UPI,SUCCESS,,0,True,False,False,,
TX03644,C0594,10339.48,2026-06-11 09:53:44.245926,WALLET,SUCCESS,,0,True,True,False,,
TX03645,C0977,14987.89,2026-07-16 11:33:44.245926,WALLET,SUCCESS,,0,True,False,False,,
TX03646,C0461,13407.16,2026-07-04 21:58:44.245926,CARD,SUCCESS,,0,True,False,False,,
TX03647,C0697,13809.98,2026-07-11 17:27:44.245926,WALLET,FAILED,EXPIRED_CARD,0,False,True,True,0.2,False
TX03648,C0013,8338.89,2026-06-16 18:24:44.245926,CARD,SUCCESS,,0,True,False,False,,
TX03649,C0509,4181.66,2026-07-18 17:41:44.245926,CARD,SUCCESS,,0,True,False,False,,
TX03650,C0982,14024.32,2026-07-20 18:51:44.245926,NETBANKING,SUCCESS,,0,True,False,False,,
TX03651,C0185,4109.7,2026-06-29 01:47:44.245926,WALLET,SUCCESS,,0,True,False,False,,
TX03652,C0503,8811.47,2026-07-28 07:52:44.245926,CARD,SUCCESS,,0,True,False,False,,
TX03653,C0583,617.63,2026-07-11 22:11:44.245926,CARD,SUCCESS,,0,True,False,False,,
TX03654,C0632,7580.87,2026-06-28 02:56:44.245926,CARD,SUCCESS,,0,True,False,False,,
TX03655,C0681,9991.35,2026-07-29 16:17:44.245926,NETBANKING,FAILED,BANK_DECLINE,2,False,True,True,0.35000000000000003,False
TX03656,C0799,12915.48,2026-08-28 20:50:44.245926,WALLET,SUCCESS,,0,True,False,False,,
TX03657,C0309,4263.45,2026-07-03 13:31:44.245926,NETBANKING,SUCCESS,,0,True,False,False,,
TX03658,C0937,12878.48,2026-06-26 00:42:44.245926,NETBANKING,SUCCESS,,0,True,False,False,,
TX03659,C0968,8203.27,2026-08-24 16:56:44.245926,WALLET,SUCCESS,,0,True,False,False,,
TX03660,C0935,2112.3,2026-06-28 15:30:44.245926,WALLET,SUCCESS,,0,True,False,False,,
TX03661,C0275,14527.18,2026-08-16 19:30:44.245926,WALLET,SUCCESS,,0,True,False,False,,
TX03662,C0403,2061.33,2026-06-14 01:29:44.245926,WALLET,SUCCESS,,0,True,False,False,,
TX03663,C0845,12365.19,2026-08-14 01:08:44.245926,CARD,FAILED,INSUFFICIENT_FUNDS,0,True,False,True,0.33,False
TX03664,C0367,13546.84,2026-07-20 14:48:44.245926,NETBANKING,SUCCESS,,0,True,False,False,,
TX03665,C0137,6814.86,2026-08-11 11:25:44.245926,UPI,SUCCESS,,0,True,False,False,,
TX03666,C0681,11064.78,2026-06-23 23:09:44.245926,NETBANKING,SUCCESS,,0,True,False,False,,
TX03667,C0778,6907.75,2026-08-18 22:32:44.245926,NETBANKING,SUCCESS,,0,True,False,False,,
TX03668,C0299,423.9,2026-06-05 13:53:44.245926,WALLET,SUCCESS,,0,True,False,False,,
TX03669,C0564,14287.25,2026-06-22 00:18:44.245926,WALLET,SUCCESS,,0,True,False,False,,
TX03670,C0176,6461.23,2026-06-06 13:20:44.245926,CARD,SUCCESS,,0,True,True,False,,
TX03671,C0041,2258.63,2026-06-28 12:30:44.245926,CARD,SUCCESS,,0,True,False,False,,
TX03672,C0657,13880.3,2026-06-10 14:50:44.245926,WALLET,FAILED,INSUFFICIENT_FUNDS,0,False,True,True,0.45,True
TX03673,C0409,9889.88,2026-07-15 10:10:44.245926,NETBANKING,SUCCESS,,0,True,False,False,,
TX03674,C0086,11442.04,2026-06-10 11:29:44.245926,UPI,SUCCESS,,0,True,True,False,,
TX03675,C0546,7572.79,2026-07-28 06:58:44.245926,UPI,SUCCESS,,0,True,False,False,,
TX03676,C0816,8605.88,2026-06-18 23:14:44.245926,UPI,SUCCESS,,0,True,False,False,,
TX03677,C0563,3830.91,2026-07-24 14:00:44.245926,WALLET,FAILED,BANK_DECLINE,0,True,False,True,0.55,False
TX03678,C0718,13876.87,2026-06-17 13:41:44.245926,UPI,FAILED,INSUFFICIENT_FUNDS,2,False,False,True,0.33,True
TX03679,C0585,2520.04,2026-07-09 22:09:44.245926,UPI,SUCCESS,,0,True,False,False,,
TX03680,C0768,8742.74,2026-06-23 01:49:44.245926,CARD,FAILED,NETWORK_ERROR,1,True,False,True,0.8,True
TX03681,C0727,4557.31,2026-06-28 13:37:44.245926,NETBANKING,SUCCESS,,0,True,False,False,,
TX03682,C0396,10199.7,2026-06-20 03:16:44.245926,UPI,SUCCESS,,0,True,False,False,,
TX03683,C0138,12478.03,2026-06-09 03:26:44.245926,UPI,SUCCESS,,0,True,True,False,,
TX03684,C0621,8029.85,2026-06-13 11:25:44.245926,WALLET,SUCCESS,,0,True,False,False,,
TX03685,C0548,7280.9,2026-06-18 00:51:44.245926,NETBANKING,SUCCESS,,0,True,False,False,,
TX03686,C0267,9896.13,2026-06-09 13:12:44.245926,UPI,SUCCESS,,0,True,False,False,,
TX03687,C0126,816.67,2026-07-28 13:30:44.245926,NETBANKING,SUCCESS,,0,True,False,False,,
TX03688,C0864,6046.58,2026-08-16 11:57:44.245926,WALLET,SUCCESS,,0,True,False,False,,
TX03689,C0221,8697.25,2026-06-22 08:08:44.245926,WALLET,SUCCESS,,0,True,False,False,,
TX03690,C0493,758.31,2026-07-05 07:09:44.245926,WALLET,SUCCESS,,0,True,False,False,,
TX03691,C0885,741.37,2026-06-13 03:55:44.245926,UPI,SUCCESS,,0,True,False,False,,
TX03692,C0532,14343.13,2026-07-25 16:45:44.245926,CARD,SUCCESS,,0,True,False,False,,
TX03693,C0885,7082.5,2026-07-30 10:54:44.245926,UPI,SUCCESS,,0,True,False,False,,
TX03694,C0923,11746.78,2026-08-03 00:07:44.245926,CARD,SUCCESS,,0,True,False,False,,
TX03695,C0159,1904.61,2026-07-23 15:30:44.245926,NETBANKING,SUCCESS,,0,True,False,False,,
TX03696,C0125,11225.69,2026-07-17 11:07:44.245926,WALLET,SUCCESS,,0,True,False,False,,
TX03697,C0293,7585.53,2026-06-21 08:12:44.245926,NETBANKING,SUCCESS,,0,True,True,False,,
TX03698,C0900,4032.12,2026-08-22 15:31:44.245926,UPI,FAILED,FRAUD_SUSPECTED,1,True,False,False,0.01,False
TX03699,C0781,2757.6,2026-08-16 23:13:44.245926,CARD,SUCCESS,,0,True,False,False,,
TX03700,C0805,12563.25,2026-07-15 20:10:44.245926,UPI,SUCCESS,,0,True,False,False,,
TX03701,C0867,1090.77,2026-09-01 11:58:44.245926,NETBANKING,SUCCESS,,0,True,True,False,,
TX03702,C0495,4732.56,2026-08-21 10:27:44.245926,WALLET,SUCCESS,,0,True,False,False,,
TX03703,C0298,2999.91,2026-06-17 13:44:44.245926,NETBANKING,FAILED,NETWORK_ERROR,1,True,True,True,0.8,True
TX03704,C0825,11403.33,2026-06-17 08:42:44.245926,CARD,SUCCESS,,0,True,False,False,,
TX03705,C0906,10065.49,2026-06-05 23:51:44.245926,NETBANKING,SUCCESS,,0,True,False,False,,
TX03706,C0842,12402.4,2026-08-16 01:34:44.245926,UPI,SUCCESS,,0,True,False,False,,
TX03707,C0099,5824.67,2026-06-06 12:03:44.245926,NETBANKING,SUCCESS,,0,True,True,False,,
TX03708,C0087,9730.83,2026-07-06 14:05:44.245926,UPI,SUCCESS,,0,True,False,False,,
TX03709,C0282,2219.08,2026-07-11 16:06:44.245926,UPI,SUCCESS,,0,True,True,False,,
TX03710,C0243,12329.62,2026-08-08 23:59:44.245926,WALLET,SUCCESS,,0,True,False,False,,
TX03711,C0990,10253.77,2026-06-29 01:16:44.245926,UPI,FAILED,FRAUD_SUSPECTED,2,True,True,False,0.01,False
TX03712,C0885,1854.8,2026-07-26 18:43:44.245926,UPI,SUCCESS,,0,True,False,False,,
TX03713,C0917,13973.07,2026-07-27 08:51:44.245926,CARD,SUCCESS,,0,True,False,False,,
TX03714,C0033,12139.72,2026-07-23 15:24:44.245926,UPI,SUCCESS,,0,True,False,False,,
TX03715,C0266,10635.84,2026-08-10 02:52:44.245926,UPI,FAILED,BANK_DECLINE,2,False,False,True,0.23000000000000004,False
TX03716,C0988,13652.02,2026-07-21 04:52:44.245926,WALLET,FAILED,INSUFFICIENT_FUNDS,0,True,True,True,0.33,False
TX03717,C0987,8025.13,2026-07-02 20:10:44.245926,UPI,SUCCESS,,0,True,False,False,,
TX03718,C0636,11313.26,2026-07-14 08:12:44.245926,CARD,SUCCESS,,0,True,False,False,,
TX03719,C0669,1601.99,2026-07-25 19:58:44.245926,CARD,SUCCESS,,0,True,True,False,,
TX03720,C0430,4586.17,2026-08-20 11:36:44.245926,UPI,SUCCESS,,0,True,False,False,,
TX03721,C0781,4721.4,2026-06-09 00:40:44.245926,CARD,SUCCESS,,0,True,False,False,,
TX03722,C0455,11532.14,2026-08-28 09:29:44.245926,NETBANKING,SUCCESS,,0,True,False,False,,
TX03723,C0910,14624.93,2026-07-10 05:17:44.245926,NETBANKING,FAILED,BANK_DECLINE,2,True,False,True,0.35000000000000003,False
TX03724,C0086,4395.46,2026-06-28 22:21:44.245926,UPI,FAILED,BANK_DECLINE,1,True,False,True,0.45000000000000007,False
TX03725,C0114,8739.04,2026-07-22 11:38:44.245926,UPI,SUCCESS,,0,True,False,False,,
TX03726,C0379,3056.13,2026-08-08 11:20:44.245926,NETBANKING,SUCCESS,,0,True,False,False,,
TX03727,C0996,14968.7,2026-06-22 14:03:44.245926,WALLET,SUCCESS,,0,True,False,False,,
TX03728,C0822,14100.37,2026-06-17 22:50:44.245926,CARD,SUCCESS,,0,True,False,False,,
TX03729,C0125,5134.15,2026-08-23 10:07:44.245926,WALLET,SUCCESS,,0,True,True,False,,
TX03730,C0238,1196.1,2026-06-06 02:23:44.245926,UPI,SUCCESS,,0,True,False,False,,
TX03731,C0834,11961.21,2026-08-11 03:29:44.245926,UPI,SUCCESS,,0,True,False,False,,
TX03732,C0367,3817.31,2026-06-14 13:40:44.245926,NETBANKING,SUCCESS,,0,True,False,False,,
TX03733,C0929,7960.06,2026-08-13 08:39:44.245926,WALLET,SUCCESS,,0,True,False,False,,
TX03734,C0463,2083.38,2026-06-15 06:53:44.245926,UPI,FAILED,TIMEOUT,0,True,False,True,0.85,False
TX03735,C0612,11368.64,2026-07-31 14:04:44.245926,NETBANKING,SUCCESS,,0,True,True,False,,
TX03736,C0561,10377.01,2026-06-22 18:57:44.245926,WALLET,SUCCESS,,0,True,False,False,,
TX03737,C0598,8854.99,2026-07-22 20:42:44.245926,UPI,SUCCESS,,0,True,False,False,,
TX03738,C0705,7059.52,2026-08-08 15:35:44.245926,WALLET,SUCCESS,,0,True,False,False,,
TX03739,C0639,8264.12,2026-08-10 04:04:44.245926,WALLET,SUCCESS,,0,True,False,False,,
TX03740,C0828,12686.88,2026-06-11 22:15:44.245926,NETBANKING,SUCCESS,,0,True,False,False,,
TX03741,C0816,8349.91,2026-07-18 03:19:44.245926,UPI,FAILED,FRAUD_SUSPECTED,1,True,False,False,0.01,False
TX03742,C0976,14594.88,2026-07-21 07:49:44.245926,NETBANKING,FAILED,TIMEOUT,0,True,True,True,0.73,True
TX03743,C0511,14310.46,2026-06-11 22:52:44.245926,NETBANKING,FAILED,FRAUD_SUSPECTED,2,False,False,False,0.01,False
TX03744,C0452,5729.89,2026-06-28 00:46:44.245926,WALLET,SUCCESS,,0,True,False,False,,
TX03745,C0999,8727.97,2026-08-16 16:55:44.245926,NETBANKING,SUCCESS,,0,True,False,False,,
TX03746,C0637,3079.95,2026-06-28 02:10:44.245926,WALLET,FAILED,EXPIRED_CARD,2,True,False,True,0.01,False
TX03747,C0371,6369.23,2026-06-07 04:09:44.245926,WALLET,SUCCESS,,0,True,False,False,,
TX03748,C0954,8748.89,2026-07-28 19:21:44.245926,NETBANKING,SUCCESS,,0,True,False,False,,
TX03749,C0487,10649.59,2026-08-22 00:26:44.245926,CARD,SUCCESS,,0,True,False,False,,
TX03750,C0804,10826.88,2026-06-13 03:17:44.245926,CARD,SUCCESS,,0,True,True,False,,
TX03751,C0192,13254.15,2026-08-09 01:46:44.245926,CARD,SUCCESS,,0,True,True,False,,
TX03752,C0862,11618.87,2026-08-26 07:09:44.245926,NETBANKING,SUCCESS,,0,True,True,False,,
TX03753,C0022,13833.56,2026-08-02 20:20:44.245926,NETBANKING,SUCCESS,,0,True,True,False,,
TX03754,C0337,13859.9,2026-06-30 17:58:44.245926,NETBANKING,SUCCESS,,0,True,False,False,,
TX03755,C0168,13393.04,2026-06-17 06:07:44.245926,WALLET,SUCCESS,,0,True,True,False,,
TX03756,C0313,13342.47,2026-07-19 16:08:44.245926,UPI,SUCCESS,,0,True,False,False,,
TX03757,C0478,2298.36,2026-06-25 03:26:44.245926,NETBANKING,SUCCESS,,0,True,False,False,,
TX03758,C0075,14572.8,2026-07-11 21:48:44.245926,UPI,SUCCESS,,0,True,False,False,,
TX03759,C0736,3567.36,2026-07-15 19:24:44.245926,WALLET,FAILED,NETWORK_ERROR,1,True,False,True,0.68,True
TX03760,C0932,2350.49,2026-08-07 06:31:44.245926,UPI,SUCCESS,,0,True,False,False,,
TX03761,C0407,10393.29,2026-08-28 20:21:44.245926,UPI,SUCCESS,,0,True,True,False,,
TX03762,C0474,9583.74,2026-07-04 05:49:44.245926,UPI,SUCCESS,,0,True,False,False,,
TX03763,C0562,10083.71,2026-08-24 15:50:44.245926,CARD,SUCCESS,,0,True,False,False,,
TX03764,C0749,1194.23,2026-07-29 04:55:44.245926,WALLET,SUCCESS,,0,True,True,False,,
TX03765,C0350,6569.12,2026-06-06 14:05:44.245926,UPI,SUCCESS,,0,True,True,False,,
TX03766,C0189,3861.85,2026-06-17 11:46:44.245926,UPI,SUCCESS,,0,True,False,False,,
TX03767,C0088,10934.07,2026-08-11 07:33:44.245926,WALLET,SUCCESS,,0,True,False,False,,
TX03768,C0034,13589.97,2026-07-26 03:03:44.245926,CARD,SUCCESS,,0,True,False,False,,
TX03769,C0160,6580.07,2026-07-06 09:07:44.245926,WALLET,FAILED,NETWORK_ERROR,0,True,False,True,0.78,True
TX03770,C0269,7617.05,2026-07-13 12:41:44.245926,UPI,SUCCESS,,0,True,False,False,,
TX03771,C0486,14349.09,2026-08-13 16:55:44.245926,WALLET,SUCCESS,,0,True,False,False,,
TX03772,C0775,11382.62,2026-07-02 20:22:44.245926,CARD,SUCCESS,,0,True,False,False,,
TX03773,C0153,13167.19,2026-08-03 01:45:44.245926,NETBANKING,SUCCESS,,0,True,True,False,,
TX03774,C0639,6765.15,2026-09-02 08:04:44.245926,WALLET,SUCCESS,,0,True,True,False,,
TX03775,C0952,5927.44,2026-08-31 09:48:44.245926,CARD,SUCCESS,,0,True,True,False,,
TX03776,C0403,5193.58,2026-06-05 01:38:44.245926,WALLET,FAILED,TIMEOUT,2,True,True,True,0.53,False
TX03777,C0655,7529.73,2026-06-17 23:57:44.245926,NETBANKING,SUCCESS,,0,True,False,False,,
TX03778,C0873,14428.21,2026-06-12 00:09:44.245926,CARD,SUCCESS,,0,True,False,False,,
TX03779,C0649,2785.43,2026-08-29 00:35:44.245926,CARD,SUCCESS,,0,True,False,False,,
TX03780,C0426,10287.02,2026-08-18 15:13:44.245926,UPI,SUCCESS,,0,True,False,False,,
TX03781,C0297,6095.34,2026-09-02 06:31:44.245926,NETBANKING,FAILED,NETWORK_ERROR,1,True,False,True,0.8,True
TX03782,C0255,10572.21,2026-07-10 20:54:44.245926,NETBANKING,SUCCESS,,0,True,False,False,,
TX03783,C0812,4358.11,2026-06-11 09:59:44.245926,WALLET,SUCCESS,,0,True,False,False,,
TX03784,C0974,6796.37,2026-07-11 15:39:44.245926,UPI,FAILED,EXPIRED_CARD,1,True,False,True,0.01,False
TX03785,C0441,7166.1,2026-06-11 18:34:44.245926,UPI,SUCCESS,,0,True,False,False,,
TX03786,C0422,9694.95,2026-07-07 08:37:44.245926,CARD,SUCCESS,,0,True,True,False,,
TX03787,C0395,14009.95,2026-08-16 20:01:44.245926,CARD,SUCCESS,,0,True,False,False,,
TX03788,C0596,7405.58,2026-07-01 20:57:44.245926,UPI,SUCCESS,,0,True,False,False,,
TX03789,C0814,4904.14,2026-06-29 04:36:44.245926,NETBANKING,SUCCESS,,0,True,False,False,,
TX03790,C0396,4816.41,2026-07-12 14:36:44.245926,UPI,SUCCESS,,0,True,False,False,,
TX03791,C0792,8350.95,2026-08-29 16:28:44.245926,WALLET,FAILED,NETWORK_ERROR,0,True,False,True,0.78,True
TX03792,C0696,11342.79,2026-06-19 08:07:44.245926,CARD,SUCCESS,,0,True,False,False,,
TX03793,C0936,2829.39,2026-08-31 17:27:44.245926,CARD,SUCCESS,,0,True,False,False,,
TX03794,C0264,12075.14,2026-08-01 22:56:44.245926,CARD,FAILED,EXPIRED_CARD,0,True,False,True,0.08000000000000002,False
TX03795,C0692,8391.34,2026-07-22 19:05:44.245926,UPI,SUCCESS,,0,True,True,False,,
TX03796,C0291,12900.47,2026-07-13 11:55:44.245926,WALLET,SUCCESS,,0,True,True,False,,
TX03797,C0516,10254.37,2026-08-15 06:10:44.245926,CARD,SUCCESS,,0,True,False,False,,
TX03798,C0927,7689.55,2026-06-20 17:12:44.245926,WALLET,FAILED,INSUFFICIENT_FUNDS,2,True,False,True,0.25,False
TX03799,C0661,6255.73,2026-06-28 01:56:44.245926,NETBANKING,SUCCESS,,0,True,False,False,,
TX03800,C0873,12747.11,2026-08-17 18:28:44.245926,CARD,SUCCESS,,0,True,True,False,,
TX03801,C0722,1639.29,2026-08-17 15:27:44.245926,CARD,SUCCESS,,0,True,False,False,,
TX03802,C0800,9950.72,2026-06-29 20:05:44.245926,NETBANKING,SUCCESS,,0,True,True,False,,
TX03803,C0989,3932.88,2026-06-07 02:42:44.245926,CARD,SUCCESS,,0,True,True,False,,
TX03804,C0880,4871.04,2026-08-11 03:55:44.245926,CARD,SUCCESS,,0,True,False,False,,
TX03805,C0596,12409.8,2026-06-26 06:21:44.245926,UPI,SUCCESS,,0,True,False,False,,
TX03806,C0524,11030.72,2026-08-22 20:14:44.245926,WALLET,SUCCESS,,0,True,False,False,,
TX03807,C0516,1159.28,2026-06-19 07:06:44.245926,CARD,SUCCESS,,0,True,True,False,,
TX03808,C0273,1844.01,2026-07-15 02:33:44.245926,WALLET,SUCCESS,,0,True,False,False,,
TX03809,C0865,9184.55,2026-08-30 15:23:44.245926,UPI,SUCCESS,,0,True,True,False,,
TX03810,C0661,4357.53,2026-08-28 20:33:44.245926,NETBANKING,SUCCESS,,0,True,True,False,,
TX03811,C0167,14070.77,2026-08-17 11:20:44.245926,WALLET,SUCCESS,,0,True,True,False,,
TX03812,C0642,10440.93,2026-08-11 11:42:44.245926,WALLET,SUCCESS,,0,True,True,False,,
TX03813,C0320,11500.34,2026-07-24 22:36:44.245926,UPI,FAILED,TIMEOUT,2,True,False,True,0.6499999999999999,True
TX03814,C0585,11480.23,2026-08-28 23:56:44.245926,UPI,FAILED,TIMEOUT,2,True,True,True,0.6499999999999999,False
TX03815,C0828,1748.28,2026-08-02 10:17:44.245926,NETBANKING,SUCCESS,,0,True,False,False,,
TX03816,C0540,7159.89,2026-07-22 03:07:44.245926,WALLET,FAILED,TIMEOUT,1,False,True,True,0.63,True
TX03817,C0273,5308.67,2026-07-05 04:23:44.245926,WALLET,FAILED,BANK_DECLINE,2,True,True,True,0.43,False
TX03818,C0270,13048.26,2026-07-14 19:49:44.245926,NETBANKING,SUCCESS,,0,True,False,False,,
TX03819,C0654,2322.75,2026-07-17 01:00:44.245926,NETBANKING,SUCCESS,,0,True,False,False,,
TX03820,C0857,3632.45,2026-06-14 15:14:44.245926,CARD,SUCCESS,,0,True,False,False,,
TX03821,C0490,704.11,2026-08-06 06:34:44.245926,NETBANKING,SUCCESS,,0,True,False,False,,
TX03822,C0599,7208.73,2026-08-19 10:18:44.245926,NETBANKING,SUCCESS,,0,True,True,False,,
TX03823,C0167,10249.64,2026-08-23 11:08:44.245926,WALLET,FAILED,INSUFFICIENT_FUNDS,2,False,False,True,0.25,False
TX03824,C0347,3210.09,2026-07-05 06:54:44.245926,NETBANKING,SUCCESS,,0,True,False,False,,
TX03825,C0730,13211.11,2026-07-25 09:16:44.245926,CARD,SUCCESS,,0,True,False,False,,
TX03826,C0408,402.52,2026-08-16 02:31:44.245926,UPI,FAILED,TIMEOUT,0,True,False,True,0.85,True
TX03827,C0112,13046.83,2026-07-20 00:02:44.245926,NETBANKING,SUCCESS,,0,True,True,False,,
TX03828,C0916,4076.33,2026-08-22 11:08:44.245926,NETBANKING,SUCCESS,,0,True,False,False,,
TX03829,C0177,2283.82,2026-08-23 05:04:44.245926,CARD,SUCCESS,,0,True,False,False,,
TX03830,C0924,14563.08,2026-06-15 12:11:44.245926,UPI,SUCCESS,,0,True,False,False,,
TX03831,C0515,14901.72,2026-07-29 06:47:44.245926,CARD,SUCCESS,,0,True,False,False,,
TX03832,C0822,5480.45,2026-07-15 22:35:44.245926,CARD,SUCCESS,,0,True,False,False,,
TX03833,C0451,592.87,2026-08-16 08:09:44.245926,NETBANKING,SUCCESS,,0,True,False,False,,
TX03834,C0868,1274.51,2026-07-30 20:32:44.245926,WALLET,SUCCESS,,0,True,False,False,,
TX03835,C0514,12790.66,2026-08-26 16:12:44.245926,WALLET,SUCCESS,,0,True,False,False,,
TX03836,C0583,14112.16,2026-08-29 07:24:44.245926,CARD,SUCCESS,,0,True,True,False,,
TX03837,C0821,11116.26,2026-08-19 18:54:44.245926,WALLET,SUCCESS,,0,True,False,False,,
TX03838,C0484,2434.32,2026-06-11 01:29:44.245926,UPI,SUCCESS,,0,True,True,False,,
TX03839,C0471,3498.51,2026-07-07 13:48:44.245926,UPI,FAILED,NETWORK_ERROR,2,True,False,True,0.7,True
TX03840,C0896,3414.66,2026-08-11 12:50:44.245926,NETBANKING,SUCCESS,,0,True,False,False,,
TX03841,C0044,13025.83,2026-07-27 01:05:44.245926,CARD,SUCCESS,,0,True,True,False,,
TX03842,C0592,4604.67,2026-06-10 10:46:44.245926,CARD,SUCCESS,,0,True,True,False,,
TX03843,C0103,13719.26,2026-08-10 16:09:44.245926,NETBANKING,SUCCESS,,0,True,False,False,,
TX03844,C0342,1396.54,2026-06-05 20:28:44.245926,WALLET,FAILED,TIMEOUT,0,True,False,True,0.85,True
TX03845,C0692,10879.52,2026-08-12 22:54:44.245926,UPI,SUCCESS,,0,True,False,False,,
TX03846,C0340,6005.58,2026-06-30 21:56:44.245926,CARD,SUCCESS,,0,True,False,False,,
TX03847,C0694,3697.0,2026-08-22 10:16:44.245926,CARD,FAILED,FRAUD_SUSPECTED,1,True,True,False,0.01,False
TX03848,C0989,12356.73,2026-08-23 14:05:44.245926,CARD,SUCCESS,,0,True,False,False,,
TX03849,C0842,6482.98,2026-08-13 09:57:44.245926,UPI,FAILED,FRAUD_SUSPECTED,1,True,False,False,0.01,False
TX03850,C0149,2097.51,2026-07-17 10:47:44.245926,UPI,FAILED,NETWORK_ERROR,1,True,False,True,0.8,True
TX03851,C0133,11625.3,2026-08-25 21:30:44.245926,WALLET,SUCCESS,,0,True,False,False,,
TX03852,C0730,12165.55,2026-06-16 15:22:44.245926,CARD,SUCCESS,,0,True,True,False,,
TX03853,C0741,8572.97,2026-07-20 13:33:44.245926,CARD,SUCCESS,,0,True,True,False,,
TX03854,C0032,2575.04,2026-08-21 04:27:44.245926,NETBANKING,SUCCESS,,0,True,False,False,,
TX03855,C0604,10170.26,2026-07-28 22:15:44.245926,CARD,SUCCESS,,0,True,False,False,,
TX03856,C0399,5935.28,2026-06-18 10:01:44.245926,NETBANKING,SUCCESS,,0,True,False,False,,
TX03857,C0495,11448.16,2026-08-20 03:19:44.245926,WALLET,SUCCESS,,0,True,False,False,,
TX03858,C0786,6515.92,2026-07-16 13:11:44.245926,CARD,SUCCESS,,0,True,False,False,,
TX03859,C0794,1250.47,2026-06-13 16:57:44.245926,UPI,SUCCESS,,0,True,True,False,,
TX03860,C0421,12455.58,2026-07-16 15:58:44.245926,NETBANKING,SUCCESS,,0,True,True,False,,
TX03861,C0827,4174.54,2026-08-02 19:44:44.245926,NETBANKING,SUCCESS,,0,True,False,False,,
TX03862,C0270,11363.79,2026-07-18 05:46:44.245926,NETBANKING,FAILED,INSUFFICIENT_FUNDS,0,True,False,True,0.45,False
TX03863,C0663,534.4,2026-06-21 08:22:44.245926,NETBANKING,SUCCESS,,0,True,False,False,,
TX03864,C0807,1371.57,2026-07-01 21:47:44.245926,NETBANKING,SUCCESS,,0,True,False,False,,
TX03865,C0028,7047.58,2026-06-20 22:13:44.245926,WALLET,SUCCESS,,0,True,False,False,,
TX03866,C0249,2839.55,2026-06-28 01:42:44.245926,CARD,SUCCESS,,0,True,False,False,,
TX03867,C0524,8062.74,2026-09-01 18:17:44.245926,WALLET,SUCCESS,,0,True,True,False,,
TX03868,C0847,8458.51,2026-08-19 08:22:44.245926,NETBANKING,SUCCESS,,0,True,False,False,,
TX03869,C0023,6424.31,2026-06-27 06:17:44.245926,WALLET,SUCCESS,,0,True,True,False,,
TX03870,C0850,13417.81,2026-08-05 15:08:44.245926,UPI,SUCCESS,,0,True,True,False,,
TX03871,C0273,1293.69,2026-08-19 10:24:44.245926,WALLET,SUCCESS,,0,True,False,False,,
TX03872,C0265,3361.21,2026-07-24 08:52:44.245926,WALLET,FAILED,FRAUD_SUSPECTED,1,True,False,False,0.01,False
TX03873,C0275,13428.81,2026-07-13 16:44:44.245926,WALLET,SUCCESS,,0,True,False,False,,
TX03874,C0245,9228.51,2026-07-11 10:33:44.245926,NETBANKING,SUCCESS,,0,True,False,False,,
TX03875,C0082,12020.77,2026-07-21 12:06:44.245926,NETBANKING,SUCCESS,,0,True,False,False,,
TX03876,C0008,6082.75,2026-08-05 06:54:44.245926,NETBANKING,SUCCESS,,0,True,True,False,,
TX03877,C0633,5218.75,2026-07-08 04:05:44.245926,NETBANKING,SUCCESS,,0,True,False,False,,
TX03878,C0682,5398.74,2026-06-06 18:10:44.245926,UPI,SUCCESS,,0,True,False,False,,
TX03879,C0051,9178.57,2026-06-17 14:58:44.245926,WALLET,FAILED,BANK_DECLINE,2,True,False,True,0.43,True
TX03880,C0247,6905.77,2026-08-30 01:21:44.245926,NETBANKING,SUCCESS,,0,True,False,False,,
TX03881,C0481,3120.23,2026-08-03 04:15:44.245926,UPI,SUCCESS,,0,True,False,False,,
TX03882,C0969,1149.26,2026-07-17 13:28:44.245926,WALLET,SUCCESS,,0,True,False,False,,
TX03883,C0204,7647.23,2026-07-05 07:14:44.245926,WALLET,FAILED,TIMEOUT,0,True,False,True,0.85,True
TX03884,C0383,12518.25,2026-07-22 09:51:44.245926,NETBANKING,SUCCESS,,0,True,False,False,,
TX03885,C0108,7309.8,2026-08-21 18:03:44.245926,UPI,FAILED,TIMEOUT,0,True,True,True,0.85,True
TX03886,C0357,14172.29,2026-06-17 20:18:44.245926,NETBANKING,SUCCESS,,0,True,False,False,,
TX03887,C0376,1402.67,2026-07-16 18:01:44.245926,WALLET,SUCCESS,,0,True,False,False,,
TX03888,C0364,7504.41,2026-07-29 16:08:44.245926,CARD,SUCCESS,,0,True,True,False,,
TX03889,C0854,6517.14,2026-06-09 15:39:44.245926,UPI,SUCCESS,,0,True,False,False,,
TX03890,C0564,13280.7,2026-07-08 07:13:44.245926,WALLET,SUCCESS,,0,True,True,False,,
TX03891,C0292,8421.56,2026-07-26 23:25:44.245926,WALLET,SUCCESS,,0,True,False,False,,
TX03892,C0239,2883.1,2026-06-13 20:55:44.245926,WALLET,SUCCESS,,0,True,False,False,,
TX03893,C0312,415.6,2026-07-27 15:34:44.245926,NETBANKING,FAILED,EXPIRED_CARD,0,True,False,True,0.2,False
TX03894,C0930,14764.02,2026-08-15 18:45:44.245926,CARD,FAILED,BANK_DECLINE,0,False,True,True,0.63,False
TX03895,C0826,7583.2,2026-06-11 11:50:44.245926,CARD,SUCCESS,,0,True,True,False,,
TX03896,C0231,13064.77,2026-07-15 10:59:44.245926,WALLET,SUCCESS,,0,True,False,False,,
TX03897,C0741,584.1,2026-06-24 02:37:44.245926,CARD,FAILED,EXPIRED_CARD,0,True,False,True,0.2,True
TX03898,C0734,5333.77,2026-06-05 10:13:44.245926,UPI,SUCCESS,,0,True,False,False,,
TX03899,C0703,3214.78,2026-06-21 06:16:44.245926,WALLET,SUCCESS,,0,True,False,False,,
TX03900,C0946,4030.94,2026-06-29 21:36:44.245926,UPI,SUCCESS,,0,True,False,False,,
TX03901,C0552,1963.05,2026-08-17 00:31:44.245926,UPI,SUCCESS,,0,True,False,False,,
TX03902,C0134,11803.04,2026-07-13 21:05:44.245926,CARD,SUCCESS,,0,True,False,False,,
TX03903,C0659,378.34,2026-06-24 16:17:44.245926,UPI,SUCCESS,,0,True,False,False,,
TX03904,C0606,6146.17,2026-08-28 01:29:44.245926,CARD,SUCCESS,,0,True,False,False,,
TX03905,C0390,13250.35,2026-07-30 11:52:44.245926,WALLET,SUCCESS,,0,True,False,False,,
TX03906,C0443,8385.61,2026-06-14 08:11:44.245926,NETBANKING,SUCCESS,,0,True,False,False,,
TX03907,C0372,9189.26,2026-06-16 00:36:44.245926,CARD,SUCCESS,,0,True,False,False,,
TX03908,C0346,11444.23,2026-06-20 20:17:44.245926,NETBANKING,SUCCESS,,0,True,False,False,,
TX03909,C0331,13453.67,2026-06-15 04:10:44.245926,UPI,SUCCESS,,0,True,False,False,,
TX03910,C0074,9887.6,2026-07-01 14:41:44.245926,CARD,SUCCESS,,0,True,False,False,,
TX03911,C0425,6609.8,2026-06-15 20:42:44.245926,UPI,SUCCESS,,0,True,False,False,,
TX03912,C0077,6952.67,2026-08-02 05:38:44.245926,UPI,FAILED,TIMEOUT,0,True,False,True,0.73,True
TX03913,C0650,3319.51,2026-07-18 23:28:44.245926,NETBANKING,SUCCESS,,0,True,False,False,,
TX03914,C0096,8919.85,2026-06-06 13:47:44.245926,NETBANKING,SUCCESS,,0,True,False,False,,
TX03915,C0267,12929.69,2026-07-14 00:37:44.245926,UPI,SUCCESS,,0,True,False,False,,
TX03916,C0091,11298.3,2026-07-07 12:30:44.245926,WALLET,SUCCESS,,0,True,False,False,,
TX03917,C0140,619.0,2026-06-08 12:06:44.245926,CARD,SUCCESS,,0,True,False,False,,
TX03918,C0078,13858.78,2026-07-25 21:02:44.245926,CARD,SUCCESS,,0,True,False,False,,
TX03919,C0288,9046.82,2026-06-19 13:06:44.245926,NETBANKING,SUCCESS,,0,True,True,False,,
TX03920,C0291,5759.63,2026-08-18 13:32:44.245926,WALLET,SUCCESS,,0,True,False,False,,
TX03921,C0810,3801.49,2026-06-07 09:50:44.245926,WALLET,FAILED,TIMEOUT,2,True,True,True,0.6499999999999999,True
TX03922,C0586,5422.89,2026-06-21 23:02:44.245926,CARD,FAILED,NETWORK_ERROR,0,True,False,True,0.9,True
TX03923,C0145,12200.94,2026-08-25 21:34:44.245926,UPI,SUCCESS,,0,True,False,False,,
TX03924,C0812,12846.55,2026-06-09 20:23:44.245926,WALLET,SUCCESS,,0,True,True,False,,
TX03925,C0984,3625.76,2026-07-05 04:16:44.245926,WALLET,FAILED,TIMEOUT,2,True,False,True,0.53,True
TX03926,C0840,12253.44,2026-08-17 00:57:44.245926,CARD,SUCCESS,,0,True,False,False,,
TX03927,C0829,3359.82,2026-06-22 01:41:44.245926,UPI,SUCCESS,,0,True,False,False,,
TX03928,C0493,13164.66,2026-07-01 06:07:44.245926,WALLET,SUCCESS,,0,True,False,False,,
TX03929,C0379,2699.21,2026-07-13 06:56:44.245926,NETBANKING,SUCCESS,,0,True,True,False,,
TX03930,C0095,691.79,2026-07-25 19:28:44.245926,CARD,FAILED,INSUFFICIENT_FUNDS,2,False,True,True,0.25,True
TX03931,C0903,4261.15,2026-06-29 00:59:44.245926,WALLET,FAILED,NETWORK_ERROR,2,True,False,True,0.7,False
TX03932,C0835,13642.8,2026-07-30 03:01:44.245926,UPI,SUCCESS,,0,True,False,False,,
TX03933,C0966,1129.69,2026-06-17 10:17:44.245926,NETBANKING,SUCCESS,,0,True,True,False,,
TX03934,C0160,3211.89,2026-07-18 05:42:44.245926,WALLET,SUCCESS,,0,True,False,False,,
TX03935,C0900,4384.47,2026-06-10 09:54:44.245926,UPI,SUCCESS,,0,True,False,False,,
TX03936,C0755,9050.87,2026-08-22 08:35:44.245926,NETBANKING,SUCCESS,,0,True,False,False,,
TX03937,C0582,3286.3,2026-07-15 05:39:44.245926,WALLET,SUCCESS,,0,True,False,False,,
TX03938,C0374,1737.5,2026-06-16 12:00:44.245926,WALLET,FAILED,NETWORK_ERROR,1,True,False,True,0.68,True
TX03939,C0552,6191.5,2026-08-29 09:13:44.245926,UPI,SUCCESS,,0,True,False,False,,
TX03940,C0399,7259.75,2026-06-18 04:51:44.245926,NETBANKING,FAILED,INSUFFICIENT_FUNDS,2,True,False,True,0.13,False
TX03941,C0453,2385.45,2026-06-06 18:10:44.245926,CARD,SUCCESS,,0,True,False,False,,
TX03942,C0515,6893.96,2026-08-13 05:01:44.245926,CARD,SUCCESS,,0,True,True,False,,
TX03943,C0545,9018.44,2026-08-03 12:08:44.245926,WALLET,SUCCESS,,0,True,False,False,,
TX03944,C0960,4248.12,2026-08-23 01:11:44.245926,UPI,SUCCESS,,0,True,True,False,,
TX03945,C0664,2743.37,2026-06-14 02:00:44.245926,WALLET,SUCCESS,,0,True,True,False,,
TX03946,C0377,12942.88,2026-07-06 17:22:44.245926,WALLET,SUCCESS,,0,True,True,False,,
TX03947,C0169,3385.29,2026-08-13 16:54:44.245926,NETBANKING,SUCCESS,,0,True,True,False,,
TX03948,C0305,1844.49,2026-06-26 02:05:44.245926,UPI,SUCCESS,,0,True,False,False,,
TX03949,C0825,12814.88,2026-07-18 14:25:44.245926,CARD,SUCCESS,,0,True,False,False,,
TX03950,C0695,2352.97,2026-07-16 20:58:44.245926,CARD,SUCCESS,,0,True,False,False,,
TX03951,C0036,10478.63,2026-06-27 07:42:44.245926,NETBANKING,SUCCESS,,0,True,False,False,,
TX03952,C0134,1673.34,2026-07-24 01:48:44.245926,CARD,SUCCESS,,0,True,True,False,,
TX03953,C0077,9535.75,2026-08-04 22:07:44.245926,UPI,FAILED,TIMEOUT,2,True,False,True,0.53,False
TX03954,C0657,4746.91,2026-07-23 20:17:44.245926,WALLET,FAILED,BANK_DECLINE,0,True,False,True,0.55,False
TX03955,C0634,3371.85,2026-06-25 18:54:44.245926,CARD,SUCCESS,,0,True,False,False,,
TX03956,C0333,14796.81,2026-07-13 14:01:44.245926,NETBANKING,SUCCESS,,0,True,False,False,,
TX03957,C0059,9377.41,2026-06-09 15:33:44.245926,WALLET,SUCCESS,,0,True,True,False,,
TX03958,C0701,8280.66,2026-06-30 19:50:44.245926,WALLET,SUCCESS,,0,True,False,False,,
TX03959,C0006,13286.28,2026-07-04 19:19:44.245926,UPI,SUCCESS,,0,True,False,False,,
TX03960,C0980,5581.38,2026-07-22 10:34:44.245926,UPI,SUCCESS,,0,True,False,False,,
TX03961,C0270,8259.84,2026-08-31 23:29:44.245926,NETBANKING,FAILED,INSUFFICIENT_FUNDS,2,True,True,True,0.25,False
TX03962,C0691,564.45,2026-07-20 16:14:44.245926,NETBANKING,SUCCESS,,0,True,False,False,,
TX03963,C0415,9979.39,2026-08-14 08:15:44.245926,WALLET,SUCCESS,,0,True,True,False,,
TX03964,C0123,3485.59,2026-08-14 10:55:44.245926,CARD,SUCCESS,,0,True,False,False,,
TX03965,C0794,5786.51,2026-08-14 23:08:44.245926,UPI,SUCCESS,,0,True,False,False,,
TX03966,C0018,2637.65,2026-06-21 03:41:44.245926,WALLET,SUCCESS,,0,True,False,False,,
TX03967,C0413,1862.46,2026-06-21 03:13:44.245926,CARD,SUCCESS,,0,True,False,False,,
TX03968,C0846,14027.25,2026-07-11 09:01:44.245926,NETBANKING,SUCCESS,,0,True,True,False,,
TX03969,C0117,4708.17,2026-06-20 02:38:44.245926,UPI,FAILED,BANK_DECLINE,0,True,True,True,0.55,True
TX03970,C0780,12810.9,2026-06-19 21:01:44.245926,CARD,SUCCESS,,0,True,False,False,,
TX03971,C0271,4320.85,2026-06-30 14:40:44.245926,WALLET,SUCCESS,,0,True,False,False,,
TX03972,C0468,468.24,2026-06-05 16:03:44.245926,UPI,SUCCESS,,0,True,False,False,,
TX03973,C0053,6097.96,2026-08-19 03:04:44.245926,UPI,SUCCESS,,0,True,False,False,,
TX03974,C0084,6325.67,2026-06-04 11:13:44.245926,CARD,SUCCESS,,0,True,False,False,,
TX03975,C0434,5337.56,2026-08-19 19:49:44.245926,CARD,FAILED,NETWORK_ERROR,2,True,True,True,0.7,True
TX03976,C0242,9811.13,2026-06-06 03:40:44.245926,CARD,FAILED,INSUFFICIENT_FUNDS,2,True,True,True,0.25,False
TX03977,C0541,5749.81,2026-06-22 17:19:44.245926,CARD,SUCCESS,,0,True,False,False,,
TX03978,C0785,2656.73,2026-08-19 13:43:44.245926,CARD,SUCCESS,,0,True,False,False,,
TX03979,C0943,9000.73,2026-07-09 05:52:44.245926,WALLET,SUCCESS,,0,True,False,False,,
TX03980,C0950,6472.12,2026-06-06 09:08:44.245926,NETBANKING,FAILED,FRAUD_SUSPECTED,0,True,False,False,0.01,False
TX03981,C0112,1930.19,2026-08-05 19:16:44.245926,NETBANKING,SUCCESS,,0,True,False,False,,
TX03982,C0973,1106.93,2026-09-01 05:57:44.245926,UPI,SUCCESS,,0,True,False,False,,
TX03983,C0486,4436.29,2026-08-07 22:53:44.245926,WALLET,SUCCESS,,0,True,False,False,,
TX03984,C0580,451.75,2026-07-26 13:12:44.245926,WALLET,FAILED,TIMEOUT,1,True,True,True,0.83,True
TX03985,C0619,9987.81,2026-08-21 11:40:44.245926,WALLET,SUCCESS,,0,True,True,False,,
TX03986,C0726,14750.67,2026-08-24 02:18:44.245926,UPI,SUCCESS,,0,True,True,False,,
TX03987,C0185,482.73,2026-08-28 17:16:44.245926,WALLET,SUCCESS,,0,True,False,False,,
TX03988,C0414,10774.5,2026-08-31 06:45:44.245926,NETBANKING,SUCCESS,,0,True,False,False,,
TX03989,C0259,3240.73,2026-06-13 11:15:44.245926,WALLET,SUCCESS,,0,True,False,False,,
TX03990,C0833,12311.77,2026-06-15 00:45:44.245926,CARD,SUCCESS,,0,True,False,False,,
TX03991,C0933,2926.55,2026-07-17 05:07:44.245926,UPI,SUCCESS,,0,True,False,False,,
TX03992,C1000,5621.58,2026-08-30 00:13:44.245926,CARD,SUCCESS,,0,True,False,False,,
TX03993,C0407,765.2,2026-08-21 14:26:44.245926,UPI,FAILED,INSUFFICIENT_FUNDS,1,True,False,True,0.23,True
TX03994,C0075,13235.99,2026-08-17 01:38:44.245926,UPI,FAILED,NETWORK_ERROR,1,False,False,True,0.8,True
TX03995,C0013,1572.18,2026-08-20 11:18:44.245926,CARD,SUCCESS,,0,True,False,False,,
TX03996,C0612,3075.15,2026-07-01 17:33:44.245926,NETBANKING,SUCCESS,,0,True,False,False,,
TX03997,C0344,2779.89,2026-07-25 10:48:44.245926,NETBANKING,SUCCESS,,0,True,True,False,,
TX03998,C0842,11640.99,2026-06-11 12:34:44.245926,UPI,SUCCESS,,0,True,False,False,,
TX03999,C0728,4249.42,2026-07-13 10:32:44.245926,NETBANKING,SUCCESS,,0,True,False,False,,
TX04000,C0483,7664.45,2026-07-09 19:51:44.245926,WALLET,SUCCESS,,0,True,False,False,,
TX04001,C0861,11484.58,2026-06-05 10:13:44.245926,UPI,SUCCESS,,0,True,True,False,,
TX04002,C0638,11658.85,2026-07-08 02:21:44.245926,NETBANKING,FAILED,INSUFFICIENT_FUNDS,1,True,False,True,0.23,True
TX04003,C0498,10416.75,2026-06-20 04:30:44.245926,WALLET,SUCCESS,,0,True,True,False,,
TX04004,C0379,10679.64,2026-06-10 04:47:44.245926,NETBANKING,SUCCESS,,0,True,False,False,,
TX04005,C0486,347.23,2026-07-05 07:01:44.245926,WALLET,FAILED,NETWORK_ERROR,1,True,False,True,0.8,True
TX04006,C0150,1643.14,2026-08-09 12:54:44.245926,WALLET,SUCCESS,,0,True,False,False,,
TX04007,C0512,8972.51,2026-06-05 21:38:44.245926,UPI,SUCCESS,,0,True,False,False,,
TX04008,C0048,11780.88,2026-07-17 20:36:44.245926,CARD,SUCCESS,,0,True,False,False,,
TX04009,C0692,6581.91,2026-07-02 04:21:44.245926,UPI,SUCCESS,,0,True,False,False,,
TX04010,C0358,6335.31,2026-06-12 23:43:44.245926,NETBANKING,SUCCESS,,0,True,False,False,,
TX04011,C0802,14355.92,2026-07-22 00:12:44.245926,UPI,SUCCESS,,0,True,False,False,,
TX04012,C0065,1053.07,2026-08-09 16:27:44.245926,CARD,SUCCESS,,0,True,False,False,,
TX04013,C0459,6935.17,2026-08-02 18:37:44.245926,WALLET,SUCCESS,,0,True,False,False,,
TX04014,C0558,6409.88,2026-08-25 00:14:44.245926,CARD,SUCCESS,,0,True,False,False,,
TX04015,C0327,10287.72,2026-07-09 17:37:44.245926,NETBANKING,SUCCESS,,0,True,False,False,,
TX04016,C0267,13891.86,2026-08-25 11:39:44.245926,UPI,SUCCESS,,0,True,False,False,,
TX04017,C0009,9989.09,2026-08-23 18:01:44.245926,NETBANKING,SUCCESS,,0,True,False,False,,
TX04018,C0261,12302.2,2026-08-11 09:32:44.245926,NETBANKING,SUCCESS,,0,True,False,False,,
TX04019,C0511,1179.21,2026-07-15 15:51:44.245926,NETBANKING,SUCCESS,,0,True,False,False,,
TX04020,C0750,8779.91,2026-06-14 10:58:44.245926,CARD,SUCCESS,,0,True,True,False,,
TX04021,C0221,5217.47,2026-08-06 22:24:44.245926,WALLET,SUCCESS,,0,True,False,False,,
TX04022,C0401,8562.86,2026-06-06 07:19:44.245926,CARD,FAILED,TIMEOUT,0,True,False,True,0.85,True
TX04023,C0064,836.62,2026-08-07 16:43:44.245926,CARD,SUCCESS,,0,True,True,False,,
TX04024,C0115,6544.64,2026-07-20 19:02:44.245926,UPI,SUCCESS,,0,True,True,False,,
TX04025,C0380,7400.79,2026-07-14 11:56:44.245926,UPI,SUCCESS,,0,True,False,False,,
TX04026,C0803,6246.91,2026-08-07 05:41:44.245926,CARD,SUCCESS,,0,True,False,False,,
TX04027,C0559,8355.51,2026-06-16 18:59:44.245926,UPI,FAILED,NETWORK_ERROR,0,True,False,True,0.9,True
TX04028,C0943,4433.78,2026-06-11 20:14:44.245926,WALLET,SUCCESS,,0,True,False,False,,
TX04029,C0993,6946.19,2026-08-02 08:10:44.245926,CARD,SUCCESS,,0,True,False,False,,
TX04030,C0392,7685.01,2026-07-04 10:27:44.245926,WALLET,SUCCESS,,0,True,False,False,,
TX04031,C0287,986.36,2026-07-17 07:00:44.245926,CARD,FAILED,INSUFFICIENT_FUNDS,2,True,False,True,0.13,False
TX04032,C0618,10495.91,2026-08-22 11:51:44.245926,CARD,SUCCESS,,0,True,False,False,,
TX04033,C0912,14814.95,2026-06-06 15:15:44.245926,WALLET,SUCCESS,,0,True,False,False,,
TX04034,C0787,14915.58,2026-07-03 19:31:44.245926,UPI,SUCCESS,,0,True,False,False,,
TX04035,C0846,9660.97,2026-07-26 10:03:44.245926,NETBANKING,SUCCESS,,0,True,True,False,,
TX04036,C0688,10508.7,2026-06-09 18:52:44.245926,CARD,FAILED,TIMEOUT,2,True,True,True,0.53,False
TX04037,C0718,10337.07,2026-07-14 17:57:44.245926,UPI,SUCCESS,,0,True,True,False,,
TX04038,C0238,3046.24,2026-06-10 00:21:44.245926,UPI,SUCCESS,,0,True,False,False,,
TX04039,C0592,2694.03,2026-08-28 04:20:44.245926,CARD,SUCCESS,,0,True,False,False,,
TX04040,C0778,518.0,2026-06-21 21:21:44.245926,NETBANKING,FAILED,FRAUD_SUSPECTED,2,True,False,False,0.01,False
TX04041,C0533,10191.69,2026-07-26 00:32:44.245926,WALLET,SUCCESS,,0,True,False,False,,
TX04042,C0443,7510.91,2026-07-25 14:04:44.245926,NETBANKING,FAILED,NETWORK_ERROR,2,True,True,True,0.78,False
TX04043,C0286,7115.66,2026-07-16 02:11:44.245926,CARD,FAILED,INSUFFICIENT_FUNDS,0,True,False,True,0.45,False
TX04044,C0218,6256.81,2026-07-01 00:25:44.245926,WALLET,SUCCESS,,0,True,True,False,,
TX04045,C0213,10523.2,2026-07-23 04:38:44.245926,WALLET,SUCCESS,,0,True,False,False,,
TX04046,C0503,14595.4,2026-06-12 08:57:44.245926,CARD,SUCCESS,,0,True,False,False,,
TX04047,C0351,5104.47,2026-08-05 23:38:44.245926,CARD,SUCCESS,,0,True,False,False,,
TX04048,C0631,583.38,2026-06-30 03:19:44.245926,CARD,SUCCESS,,0,True,False,False,,
TX04049,C0752,14682.4,2026-07-15 08:56:44.245926,UPI,SUCCESS,,0,True,True,False,,
TX04050,C0356,2940.59,2026-07-30 14:23:44.245926,NETBANKING,SUCCESS,,0,True,False,False,,
TX04051,C0398,3090.81,2026-07-07 22:17:44.245926,WALLET,SUCCESS,,0,True,False,False,,
TX04052,C0943,2687.37,2026-06-29 03:54:44.245926,WALLET,SUCCESS,,0,True,True,False,,
TX04053,C0274,11214.74,2026-06-29 17:50:44.245926,CARD,SUCCESS,,0,True,False,False,,
TX04054,C0622,1098.26,2026-06-17 19:09:44.245926,UPI,SUCCESS,,0,True,False,False,,
TX04055,C0931,12383.78,2026-06-11 07:16:44.245926,CARD,SUCCESS,,0,True,False,False,,
TX04056,C0527,6389.99,2026-07-20 03:18:44.245926,WALLET,SUCCESS,,0,True,False,False,,
TX04057,C0743,9620.06,2026-08-30 06:23:44.245926,CARD,SUCCESS,,0,True,False,False,,
TX04058,C0749,10263.67,2026-07-05 17:35:44.245926,WALLET,SUCCESS,,0,True,False,False,,
TX04059,C0009,12996.35,2026-08-12 11:55:44.245926,NETBANKING,SUCCESS,,0,True,False,False,,
TX04060,C0492,5880.32,2026-08-20 21:32:44.245926,NETBANKING,SUCCESS,,0,True,False,False,,
TX04061,C0918,13838.82,2026-08-03 08:28:44.245926,CARD,SUCCESS,,0,True,True,False,,
TX04062,C0363,7811.73,2026-07-04 08:27:44.245926,NETBANKING,SUCCESS,,0,True,True,False,,
TX04063,C0257,11688.25,2026-06-14 20:40:44.245926,NETBANKING,FAILED,BANK_DECLINE,2,False,False,True,0.35000000000000003,False
TX04064,C0335,1004.48,2026-06-07 06:35:44.245926,NETBANKING,SUCCESS,,0,True,False,False,,
TX04065,C0826,7908.45,2026-08-25 04:56:44.245926,CARD,SUCCESS,,0,True,False,False,,
TX04066,C0634,6977.65,2026-07-11 01:06:44.245926,CARD,SUCCESS,,0,True,True,False,,
TX04067,C0544,14204.28,2026-07-24 12:45:44.245926,CARD,SUCCESS,,0,True,True,False,,
TX04068,C0638,4650.94,2026-07-01 16:10:44.245926,NETBANKING,FAILED,EXPIRED_CARD,1,True,False,True,0.01,False
TX04069,C0225,7890.2,2026-08-03 11:58:44.245926,WALLET,SUCCESS,,0,True,False,False,,
TX04070,C0806,8604.72,2026-08-01 20:14:44.245926,WALLET,SUCCESS,,0,True,False,False,,
TX04071,C0487,1605.61,2026-07-12 13:53:44.245926,CARD,FAILED,BANK_DECLINE,1,False,False,True,0.33000000000000007,False
TX04072,C0996,5957.71,2026-06-14 11:22:44.245926,WALLET,SUCCESS,,0,True,True,False,,
TX04073,C0616,6061.12,2026-06-05 20:39:44.245926,WALLET,SUCCESS,,0,True,False,False,,
TX04074,C0225,12657.88,2026-06-26 07:12:44.245926,WALLET,SUCCESS,,0,True,False,False,,
TX04075,C0550,9643.36,2026-08-16 16:03:44.245926,UPI,SUCCESS,,0,True,True,False,,
TX04076,C0144,3160.89,2026-08-25 11:43:44.245926,UPI,FAILED,EXPIRED_CARD,1,True,False,True,0.18000000000000002,False
TX04077,C0103,3003.04,2026-06-27 11:32:44.245926,NETBANKING,SUCCESS,,0,True,False,False,,
TX04078,C0294,12373.41,2026-07-18 13:12:44.245926,WALLET,SUCCESS,,0,True,False,False,,
TX04079,C0042,460.99,2026-08-11 09:10:44.245926,CARD,SUCCESS,,0,True,False,False,,
TX04080,C0975,9968.92,2026-07-01 14:14:44.245926,UPI,SUCCESS,,0,True,True,False,,
TX04081,C0657,3459.76,2026-07-28 18:07:44.245926,WALLET,FAILED,NETWORK_ERROR,0,False,True,True,0.9,True
TX04082,C0807,431.64,2026-07-24 15:03:44.245926,NETBANKING,SUCCESS,,0,True,False,False,,
TX04083,C0882,6254.52,2026-08-17 18:03:44.245926,UPI,SUCCESS,,0,True,False,False,,
TX04084,C0557,9267.66,2026-08-02 12:30:44.245926,CARD,SUCCESS,,0,True,False,False,,
TX04085,C0435,13798.87,2026-07-01 04:09:44.245926,NETBANKING,SUCCESS,,0,True,True,False,,
TX04086,C0891,12713.59,2026-08-24 13:58:44.245926,WALLET,SUCCESS,,0,True,False,False,,
TX04087,C0560,5516.44,2026-08-07 00:21:44.245926,NETBANKING,SUCCESS,,0,True,False,False,,
TX04088,C0512,11382.32,2026-08-07 03:39:44.245926,UPI,SUCCESS,,0,True,False,False,,
TX04089,C0191,5698.09,2026-08-29 03:42:44.245926,NETBANKING,SUCCESS,,0,True,False,False,,
TX04090,C0510,3873.15,2026-07-10 20:43:44.245926,WALLET,SUCCESS,,0,True,False,False,,
TX04091,C0072,13194.56,2026-07-20 20:50:44.245926,UPI,SUCCESS,,0,True,False,False,,
TX04092,C0525,13151.89,2026-07-26 07:46:44.245926,UPI,SUCCESS,,0,True,False,False,,
TX04093,C0902,7911.23,2026-06-29 14:35:44.245926,CARD,SUCCESS,,0,True,False,False,,
TX04094,C0278,2538.37,2026-06-22 10:18:44.245926,WALLET,SUCCESS,,0,True,False,False,,
TX04095,C0984,865.07,2026-07-11 03:33:44.245926,WALLET,SUCCESS,,0,True,False,False,,
TX04096,C0283,9486.46,2026-07-22 14:10:44.245926,CARD,SUCCESS,,0,True,False,False,,
TX04097,C0095,2201.41,2026-07-27 08:56:44.245926,CARD,SUCCESS,,0,True,False,False,,
TX04098,C0780,14526.52,2026-08-21 07:09:44.245926,CARD,FAILED,EXPIRED_CARD,0,True,False,True,0.08000000000000002,True
TX04099,C0292,5988.19,2026-06-19 12:50:44.245926,WALLET,SUCCESS,,0,True,False,False,,
TX04100,C0463,2193.52,2026-07-09 09:10:44.245926,UPI,SUCCESS,,0,True,False,False,,
TX04101,C0803,6969.46,2026-08-28 05:23:44.245926,CARD,SUCCESS,,0,True,False,False,,
TX04102,C0577,3080.41,2026-07-05 19:48:44.245926,NETBANKING,SUCCESS,,0,True,False,False,,
TX04103,C0687,13657.61,2026-08-29 17:35:44.245926,NETBANKING,FAILED,BANK_DECLINE,0,True,False,True,0.55,False
TX04104,C0296,3944.84,2026-07-03 15:04:44.245926,UPI,SUCCESS,,0,True,False,False,,
TX04105,C0907,13017.87,2026-07-10 20:05:44.245926,CARD,SUCCESS,,0,True,False,False,,
TX04106,C0482,7582.85,2026-07-30 01:14:44.245926,CARD,SUCCESS,,0,True,True,False,,
TX04107,C0570,6677.28,2026-07-01 20:27:44.245926,UPI,FAILED,NETWORK_ERROR,1,True,False,True,0.8,True
TX04108,C0752,13459.63,2026-08-17 10:55:44.245926,UPI,SUCCESS,,0,True,True,False,,
TX04109,C0549,9165.9,2026-08-11 08:25:44.245926,UPI,SUCCESS,,0,True,True,False,,
TX04110,C0049,1544.18,2026-06-15 22:03:44.245926,WALLET,SUCCESS,,0,True,False,False,,
TX04111,C0171,13483.03,2026-06-30 19:18:44.245926,NETBANKING,SUCCESS,,0,True,False,False,,
TX04112,C0013,9975.9,2026-07-16 21:34:44.245926,CARD,SUCCESS,,0,True,False,False,,
TX04113,C0401,9369.01,2026-08-11 10:30:44.245926,CARD,SUCCESS,,0,True,False,False,,
TX04114,C0104,4782.91,2026-08-02 19:08:44.245926,NETBANKING,FAILED,INSUFFICIENT_FUNDS,0,False,False,True,0.45,False
TX04115,C0467,2037.67,2026-06-23 00:36:44.245926,NETBANKING,SUCCESS,,0,True,False,False,,
TX04116,C0275,5024.54,2026-08-25 11:14:44.245926,WALLET,SUCCESS,,0,True,False,False,,
TX04117,C0709,2246.21,2026-07-28 06:41:44.245926,CARD,SUCCESS,,0,True,False,False,,
TX04118,C0183,5110.21,2026-08-04 13:17:44.245926,CARD,SUCCESS,,0,True,False,False,,
TX04119,C0835,11852.79,2026-08-28 23:45:44.245926,UPI,SUCCESS,,0,True,False,False,,
TX04120,C0082,466.94,2026-07-30 23:27:44.245926,NETBANKING,SUCCESS,,0,True,False,False,,
TX04121,C0632,1117.48,2026-06-21 01:41:44.245926,CARD,SUCCESS,,0,True,True,False,,
TX04122,C0429,755.41,2026-08-28 07:44:44.245926,WALLET,SUCCESS,,0,True,False,False,,
TX04123,C0328,9246.88,2026-08-16 07:10:44.245926,WALLET,SUCCESS,,0,True,True,False,,
TX04124,C0857,8512.88,2026-07-30 22:03:44.245926,CARD,FAILED,TIMEOUT,2,False,False,True,0.6499999999999999,False
TX04125,C0140,12301.88,2026-08-02 12:31:44.245926,CARD,FAILED,FRAUD_SUSPECTED,1,True,True,False,0.01,False
TX04126,C0500,5658.08,2026-07-31 14:27:44.245926,CARD,SUCCESS,,0,True,False,False,,
TX04127,C0708,6304.82,2026-06-13 14:14:44.245926,UPI,SUCCESS,,0,True,False,False,,
TX04128,C0692,5198.12,2026-07-18 03:53:44.245926,UPI,SUCCESS,,0,True,True,False,,
TX04129,C0478,13755.67,2026-08-01 21:03:44.245926,NETBANKING,FAILED,FRAUD_SUSPECTED,1,True,True,False,0.01,True
TX04130,C0933,7514.06,2026-06-15 09:57:44.245926,UPI,FAILED,INSUFFICIENT_FUNDS,1,True,True,True,0.35,True
TX04131,C0782,4941.5,2026-07-11 06:46:44.245926,NETBANKING,FAILED,NETWORK_ERROR,0,True,False,True,0.78,True
TX04132,C0489,14861.52,2026-07-06 06:25:44.245926,WALLET,SUCCESS,,0,True,True,False,,
TX04133,C0767,11436.27,2026-08-12 18:51:44.245926,CARD,SUCCESS,,0,True,False,False,,
TX04134,C0037,2455.21,2026-07-04 19:16:44.245926,UPI,FAILED,EXPIRED_CARD,2,True,True,True,0.01,False
TX04135,C0543,7418.9,2026-06-23 13:21:44.245926,WALLET,SUCCESS,,0,True,False,False,,
TX04136,C0512,11056.91,2026-08-17 04:57:44.245926,UPI,SUCCESS,,0,True,False,False,,
TX04137,C0314,4343.41,2026-07-15 06:33:44.245926,NETBANKING,FAILED,TIMEOUT,2,True,False,True,0.6499999999999999,True
TX04138,C0846,14393.9,2026-07-12 07:24:44.245926,NETBANKING,SUCCESS,,0,True,False,False,,
TX04139,C0886,4933.63,2026-06-10 10:10:44.245926,CARD,SUCCESS,,0,True,False,False,,
TX04140,C0676,10469.87,2026-07-17 06:21:44.245926,WALLET,FAILED,TIMEOUT,0,True,False,True,0.73,True
TX04141,C0753,14668.62,2026-08-06 01:46:44.245926,CARD,SUCCESS,,0,True,False,False,,
TX04142,C0605,5552.01,2026-07-18 10:30:44.245926,WALLET,SUCCESS,,0,True,False,False,,
TX04143,C0876,2746.94,2026-07-23 10:25:44.245926,WALLET,FAILED,BANK_DECLINE,0,True,False,True,0.63,True
TX04144,C0021,12264.96,2026-07-25 06:24:44.245926,NETBANKING,SUCCESS,,0,True,False,False,,
TX04145,C0563,5361.4,2026-07-24 00:23:44.245926,WALLET,SUCCESS,,0,True,False,False,,
TX04146,C0186,12174.08,2026-07-03 15:49:44.245926,NETBANKING,SUCCESS,,0,True,False,False,,
TX04147,C0286,4287.35,2026-08-16 07:59:44.245926,CARD,SUCCESS,,0,True,False,False,,
TX04148,C0838,3958.48,2026-08-04 02:28:44.245926,UPI,SUCCESS,,0,True,True,False,,
TX04149,C0856,9805.2,2026-08-18 04:44:44.245926,UPI,SUCCESS,,0,True,False,False,,
TX04150,C0017,466.23,2026-06-26 19:42:44.245926,CARD,SUCCESS,,0,True,False,False,,
TX04151,C0746,10837.32,2026-07-03 11:24:44.245926,NETBANKING,SUCCESS,,0,True,False,False,,
TX04152,C0524,4361.48,2026-06-06 02:49:44.245926,WALLET,SUCCESS,,0,True,False,False,,
TX04153,C0173,13869.86,2026-08-08 05:43:44.245926,CARD,SUCCESS,,0,True,False,False,,
TX04154,C0493,12122.8,2026-06-06 15:24:44.245926,WALLET,SUCCESS,,0,True,False,False,,
TX04155,C0576,6086.75,2026-06-19 00:54:44.245926,WALLET,SUCCESS,,0,True,False,False,,
TX04156,C0649,886.61,2026-07-21 04:58:44.245926,CARD,SUCCESS,,0,True,False,False,,
TX04157,C0438,8453.84,2026-08-05 17:58:44.245926,UPI,FAILED,FRAUD_SUSPECTED,2,False,False,False,0.01,False
TX04158,C0340,482.98,2026-07-10 02:27:44.245926,CARD,SUCCESS,,0,True,False,False,,
TX04159,C0090,5267.81,2026-08-31 19:29:44.245926,WALLET,FAILED,EXPIRED_CARD,1,True,True,True,0.01,False
TX04160,C0009,3779.93,2026-08-09 01:22:44.245926,NETBANKING,SUCCESS,,0,True,False,False,,
TX04161,C0271,14008.35,2026-07-29 12:06:44.245926,WALLET,SUCCESS,,0,True,False,False,,
TX04162,C0784,12795.06,2026-07-20 05:48:44.245926,CARD,SUCCESS,,0,True,False,False,,
TX04163,C0765,11502.68,2026-08-19 22:38:44.245926,NETBANKING,SUCCESS,,0,True,False,False,,
TX04164,C0511,10881.56,2026-07-29 12:35:44.245926,NETBANKING,SUCCESS,,0,True,False,False,,
TX04165,C0038,925.63,2026-06-19 18:05:44.245926,UPI,FAILED,NETWORK_ERROR,2,True,False,True,0.78,True
TX04166,C0468,10926.42,2026-08-06 12:01:44.245926,UPI,SUCCESS,,0,True,False,False,,
TX04167,C0353,13025.09,2026-06-11 14:57:44.245926,NETBANKING,FAILED,NETWORK_ERROR,2,False,False,True,0.7,True
TX04168,C0592,5228.7,2026-06-29 12:54:44.245926,CARD,SUCCESS,,0,True,False,False,,
TX04169,C0148,5340.78,2026-08-16 07:03:44.245926,UPI,SUCCESS,,0,True,False,False,,
TX04170,C0062,2053.78,2026-07-28 12:17:44.245926,UPI,SUCCESS,,0,True,False,False,,
TX04171,C0350,14914.67,2026-08-16 03:30:44.245926,UPI,SUCCESS,,0,True,False,False,,
TX04172,C0191,2457.08,2026-07-02 23:37:44.245926,NETBANKING,FAILED,NETWORK_ERROR,1,True,False,True,0.88,True
TX04173,C0406,4394.18,2026-07-18 03:48:44.245926,WALLET,SUCCESS,,0,True,False,False,,
TX04174,C0782,1133.57,2026-07-22 20:28:44.245926,NETBANKING,FAILED,INSUFFICIENT_FUNDS,2,True,False,True,0.13,False
TX04175,C0541,11335.51,2026-06-30 18:36:44.245926,CARD,SUCCESS,,0,True,False,False,,
TX04176,C0695,9378.52,2026-07-05 07:08:44.245926,CARD,SUCCESS,,0,True,False,False,,
TX04177,C0908,6492.0,2026-08-15 14:18:44.245926,CARD,SUCCESS,,0,True,False,False,,
TX04178,C0500,6300.16,2026-08-22 21:17:44.245926,CARD,SUCCESS,,0,True,False,False,,
TX04179,C0741,10635.91,2026-07-26 21:27:44.245926,CARD,SUCCESS,,0,True,False,False,,
TX04180,C0054,3711.71,2026-06-05 16:24:44.245926,CARD,SUCCESS,,0,True,True,False,,
TX04181,C0656,11175.99,2026-07-01 20:40:44.245926,CARD,SUCCESS,,0,True,True,False,,
TX04182,C0761,12250.43,2026-08-26 00:31:44.245926,WALLET,SUCCESS,,0,True,False,False,,
TX04183,C0740,6007.45,2026-07-10 23:18:44.245926,UPI,SUCCESS,,0,True,True,False,,
TX04184,C0319,1061.96,2026-06-25 23:20:44.245926,NETBANKING,FAILED,NETWORK_ERROR,1,True,False,True,0.8,False
TX04185,C0612,8104.26,2026-08-01 19:07:44.245926,NETBANKING,SUCCESS,,0,True,True,False,,
TX04186,C0628,4209.93,2026-06-05 04:11:44.245926,CARD,SUCCESS,,0,True,False,False,,
TX04187,C0731,460.95,2026-06-24 03:19:44.245926,UPI,SUCCESS,,0,True,False,False,,
TX04188,C0079,14830.02,2026-06-09 18:55:44.245926,NETBANKING,SUCCESS,,0,True,False,False,,
TX04189,C0326,723.54,2026-07-07 15:40:44.245926,NETBANKING,SUCCESS,,0,True,True,False,,
TX04190,C0957,5282.81,2026-08-06 02:51:44.245926,CARD,SUCCESS,,0,True,True,False,,
TX04191,C0913,11427.55,2026-07-26 04:25:44.245926,CARD,FAILED,BANK_DECLINE,2,True,False,True,0.35000000000000003,False
TX04192,C0318,14546.88,2026-06-08 05:41:44.245926,WALLET,SUCCESS,,0,True,True,False,,
TX04193,C0957,6626.63,2026-06-16 13:19:44.245926,CARD,SUCCESS,,0,True,False,False,,
TX04194,C0047,13783.3,2026-08-29 16:34:44.245926,UPI,SUCCESS,,0,True,False,False,,
TX04195,C0307,5028.71,2026-08-17 07:02:44.245926,NETBANKING,SUCCESS,,0,True,False,False,,
TX04196,C0366,14291.74,2026-06-08 10:27:44.245926,UPI,SUCCESS,,0,True,False,False,,
TX04197,C0362,14450.87,2026-06-30 01:39:44.245926,WALLET,SUCCESS,,0,True,False,False,,
TX04198,C0031,3609.4,2026-06-12 16:31:44.245926,WALLET,FAILED,NETWORK_ERROR,0,True,False,True,0.9,True
TX04199,C0444,9549.98,2026-07-22 15:09:44.245926,NETBANKING,SUCCESS,,0,True,True,False,,
TX04200,C0923,12725.44,2026-08-12 19:29:44.245926,CARD,SUCCESS,,0,True,False,False,,
TX04201,C0439,2606.43,2026-06-19 17:24:44.245926,WALLET,FAILED,BANK_DECLINE,2,True,False,True,0.43,True
TX04202,C0126,10581.35,2026-07-09 00:33:44.245926,NETBANKING,SUCCESS,,0,True,True,False,,
TX04203,C0247,6303.32,2026-08-17 06:02:44.245926,NETBANKING,FAILED,TIMEOUT,0,True,False,True,0.85,True
TX04204,C0779,12996.28,2026-06-18 11:40:44.245926,NETBANKING,SUCCESS,,0,True,False,False,,
TX04205,C0253,6269.74,2026-06-16 09:02:44.245926,UPI,FAILED,NETWORK_ERROR,0,True,True,True,0.9,True
TX04206,C0874,10309.16,2026-06-10 14:54:44.245926,NETBANKING,FAILED,TIMEOUT,2,True,False,True,0.73,False
TX04207,C0175,4945.69,2026-06-09 08:34:44.245926,NETBANKING,FAILED,TIMEOUT,1,True,True,True,0.63,True
TX04208,C0309,3375.08,2026-07-28 05:09:44.245926,NETBANKING,SUCCESS,,0,True,False,False,,
TX04209,C0544,4200.62,2026-08-08 00:56:44.245926,CARD,SUCCESS,,0,True,False,False,,
TX04210,C0539,11256.46,2026-06-23 21:43:44.245926,UPI,SUCCESS,,0,True,True,False,,
TX04211,C0251,10507.63,2026-09-02 07:56:44.245926,NETBANKING,FAILED,EXPIRED_CARD,2,True,True,True,0.01,False
TX04212,C0129,1475.29,2026-08-01 23:18:44.245926,NETBANKING,FAILED,FRAUD_SUSPECTED,2,True,False,False,0.01,False
TX04213,C0787,12759.9,2026-07-11 06:34:44.245926,UPI,FAILED,BANK_DECLINE,1,True,False,True,0.53,False
TX04214,C0946,5037.36,2026-07-29 17:17:44.245926,UPI,SUCCESS,,0,True,False,False,,
TX04215,C0943,8525.62,2026-07-10 11:43:44.245926,WALLET,SUCCESS,,0,True,False,False,,
TX04216,C0758,10393.97,2026-06-08 22:06:44.245926,NETBANKING,SUCCESS,,0,True,False,False,,
TX04217,C0273,14909.16,2026-08-06 14:53:44.245926,WALLET,FAILED,BANK_DECLINE,1,True,False,True,0.53,True
TX04218,C0318,12143.95,2026-06-13 13:42:44.245926,WALLET,SUCCESS,,0,True,False,False,,
TX04219,C0756,9171.01,2026-07-13 19:27:44.245926,UPI,SUCCESS,,0,True,False,False,,
TX04220,C0471,12799.54,2026-06-17 12:30:44.245926,UPI,SUCCESS,,0,True,False,False,,
TX04221,C0345,7342.15,2026-08-15 00:01:44.245926,WALLET,FAILED,INSUFFICIENT_FUNDS,0,True,False,True,0.33,False
TX04222,C0177,13068.08,2026-08-27 07:51:44.245926,CARD,SUCCESS,,0,True,True,False,,
TX04223,C0414,2708.82,2026-07-10 09:06:44.245926,NETBANKING,SUCCESS,,0,True,False,False,,
TX04224,C0783,7064.78,2026-07-30 15:13:44.245926,WALLET,SUCCESS,,0,True,False,False,,
TX04225,C0294,4096.82,2026-07-14 10:20:44.245926,WALLET,SUCCESS,,0,True,False,False,,
TX04226,C0709,14015.87,2026-06-18 23:00:44.245926,CARD,SUCCESS,,0,True,True,False,,
TX04227,C0025,5270.77,2026-06-17 06:01:44.245926,WALLET,SUCCESS,,0,True,True,False,,
TX04228,C0273,2980.71,2026-07-26 19:17:44.245926,WALLET,SUCCESS,,0,True,True,False,,
TX04229,C0688,301.96,2026-07-12 23:21:44.245926,CARD,FAILED,BANK_DECLINE,0,True,False,True,0.43000000000000005,True
TX04230,C0899,14434.45,2026-07-19 11:14:44.245926,WALLET,SUCCESS,,0,True,False,False,,
TX04231,C0087,8021.49,2026-08-24 09:44:44.245926,UPI,FAILED,BANK_DECLINE,2,True,False,True,0.23000000000000004,False
TX04232,C0997,4250.32,2026-07-05 14:00:44.245926,NETBANKING,SUCCESS,,0,True,True,False,,
TX04233,C0704,13748.13,2026-07-14 17:28:44.245926,NETBANKING,SUCCESS,,0,True,False,False,,
TX04234,C0837,9257.47,2026-06-10 18:22:44.245926,UPI,SUCCESS,,0,True,True,False,,
TX04235,C0245,2127.46,2026-06-04 18:56:44.245926,NETBANKING,FAILED,INSUFFICIENT_FUNDS,1,True,True,True,0.43000000000000005,False
TX04236,C0777,11669.82,2026-07-13 19:29:44.245926,UPI,SUCCESS,,0,True,False,False,,
TX04237,C0945,2513.05,2026-06-16 02:55:44.245926,UPI,SUCCESS,,0,True,False,False,,
TX04238,C0131,3509.66,2026-08-28 22:28:44.245926,UPI,SUCCESS,,0,True,True,False,,
TX04239,C0187,7741.61,2026-08-30 20:01:44.245926,UPI,FAILED,NETWORK_ERROR,1,True,False,True,0.8,True
TX04240,C0815,6811.36,2026-06-23 07:36:44.245926,CARD,FAILED,BANK_DECLINE,0,True,False,True,0.63,False
TX04241,C0799,9471.4,2026-08-15 21:53:44.245926,WALLET,SUCCESS,,0,True,False,False,,
TX04242,C0914,1546.77,2026-08-18 10:56:44.245926,WALLET,SUCCESS,,0,True,True,False,,
TX04243,C0601,10708.47,2026-08-09 16:51:44.245926,WALLET,SUCCESS,,0,True,True,False,,
TX04244,C0291,4272.65,2026-08-04 22:06:44.245926,WALLET,FAILED,BANK_DECLINE,1,True,False,True,0.45000000000000007,False
TX04245,C0935,6477.65,2026-07-08 05:41:44.245926,WALLET,SUCCESS,,0,True,False,False,,
TX04246,C0721,13911.41,2026-08-19 00:44:44.245926,CARD,SUCCESS,,0,True,True,False,,
TX04247,C0928,3903.12,2026-07-11 07:03:44.245926,WALLET,FAILED,NETWORK_ERROR,2,True,False,True,0.5800000000000001,True
TX04248,C0661,6232.04,2026-08-30 09:20:44.245926,NETBANKING,FAILED,INSUFFICIENT_FUNDS,1,True,False,True,0.35,True
TX04249,C0965,7439.81,2026-07-27 19:15:44.245926,UPI,SUCCESS,,0,True,True,False,,
TX04250,C0403,3498.56,2026-07-27 21:10:44.245926,WALLET,SUCCESS,,0,True,False,False,,
TX04251,C0454,7420.76,2026-07-26 17:17:44.245926,NETBANKING,SUCCESS,,0,True,False,False,,
TX04252,C0159,12679.07,2026-07-28 21:22:44.245926,NETBANKING,SUCCESS,,0,True,False,False,,
TX04253,C0809,13734.25,2026-07-20 12:14:44.245926,CARD,SUCCESS,,0,True,False,False,,
TX04254,C0105,9417.25,2026-07-03 02:47:44.245926,WALLET,SUCCESS,,0,True,False,False,,
TX04255,C0308,4446.81,2026-08-07 08:39:44.245926,WALLET,SUCCESS,,0,True,False,False,,
TX04256,C0177,12406.13,2026-08-13 23:51:44.245926,CARD,SUCCESS,,0,True,False,False,,
TX04257,C0417,2175.12,2026-08-11 06:49:44.245926,WALLET,SUCCESS,,0,True,True,False,,
TX04258,C0952,13429.87,2026-06-13 16:15:44.245926,CARD,SUCCESS,,0,True,True,False,,
TX04259,C0963,8356.37,2026-08-07 12:21:44.245926,NETBANKING,SUCCESS,,0,True,False,False,,
TX04260,C0429,9868.47,2026-08-03 13:38:44.245926,WALLET,SUCCESS,,0,True,False,False,,
TX04261,C0102,9353.99,2026-07-25 15:13:44.245926,CARD,SUCCESS,,0,True,False,False,,
TX04262,C0924,539.37,2026-08-07 03:25:44.245926,UPI,SUCCESS,,0,True,True,False,,
TX04263,C0752,6722.98,2026-08-07 01:41:44.245926,UPI,SUCCESS,,0,True,False,False,,
TX04264,C0291,2320.82,2026-06-22 00:32:44.245926,WALLET,FAILED,EXPIRED_CARD,2,True,False,True,0.01,False
TX04265,C0562,13375.7,2026-08-01 10:10:44.245926,CARD,SUCCESS,,0,True,True,False,,
TX04266,C1000,7078.1,2026-07-20 07:43:44.245926,CARD,SUCCESS,,0,True,False,False,,
TX04267,C0470,7846.86,2026-07-20 01:32:44.245926,WALLET,SUCCESS,,0,True,False,False,,
TX04268,C0385,2192.89,2026-07-15 10:16:44.245926,UPI,SUCCESS,,0,True,False,False,,
TX04269,C0121,7401.26,2026-07-04 11:12:44.245926,NETBANKING,SUCCESS,,0,True,False,False,,
TX04270,C0201,4564.81,2026-07-09 18:08:44.245926,UPI,FAILED,BANK_DECLINE,1,True,True,True,0.33000000000000007,False
TX04271,C0707,8760.36,2026-07-08 03:07:44.245926,UPI,SUCCESS,,0,True,False,False,,
TX04272,C0675,14699.27,2026-07-29 00:13:44.245926,WALLET,SUCCESS,,0,True,False,False,,
TX04273,C0585,4283.97,2026-06-06 16:12:44.245926,UPI,FAILED,INSUFFICIENT_FUNDS,1,True,False,True,0.35,False
TX04274,C0856,12012.66,2026-06-21 23:51:44.245926,UPI,SUCCESS,,0,True,False,False,,
TX04275,C0016,14574.66,2026-08-21 09:20:44.245926,NETBANKING,SUCCESS,,0,True,False,False,,
TX04276,C0999,2566.23,2026-07-10 09:30:44.245926,NETBANKING,SUCCESS,,0,True,False,False,,
TX04277,C0617,8282.15,2026-07-26 16:27:44.245926,NETBANKING,SUCCESS,,0,True,False,False,,
TX04278,C0258,5947.61,2026-06-16 11:56:44.245926,CARD,SUCCESS,,0,True,True,False,,
TX04279,C0559,5538.03,2026-07-03 10:47:44.245926,UPI,SUCCESS,,0,True,False,False,,
TX04280,C0967,6273.37,2026-06-29 17:30:44.245926,UPI,SUCCESS,,0,True,False,False,,
TX04281,C0240,7984.26,2026-07-10 17:25:44.245926,UPI,SUCCESS,,0,True,False,False,,
TX04282,C0058,5569.57,2026-07-19 08:49:44.245926,WALLET,SUCCESS,,0,True,False,False,,
TX04283,C0217,2830.57,2026-07-17 05:58:44.245926,NETBANKING,FAILED,TIMEOUT,0,True,False,True,0.85,True
TX04284,C0836,12196.64,2026-08-17 00:33:44.245926,CARD,SUCCESS,,0,True,False,False,,
TX04285,C0782,10344.41,2026-07-06 23:27:44.245926,NETBANKING,SUCCESS,,0,True,True,False,,
TX04286,C0585,4053.7,2026-06-14 03:21:44.245926,UPI,SUCCESS,,0,True,True,False,,
TX04287,C0400,12965.15,2026-06-28 02:41:44.245926,UPI,FAILED,NETWORK_ERROR,2,True,False,True,0.7,True
TX04288,C0314,12766.04,2026-06-22 19:20:44.245926,NETBANKING,SUCCESS,,0,True,True,False,,
TX04289,C0688,8155.84,2026-07-13 04:51:44.245926,CARD,SUCCESS,,0,True,True,False,,
TX04290,C0112,12596.51,2026-08-18 03:16:44.245926,NETBANKING,SUCCESS,,0,True,False,False,,
TX04291,C0885,1233.79,2026-06-06 06:06:44.245926,UPI,SUCCESS,,0,True,False,False,,
TX04292,C0584,970.05,2026-07-31 01:55:44.245926,UPI,SUCCESS,,0,True,False,False,,
TX04293,C0861,2562.08,2026-06-23 18:09:44.245926,UPI,FAILED,BANK_DECLINE,1,True,False,True,0.33000000000000007,True
TX04294,C0305,8246.19,2026-08-10 10:14:44.245926,UPI,SUCCESS,,0,True,False,False,,
TX04295,C0517,9248.09,2026-08-22 21:01:44.245926,CARD,SUCCESS,,0,True,False,False,,
TX04296,C0876,4255.99,2026-07-27 02:11:44.245926,WALLET,SUCCESS,,0,True,True,False,,
TX04297,C0132,9678.16,2026-08-18 10:01:44.245926,WALLET,FAILED,BANK_DECLINE,2,True,False,True,0.23000000000000004,False
TX04298,C0411,7458.59,2026-08-19 23:13:44.245926,WALLET,SUCCESS,,0,True,False,False,,
TX04299,C0764,8462.01,2026-06-14 09:55:44.245926,NETBANKING,FAILED,NETWORK_ERROR,1,True,False,True,0.8,True
TX04300,C0862,7121.37,2026-07-06 15:52:44.245926,NETBANKING,SUCCESS,,0,True,False,False,,
TX04301,C0347,10462.13,2026-07-01 16:11:44.245926,NETBANKING,SUCCESS,,0,True,False,False,,
TX04302,C0946,508.16,2026-07-03 17:48:44.245926,UPI,FAILED,BANK_DECLINE,2,False,False,True,0.23000000000000004,False
TX04303,C0646,8891.83,2026-07-31 14:25:44.245926,WALLET,SUCCESS,,0,True,False,False,,
TX04304,C0387,9970.56,2026-07-13 18:49:44.245926,WALLET,SUCCESS,,0,True,True,False,,
TX04305,C0119,3989.33,2026-06-17 20:06:44.245926,WALLET,SUCCESS,,0,True,False,False,,
TX04306,C0648,951.14,2026-06-25 16:15:44.245926,CARD,SUCCESS,,0,True,False,False,,
TX04307,C0862,8097.56,2026-09-01 04:30:44.245926,NETBANKING,SUCCESS,,0,True,False,False,,
TX04308,C0282,4421.39,2026-08-20 01:02:44.245926,UPI,SUCCESS,,0,True,False,False,,
TX04309,C0748,12712.45,2026-06-18 10:09:44.245926,UPI,SUCCESS,,0,True,True,False,,
TX04310,C0784,11238.3,2026-08-03 23:22:44.245926,CARD,SUCCESS,,0,True,False,False,,
TX04311,C0841,6720.76,2026-07-07 10:44:44.245926,NETBANKING,SUCCESS,,0,True,False,False,,
TX04312,C0088,1971.08,2026-07-02 13:11:44.245926,WALLET,FAILED,NETWORK_ERROR,1,True,False,True,0.8,False
TX04313,C0310,3261.56,2026-07-20 00:49:44.245926,CARD,SUCCESS,,0,True,False,False,,
TX04314,C0603,12634.76,2026-07-03 13:44:44.245926,CARD,FAILED,INSUFFICIENT_FUNDS,2,False,False,True,0.13,False
TX04315,C0974,8687.11,2026-06-18 22:24:44.245926,UPI,SUCCESS,,0,True,True,False,,
TX04316,C0444,2774.23,2026-08-24 14:11:44.245926,NETBANKING,FAILED,TIMEOUT,2,True,False,True,0.53,False
TX04317,C0340,4415.28,2026-07-16 05:55:44.245926,CARD,SUCCESS,,0,True,False,False,,
TX04318,C0665,13942.95,2026-06-23 12:58:44.245926,WALLET,SUCCESS,,0,True,True,False,,
TX04319,C0227,3129.31,2026-06-04 16:07:44.245926,WALLET,FAILED,TIMEOUT,0,True,False,True,0.85,True
TX04320,C0192,1570.84,2026-06-12 20:15:44.245926,CARD,FAILED,FRAUD_SUSPECTED,2,False,True,False,0.01,False
TX04321,C0918,2498.85,2026-08-14 08:18:44.245926,CARD,SUCCESS,,0,True,True,False,,
TX04322,C0793,5618.66,2026-07-05 09:10:44.245926,CARD,SUCCESS,,0,True,False,False,,
TX04323,C0256,8366.76,2026-08-19 12:53:44.245926,CARD,SUCCESS,,0,True,True,False,,
TX04324,C0017,2545.61,2026-06-16 14:21:44.245926,CARD,SUCCESS,,0,True,False,False,,
TX04325,C0671,9910.32,2026-06-15 06:44:44.245926,CARD,SUCCESS,,0,True,False,False,,
TX04326,C0150,8815.29,2026-09-01 17:02:44.245926,WALLET,SUCCESS,,0,True,True,False,,
TX04327,C0003,7231.44,2026-08-18 18:26:44.245926,CARD,SUCCESS,,0,True,False,False,,
TX04328,C0449,12244.51,2026-08-12 21:17:44.245926,NETBANKING,SUCCESS,,0,True,False,False,,
TX04329,C0500,4309.17,2026-08-16 05:06:44.245926,CARD,SUCCESS,,0,True,False,False,,
TX04330,C0035,6885.91,2026-08-04 12:43:44.245926,UPI,SUCCESS,,0,True,False,False,,
TX04331,C0630,7150.43,2026-07-15 02:21:44.245926,NETBANKING,SUCCESS,,0,True,False,False,,
TX04332,C0504,1337.84,2026-08-15 10:47:44.245926,CARD,SUCCESS,,0,True,False,False,,
TX04333,C0281,4913.96,2026-07-28 10:52:44.245926,WALLET,SUCCESS,,0,True,False,False,,
TX04334,C0890,13214.36,2026-07-24 00:28:44.245926,NETBANKING,FAILED,BANK_DECLINE,2,True,True,True,0.43,False
TX04335,C0809,5485.31,2026-06-10 08:14:44.245926,CARD,SUCCESS,,0,True,False,False,,
TX04336,C0352,8500.05,2026-07-01 23:30:44.245926,UPI,SUCCESS,,0,True,False,False,,
TX04337,C0008,11502.95,2026-07-31 12:47:44.245926,NETBANKING,FAILED,TIMEOUT,1,True,False,True,0.83,True
TX04338,C0468,6342.07,2026-07-22 05:50:44.245926,UPI,SUCCESS,,0,True,True,False,,
TX04339,C0627,548.34,2026-07-18 01:02:44.245926,CARD,SUCCESS,,0,True,False,False,,
TX04340,C0667,9027.06,2026-08-05 10:54:44.245926,NETBANKING,SUCCESS,,0,True,True,False,,
TX04341,C0818,9584.47,2026-08-04 05:44:44.245926,CARD,SUCCESS,,0,True,False,False,,
TX04342,C0791,5205.97,2026-06-12 11:23:44.245926,WALLET,SUCCESS,,0,True,False,False,,
TX04343,C0850,1766.59,2026-08-27 22:48:44.245926,UPI,FAILED,BANK_DECLINE,2,True,False,True,0.23000000000000004,False
TX04344,C0613,7807.93,2026-06-16 15:00:44.245926,WALLET,SUCCESS,,0,True,False,False,,
TX04345,C0564,12464.54,2026-06-05 02:04:44.245926,WALLET,SUCCESS,,0,True,False,False,,
TX04346,C0703,11478.25,2026-08-31 08:20:44.245926,WALLET,SUCCESS,,0,True,False,False,,
TX04347,C0106,992.01,2026-07-27 19:07:44.245926,WALLET,FAILED,NETWORK_ERROR,1,True,True,True,0.8,True
TX04348,C0418,13433.94,2026-06-24 19:48:44.245926,UPI,SUCCESS,,0,True,False,False,,
TX04349,C0457,10042.48,2026-08-20 18:31:44.245926,NETBANKING,SUCCESS,,0,True,False,False,,
TX04350,C0932,13561.17,2026-08-27 07:20:44.245926,UPI,SUCCESS,,0,True,True,False,,
TX04351,C0634,950.31,2026-07-19 02:55:44.245926,CARD,SUCCESS,,0,True,False,False,,
TX04352,C0248,6382.36,2026-07-21 15:30:44.245926,WALLET,SUCCESS,,0,True,False,False,,
TX04353,C0482,14949.19,2026-06-21 19:56:44.245926,CARD,FAILED,TIMEOUT,2,True,False,True,0.6499999999999999,False
TX04354,C0947,11559.35,2026-08-19 21:23:44.245926,UPI,SUCCESS,,0,True,False,False,,
TX04355,C0969,3504.9,2026-07-03 20:04:44.245926,WALLET,FAILED,TIMEOUT,2,True,False,True,0.53,False
TX04356,C0063,781.2,2026-06-16 00:04:44.245926,NETBANKING,SUCCESS,,0,True,False,False,,
TX04357,C0164,9382.65,2026-08-04 22:20:44.245926,NETBANKING,SUCCESS,,0,True,False,False,,
TX04358,C0622,4325.57,2026-08-18 06:44:44.245926,UPI,SUCCESS,,0,True,False,False,,
TX04359,C0132,5704.37,2026-07-20 18:49:44.245926,WALLET,SUCCESS,,0,True,False,False,,
TX04360,C0774,1422.34,2026-06-10 06:15:44.245926,WALLET,SUCCESS,,0,True,False,False,,
TX04361,C0395,1055.67,2026-08-27 03:53:44.245926,CARD,SUCCESS,,0,True,False,False,,
TX04362,C0732,14062.27,2026-09-01 10:40:44.245926,NETBANKING,SUCCESS,,0,True,False,False,,
TX04363,C0068,1023.53,2026-07-10 21:47:44.245926,NETBANKING,SUCCESS,,0,True,False,False,,
TX04364,C0868,5067.2,2026-08-11 17:11:44.245926,WALLET,SUCCESS,,0,True,False,False,,
TX04365,C0794,8147.08,2026-06-11 05:45:44.245926,UPI,FAILED,INSUFFICIENT_FUNDS,2,True,False,True,0.33,False
TX04366,C0476,1085.52,2026-08-23 18:29:44.245926,CARD,SUCCESS,,0,True,True,False,,
TX04367,C0779,4747.53,2026-08-14 06:12:44.245926,NETBANKING,SUCCESS,,0,True,False,False,,
TX04368,C0398,7831.96,2026-06-28 10:05:44.245926,WALLET,SUCCESS,,0,True,False,False,,
TX04369,C0804,12210.02,2026-06-06 16:43:44.245926,CARD,SUCCESS,,0,True,False,False,,
TX04370,C0580,12345.22,2026-07-12 23:18:44.245926,WALLET,FAILED,INSUFFICIENT_FUNDS,1,False,True,True,0.43000000000000005,False
TX04371,C0032,2280.27,2026-07-03 12:12:44.245926,NETBANKING,SUCCESS,,0,True,False,False,,
TX04372,C0269,7738.67,2026-06-23 09:44:44.245926,UPI,SUCCESS,,0,True,False,False,,
TX04373,C0772,14190.08,2026-07-07 18:20:44.245926,CARD,SUCCESS,,0,True,False,False,,
TX04374,C0549,9140.87,2026-08-07 11:04:44.245926,UPI,SUCCESS,,0,True,False,False,,
TX04375,C0550,3732.76,2026-07-20 18:42:44.245926,UPI,SUCCESS,,0,True,False,False,,
TX04376,C0027,11222.68,2026-08-08 03:09:44.245926,CARD,SUCCESS,,0,True,True,False,,
TX04377,C0646,1604.31,2026-07-25 08:17:44.245926,WALLET,SUCCESS,,0,True,False,False,,
TX04378,C0660,4773.21,2026-06-19 08:14:44.245926,WALLET,SUCCESS,,0,True,False,False,,
TX04379,C0051,2873.24,2026-06-12 16:19:44.245926,WALLET,SUCCESS,,0,True,False,False,,
TX04380,C0629,5780.87,2026-07-24 12:09:44.245926,WALLET,FAILED,TIMEOUT,2,True,False,True,0.6499999999999999,True
TX04381,C0281,14216.99,2026-08-26 07:26:44.245926,WALLET,SUCCESS,,0,True,True,False,,
TX04382,C0572,5949.22,2026-07-17 07:28:44.245926,CARD,SUCCESS,,0,True,False,False,,
TX04383,C0233,10989.18,2026-07-05 21:10:44.245926,NETBANKING,SUCCESS,,0,True,False,False,,
TX04384,C0177,8308.11,2026-08-02 15:17:44.245926,CARD,SUCCESS,,0,True,True,False,,
TX04385,C0112,4235.7,2026-08-28 06:25:44.245926,NETBANKING,SUCCESS,,0,True,False,False,,
TX04386,C0451,6543.01,2026-07-14 16:08:44.245926,NETBANKING,SUCCESS,,0,True,True,False,,
TX04387,C0279,2674.96,2026-06-19 12:24:44.245926,NETBANKING,SUCCESS,,0,True,True,False,,
TX04388,C0901,6246.0,2026-07-24 16:08:44.245926,WALLET,SUCCESS,,0,True,True,False,,
TX04389,C0688,4514.19,2026-06-13 10:41:44.245926,CARD,FAILED,NETWORK_ERROR,1,True,False,True,0.68,True
TX04390,C0762,10666.93,2026-06-27 16:03:44.245926,CARD,FAILED,EXPIRED_CARD,0,True,False,True,0.08000000000000002,False
TX04391,C0645,2188.38,2026-08-17 04:57:44.245926,NETBANKING,SUCCESS,,0,True,False,False,,
TX04392,C0747,6254.5,2026-08-03 22:10:44.245926,UPI,SUCCESS,,0,True,False,False,,
TX04393,C0113,3258.85,2026-08-28 11:33:44.245926,NETBANKING,SUCCESS,,0,True,True,False,,
TX04394,C0062,14437.62,2026-08-01 04:35:44.245926,UPI,SUCCESS,,0,True,False,False,,
TX04395,C0181,734.68,2026-08-09 12:40:44.245926,UPI,FAILED,BANK_DECLINE,1,True,False,True,0.53,True
TX04396,C0531,5843.54,2026-07-16 06:52:44.245926,UPI,SUCCESS,,0,True,True,False,,
TX04397,C0503,14852.23,2026-07-12 02:46:44.245926,CARD,SUCCESS,,0,True,False,False,,
TX04398,C0032,2351.38,2026-07-02 23:25:44.245926,NETBANKING,SUCCESS,,0,True,False,False,,
TX04399,C0198,4384.91,2026-08-17 07:00:44.245926,WALLET,FAILED,FRAUD_SUSPECTED,0,True,True,False,0.01,False
TX04400,C0347,14689.07,2026-06-28 21:35:44.245926,NETBANKING,SUCCESS,,0,True,False,False,,
TX04401,C0812,1363.85,2026-09-02 10:14:44.245926,WALLET,SUCCESS,,0,True,True,False,,
TX04402,C0374,6523.64,2026-06-24 12:49:44.245926,WALLET,SUCCESS,,0,True,False,False,,
TX04403,C0697,9372.8,2026-06-05 21:57:44.245926,WALLET,SUCCESS,,0,True,True,False,,
TX04404,C0435,9329.74,2026-07-04 05:53:44.245926,NETBANKING,SUCCESS,,0,True,True,False,,
TX04405,C0757,12269.51,2026-06-15 09:28:44.245926,UPI,SUCCESS,,0,True,False,False,,
TX04406,C0156,2713.81,2026-06-26 18:34:44.245926,WALLET,SUCCESS,,0,True,False,False,,
TX04407,C0086,7031.44,2026-08-20 22:44:44.245926,UPI,SUCCESS,,0,True,False,False,,
TX04408,C0093,13260.73,2026-06-17 04:45:44.245926,UPI,SUCCESS,,0,True,False,False,,
TX04409,C0528,1072.43,2026-07-24 11:16:44.245926,WALLET,SUCCESS,,0,True,False,False,,
TX04410,C0021,2185.14,2026-06-24 07:18:44.245926,NETBANKING,SUCCESS,,0,True,True,False,,
TX04411,C0117,11331.44,2026-08-10 08:27:44.245926,UPI,SUCCESS,,0,True,False,False,,
TX04412,C0686,9301.41,2026-07-04 22:11:44.245926,UPI,SUCCESS,,0,True,False,False,,
TX04413,C0643,9698.57,2026-07-18 16:17:44.245926,UPI,SUCCESS,,0,True,False,False,,
TX04414,C0569,13247.74,2026-08-17 08:17:44.245926,CARD,SUCCESS,,0,True,True,False,,
TX04415,C0137,686.99,2026-08-27 20:23:44.245926,UPI,SUCCESS,,0,True,False,False,,
TX04416,C0551,12270.99,2026-07-03 21:06:44.245926,UPI,SUCCESS,,0,True,True,False,,
TX04417,C0880,12083.25,2026-07-05 16:34:44.245926,CARD,SUCCESS,,0,True,True,False,,
TX04418,C0282,3361.81,2026-08-28 17:08:44.245926,UPI,SUCCESS,,0,True,False,False,,
TX04419,C0330,4541.66,2026-08-05 15:28:44.245926,UPI,SUCCESS,,0,True,False,False,,
TX04420,C0959,7372.33,2026-06-20 21:08:44.245926,WALLET,SUCCESS,,0,True,False,False,,
TX04421,C0428,8718.14,2026-07-01 19:33:44.245926,WALLET,SUCCESS,,0,True,False,False,,
TX04422,C0304,3731.35,2026-06-27 10:41:44.245926,CARD,SUCCESS,,0,True,False,False,,
TX04423,C0650,11048.86,2026-08-06 18:35:44.245926,NETBANKING,SUCCESS,,0,True,True,False,,
TX04424,C0802,4598.44,2026-08-18 22:39:44.245926,UPI,SUCCESS,,0,True,True,False,,
TX04425,C0918,1982.51,2026-08-06 20:36:44.245926,CARD,SUCCESS,,0,True,False,False,,
TX04426,C0635,7900.76,2026-07-28 02:47:44.245926,WALLET,SUCCESS,,0,True,False,False,,
TX04427,C0865,2269.99,2026-08-06 02:05:44.245926,UPI,SUCCESS,,0,True,True,False,,
TX04428,C0390,5036.79,2026-06-26 15:24:44.245926,WALLET,SUCCESS,,0,True,False,False,,
TX04429,C0803,6546.41,2026-07-21 05:10:44.245926,CARD,FAILED,NETWORK_ERROR,2,True,True,True,0.5800000000000001,True
TX04430,C0625,10541.64,2026-07-18 04:11:44.245926,CARD,SUCCESS,,0,True,False,False,,
TX04431,C0784,3330.12,2026-06-12 02:51:44.245926,CARD,SUCCESS,,0,True,False,False,,
TX04432,C0628,3977.51,2026-07-13 20:52:44.245926,CARD,FAILED,BANK_DECLINE,1,True,False,True,0.45000000000000007,True
TX04433,C0508,8363.0,2026-07-24 09:32:44.245926,UPI,SUCCESS,,0,True,False,False,,
TX04434,C0951,10169.4,2026-07-31 20:49:44.245926,UPI,SUCCESS,,0,True,False,False,,
TX04435,C0356,2194.45,2026-08-12 17:04:44.245926,NETBANKING,SUCCESS,,0,True,False,False,,
TX04436,C0315,9742.03,2026-08-02 18:20:44.245926,NETBANKING,SUCCESS,,0,True,False,False,,
TX04437,C0827,6588.86,2026-07-27 01:45:44.245926,NETBANKING,SUCCESS,,0,True,False,False,,
TX04438,C0933,12186.94,2026-06-11 00:11:44.245926,UPI,SUCCESS,,0,True,False,False,,
TX04439,C0143,10688.91,2026-06-22 07:14:44.245926,NETBANKING,SUCCESS,,0,True,True,False,,
TX04440,C0517,3014.89,2026-06-09 09:09:44.245926,CARD,SUCCESS,,0,True,True,False,,
TX04441,C0338,13151.9,2026-09-01 08:33:44.245926,UPI,SUCCESS,,0,True,False,False,,
TX04442,C0351,13676.32,2026-06-06 03:53:44.245926,CARD,FAILED,INSUFFICIENT_FUNDS,0,True,True,True,0.45,False
TX04443,C0166,701.43,2026-07-11 15:50:44.245926,CARD,SUCCESS,,0,True,False,False,,
TX04444,C0283,1408.2,2026-07-03 13:12:44.245926,CARD,SUCCESS,,0,True,False,False,,
TX04445,C0880,580.67,2026-09-01 22:18:44.245926,CARD,SUCCESS,,0,True,False,False,,
TX04446,C0674,3972.78,2026-08-20 16:55:44.245926,NETBANKING,SUCCESS,,0,True,False,False,,
TX04447,C0647,2294.55,2026-06-16 21:09:44.245926,WALLET,SUCCESS,,0,True,False,False,,
TX04448,C0500,4996.89,2026-08-22 13:10:44.245926,CARD,SUCCESS,,0,True,False,False,,
TX04449,C0619,10073.14,2026-06-08 17:46:44.245926,WALLET,SUCCESS,,0,True,False,False,,
TX04450,C0250,704.71,2026-08-30 21:45:44.245926,WALLET,SUCCESS,,0,True,False,False,,
TX04451,C0194,981.45,2026-06-11 07:40:44.245926,CARD,SUCCESS,,0,True,True,False,,
TX04452,C0990,8152.52,2026-06-23 11:24:44.245926,UPI,SUCCESS,,0,True,True,False,,
TX04453,C0501,3649.03,2026-06-20 07:28:44.245926,CARD,SUCCESS,,0,True,False,False,,
TX04454,C0371,14343.75,2026-06-15 01:42:44.245926,WALLET,SUCCESS,,0,True,False,False,,
TX04455,C0359,11074.18,2026-06-27 13:54:44.245926,WALLET,SUCCESS,,0,True,False,False,,
TX04456,C0691,10285.34,2026-07-04 18:41:44.245926,NETBANKING,FAILED,NETWORK_ERROR,1,True,False,True,0.8,True
TX04457,C0342,6807.96,2026-08-15 15:07:44.245926,WALLET,SUCCESS,,0,True,True,False,,
TX04458,C0991,7826.38,2026-07-13 12:43:44.245926,WALLET,SUCCESS,,0,True,True,False,,
TX04459,C0139,1101.28,2026-08-17 04:40:44.245926,WALLET,SUCCESS,,0,True,False,False,,
TX04460,C0154,6727.8,2026-07-15 18:03:44.245926,NETBANKING,SUCCESS,,0,True,False,False,,
TX04461,C0334,13602.19,2026-08-18 04:03:44.245926,CARD,SUCCESS,,0,True,True,False,,
TX04462,C0222,8387.15,2026-07-31 08:12:44.245926,UPI,SUCCESS,,0,True,False,False,,
TX04463,C0828,12506.55,2026-07-06 20:50:44.245926,NETBANKING,SUCCESS,,0,True,False,False,,
TX04464,C0755,5218.74,2026-06-20 14:34:44.245926,NETBANKING,SUCCESS,,0,True,False,False,,
TX04465,C0234,6242.98,2026-08-17 13:03:44.245926,NETBANKING,FAILED,TIMEOUT,0,True,False,True,0.85,True
TX04466,C0967,11876.75,2026-08-22 20:20:44.245926,UPI,SUCCESS,,0,True,False,False,,
TX04467,C0243,13767.0,2026-07-12 08:31:44.245926,WALLET,SUCCESS,,0,True,False,False,,
TX04468,C0550,11806.52,2026-07-08 01:48:44.245926,UPI,SUCCESS,,0,True,True,False,,
TX04469,C0712,8849.59,2026-07-08 04:51:44.245926,WALLET,SUCCESS,,0,True,True,False,,
TX04470,C0144,11728.58,2026-08-29 19:44:44.245926,UPI,SUCCESS,,0,True,False,False,,
TX04471,C0260,6684.24,2026-07-03 08:53:44.245926,NETBANKING,SUCCESS,,0,True,False,False,,
TX04472,C0150,8549.54,2026-08-07 01:06:44.245926,WALLET,SUCCESS,,0,True,False,False,,
TX04473,C0175,2171.04,2026-08-01 03:13:44.245926,NETBANKING,FAILED,EXPIRED_CARD,2,True,True,True,0.01,False
TX04474,C0633,13198.22,2026-08-07 19:18:44.245926,NETBANKING,SUCCESS,,0,True,False,False,,
TX04475,C0997,13879.55,2026-06-18 03:58:44.245926,NETBANKING,SUCCESS,,0,True,False,False,,
TX04476,C0913,1502.4,2026-08-01 18:52:44.245926,CARD,SUCCESS,,0,True,False,False,,
TX04477,C0212,14029.97,2026-08-29 23:57:44.245926,NETBANKING,SUCCESS,,0,True,True,False,,
TX04478,C0056,13988.94,2026-07-03 22:25:44.245926,UPI,SUCCESS,,0,True,False,False,,
TX04479,C0590,4513.3,2026-07-24 08:57:44.245926,NETBANKING,FAILED,TIMEOUT,2,True,True,True,0.73,True
TX04480,C0417,6081.46,2026-07-23 10:50:44.245926,WALLET,SUCCESS,,0,True,True,False,,
TX04481,C0913,8976.49,2026-06-25 23:01:44.245926,CARD,SUCCESS,,0,True,False,False,,
TX04482,C0055,11456.08,2026-08-15 02:37:44.245926,UPI,SUCCESS,,0,True,False,False,,
TX04483,C0907,5510.92,2026-06-24 21:20:44.245926,CARD,SUCCESS,,0,True,False,False,,
TX04484,C0736,1792.14,2026-08-25 02:04:44.245926,WALLET,SUCCESS,,0,True,False,False,,
TX04485,C0875,10511.18,2026-06-12 11:45:44.245926,UPI,SUCCESS,,0,True,True,False,,
TX04486,C0648,12154.12,2026-07-17 14:07:44.245926,CARD,SUCCESS,,0,True,True,False,,
TX04487,C0017,10459.66,2026-08-13 23:43:44.245926,CARD,SUCCESS,,0,True,False,False,,
TX04488,C0640,1702.66,2026-07-23 06:15:44.245926,CARD,SUCCESS,,0,True,False,False,,
TX04489,C0964,14396.21,2026-08-25 17:08:44.245926,CARD,SUCCESS,,0,True,False,False,,
TX04490,C0484,2357.09,2026-08-10 01:34:44.245926,UPI,SUCCESS,,0,True,False,False,,
TX04491,C0154,2237.68,2026-06-15 14:15:44.245926,NETBANKING,SUCCESS,,0,True,False,False,,
TX04492,C0880,3187.95,2026-08-13 08:52:44.245926,CARD,SUCCESS,,0,True,False,False,,
TX04493,C0590,6133.85,2026-07-03 20:58:44.245926,NETBANKING,SUCCESS,,0,True,False,False,,
TX04494,C0874,11305.38,2026-08-19 02:47:44.245926,NETBANKING,SUCCESS,,0,True,False,False,,
TX04495,C0218,10627.21,2026-07-05 19:11:44.245926,WALLET,SUCCESS,,0,True,False,False,,
TX04496,C0856,12294.39,2026-07-28 20:42:44.245926,UPI,SUCCESS,,0,True,True,False,,
TX04497,C0574,13981.99,2026-08-21 18:38:44.245926,WALLET,SUCCESS,,0,True,False,False,,
TX04498,C0925,4718.46,2026-06-24 00:51:44.245926,UPI,SUCCESS,,0,True,False,False,,
TX04499,C0024,7732.72,2026-08-03 23:16:44.245926,NETBANKING,SUCCESS,,0,True,True,False,,
TX04500,C0785,2968.37,2026-07-12 02:13:44.245926,CARD,SUCCESS,,0,True,False,False,,
TX04501,C0679,4594.34,2026-07-16 07:55:44.245926,NETBANKING,SUCCESS,,0,True,True,False,,
TX04502,C0872,14846.74,2026-06-06 18:33:44.245926,NETBANKING,SUCCESS,,0,True,False,False,,
TX04503,C0393,3595.69,2026-07-04 08:36:44.245926,UPI,SUCCESS,,0,True,True,False,,
TX04504,C0545,1841.73,2026-07-09 21:50:44.245926,WALLET,SUCCESS,,0,True,True,False,,
TX04505,C0798,11668.35,2026-06-06 22:50:44.245926,UPI,SUCCESS,,0,True,True,False,,
TX04506,C0212,3929.41,2026-07-29 04:58:44.245926,NETBANKING,SUCCESS,,0,True,False,False,,
TX04507,C0133,11492.85,2026-06-11 20:17:44.245926,WALLET,SUCCESS,,0,True,True,False,,
TX04508,C0758,14589.32,2026-06-24 01:19:44.245926,NETBANKING,SUCCESS,,0,True,False,False,,
TX04509,C0689,12548.49,2026-08-03 05:27:44.245926,CARD,SUCCESS,,0,True,False,False,,
TX04510,C0212,4322.39,2026-08-15 18:26:44.245926,NETBANKING,FAILED,NETWORK_ERROR,0,True,False,True,0.9,True
TX04511,C0728,1212.52,2026-06-10 22:07:44.245926,NETBANKING,SUCCESS,,0,True,False,False,,
TX04512,C0053,3482.7,2026-06-11 04:08:44.245926,UPI,SUCCESS,,0,True,False,False,,
TX04513,C0006,1639.77,2026-07-10 21:29:44.245926,UPI,FAILED,NETWORK_ERROR,1,True,False,True,0.8,True
TX04514,C0371,666.25,2026-08-20 16:05:44.245926,WALLET,SUCCESS,,0,True,False,False,,
TX04515,C0448,2674.78,2026-08-26 10:39:44.245926,UPI,FAILED,NETWORK_ERROR,2,True,False,True,0.5800000000000001,False
TX04516,C0862,6241.72,2026-07-23 23:42:44.245926,NETBANKING,FAILED,FRAUD_SUSPECTED,2,False,False,False,0.01,False
TX04517,C0832,2422.38,2026-08-30 08:25:44.245926,NETBANKING,SUCCESS,,0,True,False,False,,
TX04518,C0407,7678.58,2026-08-11 01:10:44.245926,UPI,SUCCESS,,0,True,False,False,,
TX04519,C0224,4138.66,2026-06-18 15:19:44.245926,NETBANKING,SUCCESS,,0,True,False,False,,
TX04520,C0236,3202.98,2026-07-13 04:07:44.245926,UPI,SUCCESS,,0,True,True,False,,
TX04521,C0237,14770.24,2026-06-13 04:45:44.245926,NETBANKING,SUCCESS,,0,True,False,False,,
TX04522,C0953,8997.67,2026-06-23 03:24:44.245926,NETBANKING,FAILED,FRAUD_SUSPECTED,1,True,False,False,0.01,False
TX04523,C0463,13291.27,2026-08-15 10:01:44.245926,UPI,FAILED,BANK_DECLINE,0,False,True,True,0.55,False
TX04524,C0331,13915.48,2026-08-17 19:15:44.245926,UPI,SUCCESS,,0,True,True,False,,
TX04525,C0457,13621.32,2026-08-04 08:09:44.245926,NETBANKING,SUCCESS,,0,True,False,False,,
TX04526,C0794,14012.93,2026-07-25 00:30:44.245926,UPI,SUCCESS,,0,True,False,False,,
TX04527,C0637,1652.63,2026-06-16 12:10:44.245926,WALLET,SUCCESS,,0,True,False,False,,
TX04528,C0851,9590.41,2026-07-03 07:25:44.245926,NETBANKING,SUCCESS,,0,True,True,False,,
TX04529,C0764,10548.85,2026-08-13 18:28:44.245926,NETBANKING,SUCCESS,,0,True,False,False,,
TX04530,C0598,6711.26,2026-08-20 17:38:44.245926,UPI,SUCCESS,,0,True,False,False,,
TX04531,C0360,4630.09,2026-07-13 11:11:44.245926,CARD,SUCCESS,,0,True,True,False,,
TX04532,C0656,8445.38,2026-08-31 04:32:44.245926,CARD,SUCCESS,,0,True,True,False,,
TX04533,C0462,7639.96,2026-07-30 09:26:44.245926,WALLET,FAILED,FRAUD_SUSPECTED,2,False,False,False,0.01,False
TX04534,C0522,3967.7,2026-06-18 06:11:44.245926,UPI,SUCCESS,,0,True,True,False,,
TX04535,C0080,1003.91,2026-08-08 01:40:44.245926,UPI,SUCCESS,,0,True,True,False,,
TX04536,C0067,3501.59,2026-06-09 02:57:44.245926,UPI,FAILED,TIMEOUT,2,True,False,True,0.6499999999999999,False
TX04537,C0041,4023.08,2026-07-05 19:01:44.245926,CARD,SUCCESS,,0,True,False,False,,
TX04538,C0913,2879.86,2026-08-03 03:42:44.245926,CARD,FAILED,BANK_DECLINE,1,False,False,True,0.45000000000000007,True
TX04539,C0149,10893.76,2026-06-10 08:41:44.245926,UPI,SUCCESS,,0,True,False,False,,
TX04540,C0652,8279.21,2026-08-07 14:18:44.245926,CARD,SUCCESS,,0,True,False,False,,
TX04541,C0485,13749.05,2026-07-07 02:41:44.245926,CARD,SUCCESS,,0,True,False,False,,
TX04542,C0349,7748.25,2026-09-01 19:50:44.245926,WALLET,SUCCESS,,0,True,False,False,,
TX04543,C0610,1157.81,2026-07-08 01:18:44.245926,WALLET,SUCCESS,,0,True,True,False,,
TX04544,C0106,10601.12,2026-07-05 11:01:44.245926,WALLET,FAILED,TIMEOUT,1,False,True,True,0.75,False
TX04545,C0322,7721.53,2026-08-24 03:17:44.245926,WALLET,SUCCESS,,0,True,True,False,,
TX04546,C0820,6889.35,2026-08-09 09:10:44.245926,NETBANKING,FAILED,NETWORK_ERROR,0,True,False,True,0.9,True
TX04547,C0800,680.59,2026-07-09 06:52:44.245926,NETBANKING,SUCCESS,,0,True,False,False,,
TX04548,C0089,10051.05,2026-06-12 00:00:44.245926,CARD,SUCCESS,,0,True,False,False,,
TX04549,C0797,13838.43,2026-06-14 13:40:44.245926,CARD,FAILED,EXPIRED_CARD,0,False,False,True,0.28,False
TX04550,C0249,12958.84,2026-06-28 04:08:44.245926,CARD,FAILED,NETWORK_ERROR,2,True,True,True,0.7,False
TX04551,C0595,14535.7,2026-09-01 16:32:44.245926,CARD,SUCCESS,,0,True,False,False,,
TX04552,C0354,9112.72,2026-08-04 15:22:44.245926,CARD,SUCCESS,,0,True,False,False,,
TX04553,C0166,11467.54,2026-07-18 16:03:44.245926,CARD,FAILED,NETWORK_ERROR,0,True,True,True,0.98,True
TX04554,C0084,2089.2,2026-08-22 15:37:44.245926,CARD,SUCCESS,,0,True,False,False,,
TX04555,C0984,3671.72,2026-07-24 17:00:44.245926,WALLET,SUCCESS,,0,True,True,False,,
TX04556,C0779,2578.84,2026-06-05 15:27:44.245926,NETBANKING,SUCCESS,,0,True,False,False,,
TX04557,C0231,13035.02,2026-07-22 07:46:44.245926,WALLET,SUCCESS,,0,True,True,False,,
TX04558,C0939,8988.51,2026-07-01 11:50:44.245926,UPI,FAILED,NETWORK_ERROR,1,True,False,True,0.8,True
TX04559,C0064,12097.25,2026-06-25 05:08:44.245926,CARD,SUCCESS,,0,True,False,False,,
TX04560,C0067,10656.61,2026-08-28 15:26:44.245926,UPI,SUCCESS,,0,True,True,False,,
TX04561,C0552,12442.83,2026-08-29 12:34:44.245926,UPI,SUCCESS,,0,True,False,False,,
TX04562,C0148,14517.58,2026-08-29 08:10:44.245926,UPI,SUCCESS,,0,True,False,False,,
TX04563,C0581,11562.31,2026-07-22 17:49:44.245926,NETBANKING,SUCCESS,,0,True,False,False,,
TX04564,C0496,412.54,2026-08-28 01:09:44.245926,CARD,FAILED,TIMEOUT,0,True,False,True,0.73,False
TX04565,C0496,14714.0,2026-07-28 22:46:44.245926,CARD,SUCCESS,,0,True,False,False,,
TX04566,C0201,729.4,2026-08-27 18:56:44.245926,UPI,SUCCESS,,0,True,False,False,,
TX04567,C0844,648.83,2026-07-01 18:15:44.245926,NETBANKING,SUCCESS,,0,True,True,False,,
TX04568,C0638,13040.81,2026-08-29 07:11:44.245926,NETBANKING,SUCCESS,,0,True,False,False,,
TX04569,C0427,9314.99,2026-08-22 18:41:44.245926,CARD,SUCCESS,,0,True,False,False,,
TX04570,C0685,7804.92,2026-08-25 22:43:44.245926,NETBANKING,FAILED,NETWORK_ERROR,2,True,False,True,0.5800000000000001,True
TX04571,C0767,11071.63,2026-07-31 16:20:44.245926,CARD,SUCCESS,,0,True,True,False,,
TX04572,C0638,1549.54,2026-07-20 20:39:44.245926,NETBANKING,SUCCESS,,0,True,False,False,,
TX04573,C0597,3582.11,2026-07-09 12:52:44.245926,WALLET,FAILED,NETWORK_ERROR,1,True,False,True,0.88,False
TX04574,C0689,10203.22,2026-06-25 03:19:44.245926,CARD,FAILED,BANK_DECLINE,2,True,True,True,0.35000000000000003,False
TX04575,C0971,9422.31,2026-08-25 19:28:44.245926,WALLET,FAILED,INSUFFICIENT_FUNDS,1,False,False,True,0.35,False
TX04576,C0646,8762.92,2026-07-03 11:24:44.245926,WALLET,SUCCESS,,0,True,False,False,,
TX04577,C0329,14379.98,2026-08-26 17:27:44.245926,CARD,SUCCESS,,0,True,False,False,,
TX04578,C0870,8710.83,2026-08-06 23:12:44.245926,UPI,SUCCESS,,0,True,False,False,,
TX04579,C0128,4390.38,2026-07-26 20:47:44.245926,CARD,SUCCESS,,0,True,False,False,,
TX04580,C0272,6460.8,2026-08-31 06:12:44.245926,UPI,SUCCESS,,0,True,False,False,,
TX04581,C0408,10435.22,2026-07-07 03:33:44.245926,UPI,SUCCESS,,0,True,False,False,,
TX04582,C0709,12074.74,2026-07-13 12:10:44.245926,CARD,SUCCESS,,0,True,True,False,,
TX04583,C0336,1012.52,2026-07-04 14:59:44.245926,WALLET,SUCCESS,,0,True,False,False,,
TX04584,C0245,6949.5,2026-06-29 07:51:44.245926,NETBANKING,SUCCESS,,0,True,False,False,,
TX04585,C0560,1520.02,2026-07-03 10:07:44.245926,NETBANKING,FAILED,NETWORK_ERROR,1,True,False,True,0.68,True
TX04586,C0590,8939.86,2026-07-24 16:11:44.245926,NETBANKING,SUCCESS,,0,True,True,False,,
TX04587,C0123,9634.77,2026-07-21 01:13:44.245926,CARD,SUCCESS,,0,True,False,False,,
TX04588,C0947,6157.48,2026-07-30 07:30:44.245926,UPI,SUCCESS,,0,True,True,False,,
TX04589,C0289,6147.21,2026-06-28 23:05:44.245926,UPI,SUCCESS,,0,True,False,False,,
TX04590,C0702,7633.79,2026-08-26 05:17:44.245926,UPI,SUCCESS,,0,True,True,False,,
TX04591,C0052,12230.4,2026-07-22 19:46:44.245926,UPI,FAILED,TIMEOUT,0,True,False,True,0.85,True
TX04592,C0669,7830.57,2026-08-13 05:46:44.245926,CARD,SUCCESS,,0,True,True,False,,
TX04593,C0806,10728.74,2026-07-02 11:06:44.245926,WALLET,SUCCESS,,0,True,True,False,,
TX04594,C0349,3925.03,2026-08-22 22:00:44.245926,WALLET,SUCCESS,,0,True,False,False,,
TX04595,C0904,8158.28,2026-07-03 03:31:44.245926,NETBANKING,SUCCESS,,0,True,False,False,,
TX04596,C0932,8898.9,2026-06-07 01:35:44.245926,UPI,SUCCESS,,0,True,False,False,,
TX04597,C0794,8577.56,2026-07-08 22:14:44.245926,UPI,SUCCESS,,0,True,True,False,,
TX04598,C0343,5723.16,2026-06-10 00:53:44.245926,WALLET,SUCCESS,,0,True,True,False,,
TX04599,C0322,3557.86,2026-06-17 14:07:44.245926,WALLET,SUCCESS,,0,True,False,False,,
TX04600,C0846,9116.82,2026-07-07 02:34:44.245926,NETBANKING,SUCCESS,,0,True,True,False,,
TX04601,C0298,1513.73,2026-08-01 16:51:44.245926,NETBANKING,SUCCESS,,0,True,False,False,,
TX04602,C0944,8022.8,2026-06-25 01:10:44.245926,NETBANKING,FAILED,NETWORK_ERROR,0,False,False,True,0.78,True
TX04603,C0803,13261.67,2026-07-30 15:03:44.245926,CARD,SUCCESS,,0,True,False,False,,
TX04604,C0185,1758.37,2026-07-01 08:11:44.245926,WALLET,SUCCESS,,0,True,False,False,,
TX04605,C0292,12489.54,2026-06-06 20:26:44.245926,WALLET,SUCCESS,,0,True,False,False,,
TX04606,C0580,8261.14,2026-08-13 10:48:44.245926,WALLET,SUCCESS,,0,True,True,False,,
TX04607,C0886,10362.11,2026-07-28 04:18:44.245926,CARD,SUCCESS,,0,True,True,False,,
TX04608,C0132,9180.62,2026-07-17 15:59:44.245926,WALLET,SUCCESS,,0,True,False,False,,
TX04609,C0702,6124.36,2026-09-02 05:04:44.245926,UPI,FAILED,NETWORK_ERROR,1,True,True,True,0.8,False
TX04610,C0501,2606.3,2026-06-08 13:19:44.245926,CARD,SUCCESS,,0,True,False,False,,
TX04611,C0315,12373.46,2026-06-05 03:15:44.245926,NETBANKING,SUCCESS,,0,True,True,False,,
TX04612,C0501,1699.73,2026-07-27 16:43:44.245926,CARD,SUCCESS,,0,True,True,False,,
TX04613,C0196,9751.91,2026-06-23 17:01:44.245926,NETBANKING,SUCCESS,,0,True,False,False,,
TX04614,C0910,9181.67,2026-06-12 03:49:44.245926,NETBANKING,SUCCESS,,0,True,False,False,,
TX04615,C0700,9798.08,2026-06-21 04:12:44.245926,UPI,SUCCESS,,0,True,False,False,,
TX04616,C0145,6625.22,2026-07-08 17:46:44.245926,UPI,SUCCESS,,0,True,True,False,,
TX04617,C0312,5835.62,2026-08-08 19:03:44.245926,NETBANKING,FAILED,INSUFFICIENT_FUNDS,2,True,False,True,0.25,False
TX04618,C0488,4843.83,2026-08-09 15:02:44.245926,WALLET,FAILED,TIMEOUT,2,True,True,True,0.6499999999999999,True
TX04619,C0847,5358.69,2026-08-16 14:36:44.245926,NETBANKING,FAILED,FRAUD_SUSPECTED,0,True,False,False,0.01,False
TX04620,C0690,7142.46,2026-08-14 14:38:44.245926,NETBANKING,FAILED,BANK_DECLINE,0,True,False,True,0.43000000000000005,True
TX04621,C0856,3902.42,2026-06-05 14:45:44.245926,UPI,SUCCESS,,0,True,False,False,,
TX04622,C0128,4646.91,2026-08-12 08:14:44.245926,CARD,SUCCESS,,0,True,False,False,,
TX04623,C0881,10579.7,2026-06-13 22:46:44.245926,CARD,SUCCESS,,0,True,False,False,,
TX04624,C0074,14618.31,2026-07-13 09:27:44.245926,CARD,FAILED,FRAUD_SUSPECTED,2,True,True,False,0.01,False
TX04625,C0918,13476.06,2026-07-12 12:00:44.245926,CARD,SUCCESS,,0,True,True,False,,
TX04626,C0004,8759.83,2026-07-24 20:25:44.245926,CARD,SUCCESS,,0,True,True,False,,
TX04627,C0724,5020.94,2026-07-24 06:35:44.245926,UPI,SUCCESS,,0,True,True,False,,
TX04628,C0881,12018.16,2026-07-31 07:54:44.245926,CARD,SUCCESS,,0,True,True,False,,
TX04629,C0173,1317.94,2026-06-14 19:27:44.245926,CARD,SUCCESS,,0,True,False,False,,
TX04630,C0249,10292.36,2026-07-14 15:48:44.245926,CARD,SUCCESS,,0,True,True,False,,
TX04631,C0879,7324.0,2026-07-13 08:44:44.245926,UPI,SUCCESS,,0,True,True,False,,
TX04632,C0745,2522.18,2026-08-05 16:48:44.245926,NETBANKING,SUCCESS,,0,True,False,False,,
TX04633,C0795,8910.87,2026-06-10 23:07:44.245926,NETBANKING,SUCCESS,,0,True,False,False,,
TX04634,C0650,9645.66,2026-08-09 00:33:44.245926,NETBANKING,SUCCESS,,0,True,False,False,,
TX04635,C0904,6387.05,2026-08-26 10:08:44.245926,NETBANKING,SUCCESS,,0,True,False,False,,
TX04636,C0337,12733.31,2026-07-29 15:06:44.245926,NETBANKING,SUCCESS,,0,True,False,False,,
TX04637,C0272,725.09,2026-08-11 09:20:44.245926,UPI,SUCCESS,,0,True,True,False,,
TX04638,C0665,11661.76,2026-06-26 19:19:44.245926,WALLET,FAILED,BANK_DECLINE,2,True,False,True,0.35000000000000003,False
TX04639,C0336,1375.3,2026-06-17 11:30:44.245926,WALLET,SUCCESS,,0,True,False,False,,
TX04640,C0363,9982.97,2026-07-20 03:45:44.245926,NETBANKING,SUCCESS,,0,True,False,False,,
TX04641,C0216,3367.77,2026-08-31 19:38:44.245926,UPI,SUCCESS,,0,True,False,False,,
TX04642,C0950,10790.0,2026-06-13 20:18:44.245926,NETBANKING,FAILED,BANK_DECLINE,2,True,False,True,0.23000000000000004,False
TX04643,C0522,13271.05,2026-07-05 11:13:44.245926,UPI,SUCCESS,,0,True,False,False,,
TX04644,C0401,2350.08,2026-06-13 00:34:44.245926,CARD,FAILED,NETWORK_ERROR,1,True,False,True,0.8,True
TX04645,C0481,10594.84,2026-07-10 05:01:44.245926,UPI,SUCCESS,,0,True,False,False,,
TX04646,C0764,13027.24,2026-08-23 06:08:44.245926,NETBANKING,SUCCESS,,0,True,True,False,,
TX04647,C0536,1235.12,2026-06-17 14:20:44.245926,UPI,FAILED,BANK_DECLINE,1,True,False,True,0.45000000000000007,True
TX04648,C0933,7488.43,2026-08-19 09:30:44.245926,UPI,FAILED,TIMEOUT,1,True,False,True,0.75,False
TX04649,C0226,4124.61,2026-07-14 14:41:44.245926,CARD,FAILED,BANK_DECLINE,2,True,False,True,0.23000000000000004,True
TX04650,C0794,10709.92,2026-08-19 00:51:44.245926,UPI,SUCCESS,,0,True,True,False,,
TX04651,C0205,9494.47,2026-07-03 02:35:44.245926,UPI,SUCCESS,,0,True,True,False,,
TX04652,C0171,2205.32,2026-07-26 02:22:44.245926,NETBANKING,SUCCESS,,0,True,False,False,,
TX04653,C0305,13953.5,2026-08-21 14:38:44.245926,UPI,SUCCESS,,0,True,True,False,,
TX04654,C0057,1097.28,2026-07-12 19:54:44.245926,CARD,FAILED,INSUFFICIENT_FUNDS,1,False,True,True,0.23,False
TX04655,C0539,11173.52,2026-08-07 08:33:44.245926,UPI,FAILED,NETWORK_ERROR,1,True,False,True,0.88,True
TX04656,C0656,2335.7,2026-06-16 08:50:44.245926,CARD,SUCCESS,,0,True,False,False,,
TX04657,C0910,13069.54,2026-08-03 05:21:44.245926,NETBANKING,SUCCESS,,0,True,False,False,,
TX04658,C0831,2465.96,2026-06-22 06:35:44.245926,CARD,SUCCESS,,0,True,False,False,,
TX04659,C0762,8386.53,2026-08-21 10:53:44.245926,CARD,SUCCESS,,0,True,False,False,,
TX04660,C0340,10121.51,2026-08-07 01:44:44.245926,CARD,FAILED,NETWORK_ERROR,1,False,False,True,0.8,True
TX04661,C0047,5791.63,2026-08-22 02:09:44.245926,UPI,SUCCESS,,0,True,False,False,,
TX04662,C0639,1063.51,2026-06-06 15:36:44.245926,WALLET,FAILED,NETWORK_ERROR,2,True,False,True,0.5800000000000001,True
TX04663,C0275,12660.88,2026-08-29 08:19:44.245926,WALLET,SUCCESS,,0,True,False,False,,
TX04664,C0088,3872.33,2026-07-14 22:09:44.245926,WALLET,SUCCESS,,0,True,False,False,,
TX04665,C0445,10493.21,2026-08-27 18:34:44.245926,UPI,SUCCESS,,0,True,False,False,,
TX04666,C0748,4954.85,2026-08-08 18:40:44.245926,UPI,SUCCESS,,0,True,False,False,,
TX04667,C0792,11559.28,2026-07-14 23:23:44.245926,WALLET,SUCCESS,,0,True,True,False,,
TX04668,C0141,9563.06,2026-08-04 12:17:44.245926,WALLET,SUCCESS,,0,True,True,False,,
TX04669,C0653,14699.13,2026-07-21 19:07:44.245926,WALLET,FAILED,TIMEOUT,0,True,False,True,0.85,False
TX04670,C0905,697.88,2026-08-29 20:07:44.245926,CARD,FAILED,EXPIRED_CARD,2,True,False,True,0.01,False
TX04671,C0150,12311.47,2026-08-13 19:50:44.245926,WALLET,SUCCESS,,0,True,False,False,,
TX04672,C0683,3307.51,2026-08-11 23:03:44.245926,WALLET,SUCCESS,,0,True,True,False,,
TX04673,C0463,10232.72,2026-07-09 03:02:44.245926,UPI,FAILED,NETWORK_ERROR,2,True,False,True,0.7,False
TX04674,C0540,10939.59,2026-08-01 12:42:44.245926,WALLET,SUCCESS,,0,True,True,False,,
TX04675,C0340,428.29,2026-07-04 23:44:44.245926,CARD,SUCCESS,,0,True,False,False,,
TX04676,C0968,13785.11,2026-08-24 12:20:44.245926,WALLET,SUCCESS,,0,True,False,False,,
TX04677,C0655,2256.29,2026-07-25 15:01:44.245926,NETBANKING,SUCCESS,,0,True,False,False,,
TX04678,C0225,4415.0,2026-08-08 13:02:44.245926,WALLET,FAILED,EXPIRED_CARD,0,False,False,True,0.2,True
TX04679,C0959,1675.65,2026-07-25 18:35:44.245926,WALLET,SUCCESS,,0,True,False,False,,
TX04680,C0949,12425.59,2026-08-31 15:45:44.245926,CARD,SUCCESS,,0,True,False,False,,
TX04681,C0117,1891.73,2026-07-04 15:30:44.245926,UPI,SUCCESS,,0,True,False,False,,
TX04682,C0913,5371.22,2026-08-25 07:57:44.245926,CARD,SUCCESS,,0,True,False,False,,
TX04683,C0427,10714.68,2026-06-09 21:47:44.245926,CARD,SUCCESS,,0,True,False,False,,
TX04684,C0519,14289.38,2026-08-10 05:34:44.245926,UPI,SUCCESS,,0,True,False,False,,
TX04685,C0814,11005.32,2026-06-07 16:43:44.245926,NETBANKING,SUCCESS,,0,True,False,False,,
TX04686,C0192,1200.39,2026-06-10 00:53:44.245926,CARD,SUCCESS,,0,True,False,False,,
TX04687,C0891,6263.3,2026-08-24 18:50:44.245926,WALLET,SUCCESS,,0,True,False,False,,
TX04688,C0844,3439.58,2026-07-04 11:57:44.245926,NETBANKING,SUCCESS,,0,True,True,False,,
TX04689,C0741,1814.51,2026-07-21 07:49:44.245926,CARD,SUCCESS,,0,True,False,False,,
TX04690,C0904,7033.8,2026-07-06 12:12:44.245926,NETBANKING,SUCCESS,,0,True,False,False,,
TX04691,C0090,9479.64,2026-06-05 12:56:44.245926,WALLET,SUCCESS,,0,True,True,False,,
TX04692,C0081,13991.53,2026-07-09 03:56:44.245926,UPI,SUCCESS,,0,True,False,False,,
TX04693,C0990,12659.69,2026-07-15 11:28:44.245926,UPI,SUCCESS,,0,True,False,False,,
TX04694,C0996,14442.38,2026-07-29 19:18:44.245926,WALLET,SUCCESS,,0,True,True,False,,
TX04695,C0540,11917.55,2026-08-03 06:02:44.245926,WALLET,FAILED,NETWORK_ERROR,2,True,False,True,0.5800000000000001,True
TX04696,C0958,1811.61,2026-06-12 22:44:44.245926,CARD,SUCCESS,,0,True,True,False,,
TX04697,C0169,6022.15,2026-09-01 17:36:44.245926,NETBANKING,SUCCESS,,0,True,False,False,,
TX04698,C0791,1958.49,2026-07-26 05:08:44.245926,WALLET,FAILED,BANK_DECLINE,1,True,False,True,0.53,False
TX04699,C0203,3228.33,2026-07-12 02:41:44.245926,WALLET,SUCCESS,,0,True,True,False,,
TX04700,C0696,10875.43,2026-08-22 03:56:44.245926,CARD,FAILED,NETWORK_ERROR,2,True,False,True,0.7,True
TX04701,C0615,8944.52,2026-07-12 20:31:44.245926,WALLET,SUCCESS,,0,True,False,False,,
TX04702,C0796,8317.86,2026-06-26 22:04:44.245926,UPI,SUCCESS,,0,True,False,False,,
TX04703,C0370,3937.74,2026-08-03 04:01:44.245926,UPI,SUCCESS,,0,True,False,False,,
TX04704,C0920,2697.49,2026-06-18 22:30:44.245926,WALLET,SUCCESS,,0,True,False,False,,
TX04705,C0267,1685.69,2026-08-25 20:36:44.245926,UPI,SUCCESS,,0,True,False,False,,
TX04706,C0692,8525.5,2026-06-10 12:01:44.245926,UPI,SUCCESS,,0,True,False,False,,
TX04707,C0188,4234.96,2026-07-13 03:48:44.245926,NETBANKING,SUCCESS,,0,True,False,False,,
TX04708,C0323,13074.4,2026-06-04 20:04:44.245926,UPI,SUCCESS,,0,True,False,False,,
TX04709,C0722,394.96,2026-08-15 05:36:44.245926,CARD,SUCCESS,,0,True,False,False,,
TX04710,C0975,13543.97,2026-07-16 11:59:44.245926,UPI,SUCCESS,,0,True,True,False,,
TX04711,C0599,6620.96,2026-07-25 10:24:44.245926,NETBANKING,SUCCESS,,0,True,False,False,,
TX04712,C0079,4954.84,2026-08-01 12:21:44.245926,NETBANKING,SUCCESS,,0,True,False,False,,
TX04713,C0538,1200.08,2026-07-03 13:35:44.245926,UPI,SUCCESS,,0,True,True,False,,
TX04714,C0336,14167.8,2026-07-13 06:19:44.245926,WALLET,SUCCESS,,0,True,True,False,,
TX04715,C0938,12115.74,2026-07-16 23:06:44.245926,NETBANKING,SUCCESS,,0,True,False,False,,
TX04716,C0511,412.51,2026-08-26 19:55:44.245926,NETBANKING,FAILED,BANK_DECLINE,1,True,True,True,0.45000000000000007,False
TX04717,C0124,12481.18,2026-07-25 00:20:44.245926,CARD,SUCCESS,,0,True,False,False,,
TX04718,C0860,14266.93,2026-08-15 15:48:44.245926,CARD,FAILED,BANK_DECLINE,1,False,True,True,0.45000000000000007,False
TX04719,C0672,7668.56,2026-06-17 04:58:44.245926,CARD,FAILED,TIMEOUT,2,True,False,True,0.6499999999999999,False
TX04720,C0873,11769.42,2026-06-10 00:59:44.245926,CARD,SUCCESS,,0,True,True,False,,
TX04721,C0364,2452.47,2026-06-08 19:39:44.245926,CARD,FAILED,EXPIRED_CARD,2,False,False,True,0.01,False
TX04722,C0177,3484.11,2026-08-05 03:22:44.245926,CARD,SUCCESS,,0,True,False,False,,
TX04723,C0291,9982.11,2026-08-20 16:50:44.245926,WALLET,SUCCESS,,0,True,False,False,,
TX04724,C0045,14786.2,2026-06-12 23:53:44.245926,CARD,SUCCESS,,0,True,False,False,,
TX04725,C0005,11820.44,2026-08-25 15:57:44.245926,CARD,FAILED,TIMEOUT,0,True,False,True,0.85,True
TX04726,C0074,10733.72,2026-07-13 23:52:44.245926,CARD,SUCCESS,,0,True,False,False,,
TX04727,C0481,11614.08,2026-07-11 11:10:44.245926,UPI,SUCCESS,,0,True,False,False,,
TX04728,C0901,10934.41,2026-07-08 19:37:44.245926,WALLET,SUCCESS,,0,True,False,False,,
TX04729,C0512,4527.31,2026-06-28 15:48:44.245926,UPI,SUCCESS,,0,True,True,False,,
TX04730,C0541,5689.69,2026-06-19 03:26:44.245926,CARD,SUCCESS,,0,True,False,False,,
TX04731,C0482,14191.15,2026-09-02 05:32:44.245926,CARD,FAILED,INSUFFICIENT_FUNDS,2,True,False,True,0.25,True
TX04732,C0364,10510.0,2026-06-16 00:31:44.245926,CARD,SUCCESS,,0,True,False,False,,
TX04733,C0109,11475.51,2026-06-26 15:26:44.245926,NETBANKING,SUCCESS,,0,True,False,False,,
TX04734,C0541,7042.22,2026-07-07 09:08:44.245926,CARD,SUCCESS,,0,True,False,False,,
TX04735,C0603,3875.73,2026-06-09 00:03:44.245926,CARD,SUCCESS,,0,True,False,False,,
TX04736,C0981,11892.29,2026-07-27 20:26:44.245926,NETBANKING,SUCCESS,,0,True,True,False,,
TX04737,C0701,5132.67,2026-08-11 06:38:44.245926,WALLET,FAILED,INSUFFICIENT_FUNDS,0,True,False,True,0.33,False
TX04738,C0105,751.73,2026-06-07 10:06:44.245926,WALLET,SUCCESS,,0,True,True,False,,
TX04739,C0231,8705.76,2026-06-23 11:06:44.245926,WALLET,SUCCESS,,0,True,False,False,,
TX04740,C0717,13673.11,2026-07-28 20:45:44.245926,WALLET,FAILED,BANK_DECLINE,2,False,False,True,0.23000000000000004,True
TX04741,C0384,10791.83,2026-07-07 01:05:44.245926,NETBANKING,SUCCESS,,0,True,False,False,,
TX04742,C0917,3047.3,2026-06-30 06:24:44.245926,CARD,SUCCESS,,0,True,False,False,,
TX04743,C0410,1641.96,2026-06-27 09:30:44.245926,WALLET,SUCCESS,,0,True,False,False,,
TX04744,C0805,10749.94,2026-08-27 13:28:44.245926,UPI,FAILED,TIMEOUT,2,True,False,True,0.73,True
TX04745,C0603,637.3,2026-06-23 08:20:44.245926,CARD,FAILED,NETWORK_ERROR,1,True,False,True,0.68,False
TX04746,C0636,11746.6,2026-06-17 08:51:44.245926,CARD,SUCCESS,,0,True,False,False,,
TX04747,C0026,4178.88,2026-08-24 08:40:44.245926,UPI,SUCCESS,,0,True,False,False,,
TX04748,C0216,10892.88,2026-08-04 09:54:44.245926,UPI,SUCCESS,,0,True,True,False,,
TX04749,C0367,12219.41,2026-08-06 04:16:44.245926,NETBANKING,SUCCESS,,0,True,False,False,,
TX04750,C0049,2376.38,2026-07-24 03:39:44.245926,WALLET,SUCCESS,,0,True,False,False,,
TX04751,C0305,4771.65,2026-08-11 08:57:44.245926,UPI,SUCCESS,,0,True,False,False,,
TX04752,C0822,1564.44,2026-06-06 15:18:44.245926,CARD,SUCCESS,,0,True,False,False,,
TX04753,C0444,3364.53,2026-06-17 11:35:44.245926,NETBANKING,SUCCESS,,0,True,False,False,,
TX04754,C0629,14329.07,2026-06-22 21:57:44.245926,WALLET,SUCCESS,,0,True,False,False,,
TX04755,C0626,10532.29,2026-06-22 11:32:44.245926,NETBANKING,SUCCESS,,0,True,False,False,,
TX04756,C0362,6485.89,2026-08-03 02:32:44.245926,WALLET,SUCCESS,,0,True,False,False,,
TX04757,C0237,10777.69,2026-08-19 05:32:44.245926,NETBANKING,SUCCESS,,0,True,False,False,,
TX04758,C0144,1614.31,2026-06-09 17:51:44.245926,UPI,SUCCESS,,0,True,True,False,,
TX04759,C0392,1070.5,2026-08-18 03:39:44.245926,WALLET,SUCCESS,,0,True,False,False,,
TX04760,C0289,8429.75,2026-07-21 20:54:44.245926,UPI,SUCCESS,,0,True,True,False,,
TX04761,C0632,14125.53,2026-08-21 03:25:44.245926,CARD,SUCCESS,,0,True,False,False,,
TX04762,C0140,2850.31,2026-08-02 00:51:44.245926,CARD,FAILED,FRAUD_SUSPECTED,0,True,True,False,0.11,False
TX04763,C0156,14166.88,2026-08-12 06:11:44.245926,WALLET,SUCCESS,,0,True,True,False,,
TX04764,C0925,9438.07,2026-06-25 09:22:44.245926,UPI,SUCCESS,,0,True,True,False,,
TX04765,C0394,3543.19,2026-07-14 19:29:44.245926,CARD,SUCCESS,,0,True,False,False,,
TX04766,C0503,11623.62,2026-07-10 07:11:44.245926,CARD,SUCCESS,,0,True,True,False,,
TX04767,C0668,663.57,2026-08-15 05:59:44.245926,CARD,FAILED,EXPIRED_CARD,0,False,False,True,0.08000000000000002,False
TX04768,C0567,12839.83,2026-08-22 04:46:44.245926,CARD,SUCCESS,,0,True,False,False,,
TX04769,C0965,7045.3,2026-08-06 22:11:44.245926,UPI,SUCCESS,,0,True,False,False,,
TX04770,C0792,12748.02,2026-08-22 19:11:44.245926,WALLET,FAILED,TIMEOUT,2,True,False,True,0.53,False
TX04771,C0752,14698.33,2026-08-05 10:05:44.245926,UPI,SUCCESS,,0,True,False,False,,
TX04772,C0687,11762.4,2026-06-26 16:49:44.245926,NETBANKING,SUCCESS,,0,True,True,False,,
TX04773,C0123,7608.76,2026-06-22 21:42:44.245926,CARD,FAILED,BANK_DECLINE,2,True,True,True,0.23000000000000004,False
TX04774,C0374,2134.44,2026-07-02 12:26:44.245926,WALLET,SUCCESS,,0,True,True,False,,
TX04775,C0853,3721.87,2026-07-11 14:23:44.245926,WALLET,SUCCESS,,0,True,False,False,,
TX04776,C0423,723.09,2026-08-09 18:03:44.245926,UPI,SUCCESS,,0,True,True,False,,
TX04777,C0709,6578.97,2026-08-06 06:11:44.245926,CARD,FAILED,EXPIRED_CARD,2,True,False,True,0.01,False
TX04778,C0916,8277.58,2026-08-30 15:52:44.245926,NETBANKING,SUCCESS,,0,True,True,False,,
TX04779,C0073,6656.9,2026-07-22 07:40:44.245926,NETBANKING,FAILED,EXPIRED_CARD,2,True,False,True,0.01,False
TX04780,C0144,11800.06,2026-06-19 03:24:44.245926,UPI,SUCCESS,,0,True,False,False,,
TX04781,C0942,9004.23,2026-06-21 04:48:44.245926,NETBANKING,SUCCESS,,0,True,False,False,,
TX04782,C0295,7866.43,2026-08-06 08:28:44.245926,WALLET,SUCCESS,,0,True,False,False,,
TX04783,C0182,10410.46,2026-07-15 04:21:44.245926,CARD,SUCCESS,,0,True,False,False,,
TX04784,C0810,6109.05,2026-08-17 19:29:44.245926,WALLET,SUCCESS,,0,True,False,False,,
TX04785,C0730,13776.62,2026-07-29 06:16:44.245926,CARD,SUCCESS,,0,True,False,False,,
TX04786,C0138,14521.6,2026-06-04 12:09:44.245926,UPI,FAILED,BANK_DECLINE,2,True,False,True,0.23000000000000004,False
TX04787,C0449,5054.85,2026-07-31 02:31:44.245926,NETBANKING,SUCCESS,,0,True,False,False,,
TX04788,C0366,6677.36,2026-09-01 03:34:44.245926,UPI,SUCCESS,,0,True,False,False,,
TX04789,C0811,4656.87,2026-07-24 10:05:44.245926,UPI,SUCCESS,,0,True,False,False,,
TX04790,C0986,5729.56,2026-08-10 23:43:44.245926,CARD,FAILED,BANK_DECLINE,1,True,False,True,0.33000000000000007,True
TX04791,C0558,2134.54,2026-07-14 13:39:44.245926,CARD,FAILED,NETWORK_ERROR,1,True,True,True,0.8,True
TX04792,C0141,12397.58,2026-07-28 04:03:44.245926,WALLET,SUCCESS,,0,True,False,False,,
TX04793,C0787,13050.82,2026-07-06 09:16:44.245926,UPI,SUCCESS,,0,True,False,False,,
TX04794,C0953,6788.6,2026-08-02 10:53:44.245926,NETBANKING,SUCCESS,,0,True,True,False,,
TX04795,C0840,8026.06,2026-06-08 00:42:44.245926,CARD,FAILED,NETWORK_ERROR,2,True,False,True,0.78,True
TX04796,C0384,4265.61,2026-08-07 12:36:44.245926,NETBANKING,SUCCESS,,0,True,False,False,,
TX04797,C0975,6873.92,2026-08-19 11:21:44.245926,UPI,SUCCESS,,0,True,False,False,,
TX04798,C0297,7106.92,2026-06-08 23:27:44.245926,NETBANKING,SUCCESS,,0,True,False,False,,
TX04799,C0724,11676.94,2026-07-28 02:47:44.245926,UPI,SUCCESS,,0,True,True,False,,
TX04800,C0046,11046.97,2026-06-18 02:12:44.245926,UPI,SUCCESS,,0,True,False,False,,
TX04801,C0826,9763.07,2026-07-10 01:45:44.245926,CARD,SUCCESS,,0,True,False,False,,
TX04802,C0786,4345.98,2026-07-26 11:24:44.245926,CARD,SUCCESS,,0,True,False,False,,
TX04803,C0525,10025.04,2026-07-29 02:59:44.245926,UPI,SUCCESS,,0,True,False,False,,
TX04804,C0520,2682.15,2026-08-20 21:40:44.245926,CARD,FAILED,NETWORK_ERROR,2,True,False,True,0.78,True
TX04805,C0347,13330.6,2026-06-05 16:28:44.245926,NETBANKING,SUCCESS,,0,True,False,False,,
TX04806,C0109,3174.81,2026-08-29 01:03:44.245926,NETBANKING,SUCCESS,,0,True,True,False,,
TX04807,C0488,2839.59,2026-07-09 11:29:44.245926,WALLET,SUCCESS,,0,True,False,False,,
TX04808,C0932,4115.57,2026-08-16 17:04:44.245926,UPI,SUCCESS,,0,True,False,False,,
TX04809,C0387,7202.73,2026-08-15 14:09:44.245926,WALLET,SUCCESS,,0,True,False,False,,
TX04810,C0286,665.77,2026-08-17 01:54:44.245926,CARD,SUCCESS,,0,True,False,False,,
TX04811,C0821,10448.58,2026-08-16 21:04:44.245926,WALLET,SUCCESS,,0,True,False,False,,
TX04812,C0877,6048.12,2026-08-03 19:46:44.245926,NETBANKING,SUCCESS,,0,True,False,False,,
TX04813,C0047,6297.7,2026-08-14 04:00:44.245926,UPI,SUCCESS,,0,True,False,False,,
TX04814,C0499,10889.31,2026-07-23 20:20:44.245926,NETBANKING,SUCCESS,,0,True,False,False,,
TX04815,C0175,5619.74,2026-07-02 02:37:44.245926,NETBANKING,FAILED,TIMEOUT,1,True,True,True,0.63,True
TX04816,C0643,6608.32,2026-07-24 09:55:44.245926,UPI,SUCCESS,,0,True,False,False,,
TX04817,C0340,6456.85,2026-08-27 20:47:44.245926,CARD,SUCCESS,,0,True,False,False,,
TX04818,C0843,11288.81,2026-06-28 19:24:44.245926,CARD,SUCCESS,,0,True,False,False,,
TX04819,C0479,8555.0,2026-08-21 08:58:44.245926,NETBANKING,SUCCESS,,0,True,True,False,,
TX04820,C0260,5491.65,2026-07-24 05:41:44.245926,NETBANKING,FAILED,FRAUD_SUSPECTED,2,True,False,False,0.01,False
TX04821,C0290,6057.06,2026-07-01 17:25:44.245926,WALLET,SUCCESS,,0,True,False,False,,
TX04822,C0271,730.69,2026-08-03 19:01:44.245926,WALLET,SUCCESS,,0,True,False,False,,
TX04823,C0137,8010.52,2026-06-04 20:40:44.245926,UPI,SUCCESS,,0,True,False,False,,
TX04824,C0350,4573.7,2026-06-18 22:10:44.245926,UPI,FAILED,INSUFFICIENT_FUNDS,2,True,False,True,0.25,False
TX04825,C0564,9837.77,2026-07-01 19:43:44.245926,WALLET,FAILED,NETWORK_ERROR,2,True,False,True,0.5800000000000001,False
TX04826,C0715,5533.66,2026-08-12 21:49:44.245926,CARD,SUCCESS,,0,True,False,False,,
TX04827,C0918,12055.74,2026-07-07 07:41:44.245926,CARD,SUCCESS,,0,True,False,False,,
TX04828,C0478,2870.57,2026-06-28 22:37:44.245926,NETBANKING,SUCCESS,,0,True,False,False,,
TX04829,C0641,12394.16,2026-06-09 02:23:44.245926,WALLET,SUCCESS,,0,True,False,False,,
TX04830,C0636,13791.16,2026-08-12 10:54:44.245926,CARD,SUCCESS,,0,True,False,False,,
TX04831,C0181,971.47,2026-07-16 23:49:44.245926,UPI,SUCCESS,,0,True,False,False,,
TX04832,C0210,7503.33,2026-06-17 08:37:44.245926,UPI,FAILED,EXPIRED_CARD,2,True,False,True,0.01,False
TX04833,C0414,14551.56,2026-06-04 21:08:44.245926,NETBANKING,SUCCESS,,0,True,True,False,,
TX04834,C0321,1232.5,2026-06-16 23:30:44.245926,UPI,FAILED,TIMEOUT,1,True,True,True,0.83,True
TX04835,C0154,371.52,2026-07-05 17:03:44.245926,NETBANKING,SUCCESS,,0,True,True,False,,
TX04836,C0817,8566.21,2026-07-02 19:29:44.245926,UPI,SUCCESS,,0,True,True,False,,
TX04837,C0995,1251.53,2026-08-26 04:06:44.245926,CARD,SUCCESS,,0,True,False,False,,
TX04838,C0467,10351.57,2026-08-04 15:25:44.245926,NETBANKING,SUCCESS,,0,True,False,False,,
TX04839,C0521,11333.77,2026-07-30 22:03:44.245926,NETBANKING,SUCCESS,,0,True,False,False,,
TX04840,C0352,3064.93,2026-08-16 00:49:44.245926,UPI,SUCCESS,,0,True,False,False,,
TX04841,C0687,1941.63,2026-06-26 04:47:44.245926,NETBANKING,FAILED,INSUFFICIENT_FUNDS,2,True,True,True,0.25,False
TX04842,C0265,13308.31,2026-08-17 19:41:44.245926,WALLET,SUCCESS,,0,True,False,False,,
TX04843,C0348,12655.24,2026-07-09 01:28:44.245926,NETBANKING,SUCCESS,,0,True,False,False,,
TX04844,C0318,5356.01,2026-08-06 10:09:44.245926,WALLET,SUCCESS,,0,True,True,False,,
TX04845,C0479,3584.63,2026-06-21 23:04:44.245926,NETBANKING,SUCCESS,,0,True,False,False,,
TX04846,C0472,5423.86,2026-07-05 14:16:44.245926,NETBANKING,SUCCESS,,0,True,False,False,,
TX04847,C0820,11422.01,2026-09-01 08:32:44.245926,NETBANKING,SUCCESS,,0,True,True,False,,
TX04848,C0550,13660.2,2026-06-11 19:14:44.245926,UPI,SUCCESS,,0,True,False,False,,
TX04849,C0017,1452.37,2026-08-04 00:37:44.245926,CARD,SUCCESS,,0,True,False,False,,
TX04850,C0687,12483.32,2026-07-02 21:42:44.245926,NETBANKING,SUCCESS,,0,True,False,False,,
TX04851,C0312,6970.21,2026-06-07 06:57:44.245926,NETBANKING,SUCCESS,,0,True,False,False,,
TX04852,C0014,7266.42,2026-07-23 22:40:44.245926,UPI,SUCCESS,,0,True,False,False,,
TX04853,C0023,3237.01,2026-07-14 16:49:44.245926,WALLET,SUCCESS,,0,True,False,False,,
TX04854,C0251,12698.58,2026-08-20 10:29:44.245926,NETBANKING,SUCCESS,,0,True,True,False,,
TX04855,C0509,7291.73,2026-08-31 03:05:44.245926,CARD,SUCCESS,,0,True,False,False,,
TX04856,C0335,13081.47,2026-06-19 15:01:44.245926,NETBANKING,FAILED,INSUFFICIENT_FUNDS,1,False,False,True,0.23,True
TX04857,C0259,8028.07,2026-07-20 23:20:44.245926,WALLET,SUCCESS,,0,True,False,False,,
TX04858,C0862,6066.15,2026-06-05 17:31:44.245926,NETBANKING,SUCCESS,,0,True,False,False,,
TX04859,C0458,6531.28,2026-06-25 17:57:44.245926,CARD,FAILED,NETWORK_ERROR,1,True,True,True,0.88,True
TX04860,C0736,5239.6,2026-06-11 03:48:44.245926,WALLET,FAILED,TIMEOUT,1,False,True,True,0.63,True
TX04861,C0834,9348.52,2026-07-28 03:56:44.245926,UPI,SUCCESS,,0,True,False,False,,
TX04862,C0732,2138.13,2026-08-05 02:00:44.245926,NETBANKING,FAILED,INSUFFICIENT_FUNDS,1,True,True,True,0.35,False
TX04863,C0796,11480.66,2026-06-29 23:13:44.245926,UPI,SUCCESS,,0,True,False,False,,
TX04864,C0078,8105.93,2026-07-25 01:24:44.245926,CARD,FAILED,BANK_DECLINE,0,True,False,True,0.55,True
TX04865,C0379,9858.13,2026-06-09 15:36:44.245926,NETBANKING,FAILED,NETWORK_ERROR,2,True,False,True,0.5800000000000001,True
TX04866,C0780,2427.87,2026-06-20 10:30:44.245926,CARD,FAILED,INSUFFICIENT_FUNDS,0,True,False,True,0.33,True
TX04867,C0535,6790.98,2026-07-16 21:53:44.245926,UPI,SUCCESS,,0,True,True,False,,
TX04868,C0703,1919.93,2026-07-04 14:16:44.245926,WALLET,SUCCESS,,0,True,False,False,,
TX04869,C0782,4492.99,2026-06-27 23:57:44.245926,NETBANKING,SUCCESS,,0,True,True,False,,
TX04870,C0405,12807.34,2026-06-22 22:24:44.245926,CARD,SUCCESS,,0,True,False,False,,
TX04871,C0292,13279.11,2026-07-08 08:26:44.245926,WALLET,SUCCESS,,0,True,True,False,,
TX04872,C0353,13333.0,2026-08-05 20:33:44.245926,NETBANKING,SUCCESS,,0,True,False,False,,
TX04873,C0511,14725.44,2026-07-18 11:34:44.245926,NETBANKING,SUCCESS,,0,True,False,False,,
TX04874,C0011,1875.89,2026-06-05 21:11:44.245926,NETBANKING,SUCCESS,,0,True,False,False,,
TX04875,C0986,1985.98,2026-08-04 17:11:44.245926,CARD,FAILED,FRAUD_SUSPECTED,2,True,False,False,0.01,False
TX04876,C0067,13672.62,2026-06-23 21:21:44.245926,UPI,FAILED,EXPIRED_CARD,2,True,False,True,0.01,False
TX04877,C0995,1087.56,2026-07-20 06:25:44.245926,CARD,SUCCESS,,0,True,False,False,,
TX04878,C0101,2587.61,2026-06-13 08:39:44.245926,CARD,FAILED,BANK_DECLINE,0,True,False,True,0.55,False
TX04879,C0347,10287.14,2026-07-14 01:16:44.245926,NETBANKING,SUCCESS,,0,True,False,False,,
TX04880,C0747,695.5,2026-06-16 21:45:44.245926,UPI,SUCCESS,,0,True,False,False,,
TX04881,C0395,7463.66,2026-07-14 16:24:44.245926,CARD,SUCCESS,,0,True,False,False,,
TX04882,C0047,9044.4,2026-07-30 18:21:44.245926,UPI,SUCCESS,,0,True,False,False,,
TX04883,C0756,12991.81,2026-06-09 14:03:44.245926,UPI,SUCCESS,,0,True,False,False,,
TX04884,C0738,452.18,2026-09-02 09:25:44.245926,CARD,SUCCESS,,0,True,True,False,,
TX04885,C0975,9799.17,2026-08-11 00:29:44.245926,UPI,SUCCESS,,0,True,False,False,,
TX04886,C0791,7567.2,2026-07-30 05:37:44.245926,WALLET,SUCCESS,,0,True,True,False,,
TX04887,C0457,14119.94,2026-08-01 12:18:44.245926,NETBANKING,SUCCESS,,0,True,False,False,,
TX04888,C0319,9038.35,2026-07-20 05:30:44.245926,NETBANKING,SUCCESS,,0,True,False,False,,
TX04889,C0596,994.29,2026-08-02 11:30:44.245926,UPI,SUCCESS,,0,True,False,False,,
TX04890,C0216,9187.43,2026-08-08 20:59:44.245926,UPI,SUCCESS,,0,True,False,False,,
TX04891,C0129,10367.21,2026-07-16 05:54:44.245926,NETBANKING,SUCCESS,,0,True,False,False,,
TX04892,C0053,1311.47,2026-08-08 03:51:44.245926,UPI,SUCCESS,,0,True,False,False,,
TX04893,C0802,6532.27,2026-07-20 09:50:44.245926,UPI,SUCCESS,,0,True,True,False,,
TX04894,C0172,3880.73,2026-07-24 10:59:44.245926,UPI,SUCCESS,,0,True,False,False,,
TX04895,C0065,1353.56,2026-08-22 18:10:44.245926,CARD,SUCCESS,,0,True,False,False,,
TX04896,C0609,3895.14,2026-07-08 14:31:44.245926,WALLET,SUCCESS,,0,True,True,False,,
TX04897,C0221,2647.34,2026-06-04 17:03:44.245926,WALLET,SUCCESS,,0,True,True,False,,
TX04898,C0815,8339.5,2026-07-07 08:44:44.245926,CARD,SUCCESS,,0,True,False,False,,
TX04899,C0029,11632.94,2026-08-10 19:44:44.245926,UPI,SUCCESS,,0,True,True,False,,
TX04900,C0430,13257.81,2026-08-04 14:56:44.245926,UPI,SUCCESS,,0,True,False,False,,
TX04901,C0364,11762.11,2026-07-11 20:41:44.245926,CARD,SUCCESS,,0,True,True,False,,
TX04902,C0087,3792.12,2026-07-25 21:41:44.245926,UPI,FAILED,INSUFFICIENT_FUNDS,2,True,False,True,0.13,False
TX04903,C0663,5891.52,2026-06-05 14:16:44.245926,NETBANKING,SUCCESS,,0,True,False,False,,
TX04904,C0174,10684.53,2026-08-02 10:17:44.245926,NETBANKING,SUCCESS,,0,True,False,False,,
TX04905,C0145,978.74,2026-06-06 13:13:44.245926,UPI,SUCCESS,,0,True,False,False,,
TX04906,C0375,10571.62,2026-06-13 12:31:44.245926,WALLET,SUCCESS,,0,True,False,False,,
TX04907,C0249,13725.87,2026-07-16 00:28:44.245926,CARD,FAILED,NETWORK_ERROR,0,True,False,True,0.9,True
TX04908,C0597,10167.99,2026-08-19 17:12:44.245926,WALLET,SUCCESS,,0,True,False,False,,
TX04909,C0932,3485.37,2026-06-05 00:42:44.245926,UPI,SUCCESS,,0,True,False,False,,
TX04910,C0728,1918.9,2026-08-14 12:58:44.245926,NETBANKING,SUCCESS,,0,True,False,False,,
TX04911,C0878,4193.02,2026-08-01 22:25:44.245926,UPI,SUCCESS,,0,True,False,False,,
TX04912,C0454,5641.52,2026-07-29 13:26:44.245926,NETBANKING,SUCCESS,,0,True,False,False,,
TX04913,C0730,5358.52,2026-07-09 21:31:44.245926,CARD,SUCCESS,,0,True,False,False,,
TX04914,C0688,6966.74,2026-07-19 19:42:44.245926,CARD,FAILED,NETWORK_ERROR,1,True,True,True,0.68,False
TX04915,C0288,7665.08,2026-07-12 05:51:44.245926,NETBANKING,SUCCESS,,0,True,False,False,,
TX04916,C0950,3835.61,2026-07-06 16:49:44.245926,NETBANKING,FAILED,TIMEOUT,0,True,False,True,0.73,False
TX04917,C0342,8295.37,2026-08-29 00:02:44.245926,WALLET,SUCCESS,,0,True,True,False,,
TX04918,C0128,3349.86,2026-06-13 09:44:44.245926,CARD,SUCCESS,,0,True,True,False,,
TX04919,C0278,8013.87,2026-08-11 11:29:44.245926,WALLET,SUCCESS,,0,True,False,False,,
TX04920,C0557,2738.34,2026-06-17 04:03:44.245926,CARD,FAILED,NETWORK_ERROR,2,False,False,True,0.78,True
TX04921,C0939,1312.06,2026-07-01 11:45:44.245926,UPI,SUCCESS,,0,True,False,False,,
TX04922,C0363,2885.86,2026-07-13 01:29:44.245926,NETBANKING,SUCCESS,,0,True,True,False,,
TX04923,C0343,4663.8,2026-08-05 08:06:44.245926,WALLET,SUCCESS,,0,True,True,False,,
TX04924,C0848,6416.61,2026-06-13 06:03:44.245926,NETBANKING,FAILED,INSUFFICIENT_FUNDS,0,True,True,True,0.45,True
TX04925,C0747,1956.61,2026-07-10 13:28:44.245926,UPI,SUCCESS,,0,True,False,False,,
TX04926,C0046,3345.97,2026-08-27 11:11:44.245926,UPI,SUCCESS,,0,True,False,False,,
TX04927,C0077,12673.27,2026-07-09 18:56:44.245926,UPI,SUCCESS,,0,True,False,False,,
TX04928,C0386,8611.04,2026-07-28 10:27:44.245926,NETBANKING,SUCCESS,,0,True,False,False,,
TX04929,C0924,621.16,2026-07-08 19:08:44.245926,UPI,SUCCESS,,0,True,False,False,,
TX04930,C0925,3700.5,2026-06-07 00:31:44.245926,UPI,SUCCESS,,0,True,False,False,,
TX04931,C0516,10338.8,2026-08-27 05:37:44.245926,CARD,SUCCESS,,0,True,False,False,,
TX04932,C0341,3637.09,2026-08-20 04:06:44.245926,CARD,SUCCESS,,0,True,True,False,,
TX04933,C0307,14640.28,2026-08-11 10:08:44.245926,NETBANKING,SUCCESS,,0,True,False,False,,
TX04934,C0231,10692.12,2026-08-29 17:42:44.245926,WALLET,FAILED,BANK_DECLINE,2,True,True,True,0.23000000000000004,False
TX04935,C0820,3578.9,2026-06-10 07:23:44.245926,NETBANKING,SUCCESS,,0,True,True,False,,
TX04936,C0627,5843.67,2026-08-28 16:48:44.245926,CARD,SUCCESS,,0,True,False,False,,
TX04937,C0374,1504.75,2026-07-15 13:21:44.245926,WALLET,SUCCESS,,0,True,True,False,,
TX04938,C0597,4427.26,2026-06-15 17:44:44.245926,WALLET,SUCCESS,,0,True,False,False,,
TX04939,C0413,8186.16,2026-07-15 01:44:44.245926,CARD,SUCCESS,,0,True,False,False,,
TX04940,C0083,14206.2,2026-08-02 19:00:44.245926,WALLET,SUCCESS,,0,True,True,False,,
TX04941,C0043,5219.59,2026-07-15 05:47:44.245926,NETBANKING,FAILED,BANK_DECLINE,2,True,False,True,0.35000000000000003,False
TX04942,C0761,7312.85,2026-06-30 08:58:44.245926,WALLET,FAILED,BANK_DECLINE,1,True,True,True,0.45000000000000007,True
TX04943,C0581,1864.9,2026-06-15 18:05:44.245926,NETBANKING,FAILED,NETWORK_ERROR,2,False,False,True,0.7,False
TX04944,C0535,11145.21,2026-07-24 18:29:44.245926,UPI,SUCCESS,,0,True,False,False,,
TX04945,C0267,14925.04,2026-08-24 13:56:44.245926,UPI,SUCCESS,,0,True,False,False,,
TX04946,C0655,7539.99,2026-07-31 22:57:44.245926,NETBANKING,SUCCESS,,0,True,False,False,,
TX04947,C0615,13019.28,2026-07-02 23:16:44.245926,WALLET,FAILED,TIMEOUT,0,True,False,True,0.85,True
TX04948,C0552,7076.68,2026-08-30 09:05:44.245926,UPI,SUCCESS,,0,True,False,False,,
TX04949,C0693,12324.25,2026-08-11 05:49:44.245926,UPI,SUCCESS,,0,True,False,False,,
TX04950,C0396,6452.72,2026-07-02 05:09:44.245926,UPI,SUCCESS,,0,True,False,False,,
TX04951,C0847,13733.68,2026-07-20 14:29:44.245926,NETBANKING,SUCCESS,,0,True,True,False,,
TX04952,C0890,13407.06,2026-07-22 06:46:44.245926,NETBANKING,SUCCESS,,0,True,False,False,,
TX04953,C0974,9829.57,2026-08-24 04:29:44.245926,UPI,FAILED,BANK_DECLINE,1,True,False,True,0.33000000000000007,False
TX04954,C0255,3345.57,2026-08-18 09:12:44.245926,NETBANKING,SUCCESS,,0,True,True,False,,
TX04955,C0608,14869.29,2026-07-06 03:01:44.245926,UPI,SUCCESS,,0,True,True,False,,
TX04956,C0428,2824.59,2026-07-09 20:30:44.245926,WALLET,FAILED,NETWORK_ERROR,2,True,False,True,0.5800000000000001,False
TX04957,C0368,7212.03,2026-08-21 19:31:44.245926,CARD,SUCCESS,,0,True,False,False,,
TX04958,C0543,838.48,2026-08-20 14:54:44.245926,WALLET,SUCCESS,,0,True,True,False,,
TX04959,C0158,12571.47,2026-06-26 12:48:44.245926,WALLET,SUCCESS,,0,True,False,False,,
TX04960,C0241,5551.68,2026-07-01 08:59:44.245926,NETBANKING,SUCCESS,,0,True,False,False,,
TX04961,C0082,7701.78,2026-07-05 13:14:44.245926,NETBANKING,SUCCESS,,0,True,False,False,,
TX04962,C0595,12358.83,2026-06-25 18:46:44.245926,CARD,FAILED,INSUFFICIENT_FUNDS,2,True,True,True,0.25,False
TX04963,C0813,14988.1,2026-06-24 06:32:44.245926,CARD,SUCCESS,,0,True,False,False,,
TX04964,C0573,13688.41,2026-08-14 04:29:44.245926,CARD,SUCCESS,,0,True,False,False,,
TX04965,C0918,6737.8,2026-06-29 05:35:44.245926,CARD,SUCCESS,,0,True,True,False,,
TX04966,C0117,11174.57,2026-07-03 19:34:44.245926,UPI,SUCCESS,,0,True,False,False,,
TX04967,C0764,9551.45,2026-08-20 04:20:44.245926,NETBANKING,FAILED,FRAUD_SUSPECTED,1,True,False,False,0.01,False
TX04968,C0998,1862.52,2026-08-07 10:52:44.245926,CARD,FAILED,FRAUD_SUSPECTED,2,True,True,False,0.01,False
TX04969,C0410,3729.08,2026-07-28 21:32:44.245926,WALLET,SUCCESS,,0,True,False,False,,
TX04970,C0045,12424.77,2026-08-09 06:49:44.245926,CARD,SUCCESS,,0,True,False,False,,
TX04971,C0317,3736.19,2026-07-03 00:31:44.245926,UPI,SUCCESS,,0,True,False,False,,
TX04972,C0301,9165.68,2026-06-05 05:38:44.245926,CARD,FAILED,EXPIRED_CARD,1,True,False,True,0.01,False
TX04973,C0674,9439.91,2026-08-02 15:58:44.245926,NETBANKING,SUCCESS,,0,True,False,False,,
TX04974,C0618,4796.05,2026-08-23 17:17:44.245926,CARD,SUCCESS,,0,True,False,False,,
TX04975,C0800,2293.49,2026-06-29 17:02:44.245926,NETBANKING,SUCCESS,,0,True,False,False,,
TX04976,C0680,14783.49,2026-07-30 02:02:44.245926,WALLET,SUCCESS,,0,True,False,False,,
TX04977,C0161,1881.88,2026-07-18 10:48:44.245926,WALLET,SUCCESS,,0,True,False,False,,
TX04978,C0427,5130.74,2026-08-29 12:36:44.245926,CARD,SUCCESS,,0,True,False,False,,
TX04979,C0351,6186.76,2026-06-10 07:18:44.245926,CARD,SUCCESS,,0,True,True,False,,
TX04980,C0330,14455.97,2026-07-17 06:26:44.245926,UPI,SUCCESS,,0,True,True,False,,
TX04981,C0811,723.11,2026-08-06 11:16:44.245926,UPI,SUCCESS,,0,True,True,False,,
TX04982,C0736,3627.53,2026-07-01 04:21:44.245926,WALLET,SUCCESS,,0,True,False,False,,
TX04983,C0334,2949.82,2026-06-16 12:21:44.245926,CARD,SUCCESS,,0,True,False,False,,
TX04984,C0153,11104.14,2026-08-29 11:16:44.245926,NETBANKING,SUCCESS,,0,True,False,False,,
TX04985,C0999,8020.6,2026-08-15 12:38:44.245926,NETBANKING,SUCCESS,,0,True,False,False,,
TX04986,C0060,12197.86,2026-07-11 22:15:44.245926,NETBANKING,SUCCESS,,0,True,False,False,,
TX04987,C0819,11082.74,2026-07-13 22:30:44.245926,WALLET,SUCCESS,,0,True,False,False,,
TX04988,C0337,1683.92,2026-07-23 23:40:44.245926,NETBANKING,FAILED,NETWORK_ERROR,1,True,False,True,0.8,True
TX04989,C0666,12839.2,2026-06-18 13:56:44.245926,NETBANKING,SUCCESS,,0,True,False,False,,
TX04990,C0559,2612.93,2026-06-29 21:17:44.245926,UPI,SUCCESS,,0,True,True,False,,
TX04991,C0875,5707.48,2026-08-06 22:50:44.245926,UPI,SUCCESS,,0,True,False,False,,
TX04992,C0537,5460.25,2026-08-24 20:37:44.245926,UPI,SUCCESS,,0,True,False,False,,
TX04993,C0602,11116.83,2026-07-13 04:51:44.245926,NETBANKING,SUCCESS,,0,True,False,False,,
TX04994,C0779,6422.97,2026-06-29 09:10:44.245926,NETBANKING,FAILED,NETWORK_ERROR,2,True,False,True,0.7,True
TX04995,C0421,9414.61,2026-06-10 08:34:44.245926,NETBANKING,SUCCESS,,0,True,False,False,,
TX04996,C0989,5002.81,2026-08-19 01:37:44.245926,CARD,SUCCESS,,0,True,False,False,,
TX04997,C0569,5074.38,2026-06-12 22:35:44.245926,CARD,SUCCESS,,0,True,False,False,,
TX04998,C0123,7775.99,2026-08-18 12:09:44.245926,CARD,FAILED,NETWORK_ERROR,0,True,True,True,0.78,False
TX04999,C0066,4979.1,2026-07-03 12:41:44.245926,CARD,SUCCESS,,0,True,False,False,,
TX05000,C0007,8795.24,2026-06-20 09:54:44.245926,NETBANKING,SUCCESS,,0,True,True,False,,
